model,B,N,design_point,capacity_MB,bw_3d_label,bw_3d,bw_l2_label,bw_l2,si_frac,coverage,WS_GB,traffic_GB,base_ms,t0_ms,bw_hbm_eff,M0,M1,M2,bw3d_after_L2_cap,M3_pinned,r_pinned,bw_pinned,M3_cache,r_cache,bw_cache,cache_off_table,M4_LRU,M4_LRU_fill_hidden,M5_pinned_with_si
Llama-3.1-8B,8,2048,C3 1층,1390,"thermal-capped (0.5 pJ/b, 20 W)",5.0,cross-partition,16.8,0.0,0.0761748867303328,18.247483648,17.248532224,4.548842036012049,1.8518487407114286,6.395467224206573,1.0824559601554122,0.9875519757237882,0.9875519757237882,5.0,0.987545581703041,0.9999392078127934,4.999432606252739,0.25326695914241,0.0761748867303328,1.2666666666666666,True,0.25040272566724303,1.0,0.987545581703041
Llama-3.1-8B,8,2048,C3 1층,1390,"thermal-capped (0.5 pJ/b, 20 W)",5.0,nominal,19.0,0.0,0.0761748867303328,18.247483648,17.248532224,4.548842036012049,1.8518487407114286,6.395467224206573,1.0824559601554122,0.9875519757237882,0.9875519757237882,5.0,0.987545581703041,0.9999392078127934,4.999432606252739,0.25326695914241,0.0761748867303328,1.2666666666666666,True,0.25040272566724303,1.0,0.987545581703041
Llama-3.1-8B,8,2048,C3 1층,1390,"thermal-capped (0.5 pJ/b, 20 W)",5.0,local,21.0,0.0,0.0761748867303328,18.247483648,17.248532224,4.548842036012049,1.8518487407114286,6.395467224206573,1.0824559601554122,0.9875519757237882,0.9875519757237882,5.0,0.987545581703041,0.9999392078127934,4.999432606252739,0.25326695914241,0.0761748867303328,1.2666666666666666,True,0.25040272566724303,1.0,0.987545581703041
Llama-3.1-8B,8,2048,C3 1층,1390,read 80% / fill 20%,9.4,cross-partition,16.8,0.0,0.0761748867303328,18.247483648,17.248532224,4.548842036012049,1.8518487407114286,6.395467224206573,1.0824559601554122,1.014647212667967,1.014647212667967,9.4,1.0146436223932895,0.9999392078127934,9.39893329975515,0.39259427371824984,0.0761748867303328,2.381333333333333,True,0.38575443723513503,1.0,1.0146436223932895
Llama-3.1-8B,8,2048,C3 1층,1390,read 80% / fill 20%,9.4,nominal,19.0,0.0,0.0761748867303328,18.247483648,17.248532224,4.548842036012049,1.8518487407114286,6.395467224206573,1.0824559601554122,1.014647212667967,1.014647212667967,9.4,1.0146436223932895,0.9999392078127934,9.39893329975515,0.39259427371824984,0.0761748867303328,2.381333333333333,True,0.38575443723513503,1.0,1.0146436223932895
Llama-3.1-8B,8,2048,C3 1층,1390,read 80% / fill 20%,9.4,local,21.0,0.0,0.0761748867303328,18.247483648,17.248532224,4.548842036012049,1.8518487407114286,6.395467224206573,1.0824559601554122,1.014647212667967,1.014647212667967,9.4,1.0146436223932895,0.9999392078127934,9.39893329975515,0.39259427371824984,0.0761748867303328,2.381333333333333,True,0.38575443723513503,1.0,1.0146436223932895
Llama-3.1-8B,8,2048,C3 1층,1390,read-only,15.0,cross-partition,16.8,0.0,0.0761748867303328,18.247483648,17.248532224,4.548842036012049,1.8518487407114286,6.395467224206573,1.0824559601554122,1.026596635345202,1.026596635345202,15.0,1.026594332130773,0.9999392078127934,14.998297818758216,0.5121135997313168,0.0761748867303328,3.7999999999999994,True,0.5005366793769105,1.0,1.026594332130773
Llama-3.1-8B,8,2048,C3 1층,1390,read-only,15.0,nominal,19.0,0.0,0.0761748867303328,18.247483648,17.248532224,4.548842036012049,1.8518487407114286,6.395467224206573,1.0824559601554122,1.026596635345202,1.026596635345202,15.0,1.026594332130773,0.9999392078127934,14.998297818758216,0.5121135997313168,0.0761748867303328,3.7999999999999994,True,0.5005366793769105,1.0,1.026594332130773
Llama-3.1-8B,8,2048,C3 1층,1390,read-only,15.0,local,21.0,0.0,0.0761748867303328,18.247483648,17.248532224,4.548842036012049,1.8518487407114286,6.395467224206573,1.0824559601554122,1.026596635345202,1.026596635345202,15.0,1.026594332130773,0.9999392078127934,14.998297818758216,0.5121135997313168,0.0761748867303328,3.7999999999999994,True,0.5005366793769105,1.0,1.026594332130773
Llama-3.1-8B,8,2048,C2 1층,2110,"thermal-capped (0.5 pJ/b, 20 W)",5.0,cross-partition,16.8,0.0,0.1156323820151095,18.247483648,17.248532224,4.548842036012049,1.8518487407114286,6.395467224206573,1.130751488027782,0.9812251366508026,0.9812251366508026,5.0,0.9812155546175613,0.9999392078127934,4.999432606252739,0.2547765054384694,0.1156323820151095,1.2666666666666666,True,0.25040272566724303,1.0,0.9812155546175613
Llama-3.1-8B,8,2048,C2 1층,2110,"thermal-capped (0.5 pJ/b, 20 W)",5.0,nominal,19.0,0.0,0.1156323820151095,18.247483648,17.248532224,4.548842036012049,1.8518487407114286,6.395467224206573,1.130751488027782,0.9812251366508026,0.9812251366508026,5.0,0.9812155546175613,0.9999392078127934,4.999432606252739,0.2547765054384694,0.1156323820151095,1.2666666666666666,True,0.25040272566724303,1.0,0.9812155546175613
Llama-3.1-8B,8,2048,C2 1층,2110,"thermal-capped (0.5 pJ/b, 20 W)",5.0,local,21.0,0.0,0.1156323820151095,18.247483648,17.248532224,4.548842036012049,1.8518487407114286,6.395467224206573,1.130751488027782,0.9812251366508026,0.9812251366508026,5.0,0.9812155546175613,0.9999392078127934,4.999432606252739,0.2547765054384694,0.1156323820151095,1.2666666666666666,True,0.25040272566724303,1.0,0.9812155546175613
Llama-3.1-8B,8,2048,C2 1층,2110,read 80% / fill 20%,9.4,cross-partition,16.8,0.0,0.1156323820151095,18.247483648,17.248532224,4.548842036012049,1.8518487407114286,6.395467224206573,1.130751488027782,1.0224042400654827,1.0224042400654827,9.4,1.0223987064412101,0.9999392078127934,9.39893329975515,0.3962334544631104,0.1156323820151095,2.381333333333333,True,0.38575443723513503,1.0,1.0223987064412101
Llama-3.1-8B,8,2048,C2 1층,2110,read 80% / fill 20%,9.4,nominal,19.0,0.0,0.1156323820151095,18.247483648,17.248532224,4.548842036012049,1.8518487407114286,6.395467224206573,1.130751488027782,1.0224042400654827,1.0224042400654827,9.4,1.0223987064412101,0.9999392078127934,9.39893329975515,0.3962334544631104,0.1156323820151095,2.381333333333333,True,0.38575443723513503,1.0,1.0223987064412101
Llama-3.1-8B,8,2048,C2 1층,2110,read 80% / fill 20%,9.4,local,21.0,0.0,0.1156323820151095,18.247483648,17.248532224,4.548842036012049,1.8518487407114286,6.395467224206573,1.130751488027782,1.0224042400654827,1.0224042400654827,9.4,1.0223987064412101,0.9999392078127934,9.39893329975515,0.3962334544631104,0.1156323820151095,2.381333333333333,True,0.38575443723513503,1.0,1.0223987064412101
Llama-3.1-8B,8,2048,C2 1층,2110,read-only,15.0,cross-partition,16.8,0.0,0.1156323820151095,18.247483648,17.248532224,4.548842036012049,1.8518487407114286,6.395467224206573,1.130751488027782,1.040937289477525,1.040937289477525,15.0,1.0409336948742778,0.9999392078127934,14.998297818758216,0.5183233713092557,0.1156323820151095,3.7999999999999994,True,0.5005366793769105,1.0,1.0409336948742778
Llama-3.1-8B,8,2048,C2 1층,2110,read-only,15.0,nominal,19.0,0.0,0.1156323820151095,18.247483648,17.248532224,4.548842036012049,1.8518487407114286,6.395467224206573,1.130751488027782,1.040937289477525,1.040937289477525,15.0,1.0409336948742778,0.9999392078127934,14.998297818758216,0.5183233713092557,0.1156323820151095,3.7999999999999994,True,0.5005366793769105,1.0,1.0409336948742778
Llama-3.1-8B,8,2048,C2 1층,2110,read-only,15.0,local,21.0,0.0,0.1156323820151095,18.247483648,17.248532224,4.548842036012049,1.8518487407114286,6.395467224206573,1.130751488027782,1.040937289477525,1.040937289477525,15.0,1.0409336948742778,0.9999392078127934,14.998297818758216,0.5183233713092557,0.1156323820151095,3.7999999999999994,True,0.5005366793769105,1.0,1.0409336948742778
Llama-3.1-8B,8,2048,C3 2층,2780,"thermal-capped (0.5 pJ/b, 20 W)",5.0,cross-partition,16.8,0.0,0.1523497734606656,18.247483648,17.248532224,4.548842036012049,1.8518487407114286,6.395467224206573,1.1797318855002936,0.9754100477698879,0.9754100477698877,5.0,0.9753975723313874,0.9999392078127934,4.999432606252739,0.25619747591216774,0.1523497734606656,1.2666666666666666,True,0.25040272566724303,1.0,0.9753975723313874
Llama-3.1-8B,8,2048,C3 2층,2780,"thermal-capped (0.5 pJ/b, 20 W)",5.0,nominal,19.0,0.0,0.1523497734606656,18.247483648,17.248532224,4.548842036012049,1.8518487407114286,6.395467224206573,1.1797318855002936,0.9754100477698879,0.9754100477698877,5.0,0.9753975723313874,0.9999392078127934,4.999432606252739,0.25619747591216774,0.1523497734606656,1.2666666666666666,True,0.25040272566724303,1.0,0.9753975723313874
Llama-3.1-8B,8,2048,C3 2층,2780,"thermal-capped (0.5 pJ/b, 20 W)",5.0,local,21.0,0.0,0.1523497734606656,18.247483648,17.248532224,4.548842036012049,1.8518487407114286,6.395467224206573,1.1797318855002936,0.9754100477698879,0.9754100477698877,5.0,0.9753975723313874,0.9999392078127934,4.999432606252739,0.25619747591216774,0.1523497734606656,1.2666666666666666,True,0.25040272566724303,1.0,0.9753975723313874
Llama-3.1-8B,8,2048,C3 2층,2780,read 80% / fill 20%,9.4,cross-partition,16.8,0.0,0.1523497734606656,18.247483648,17.248532224,4.548842036012049,1.8518487407114286,6.395467224206573,1.1797318855002936,1.029729885288347,1.029729885288347,9.4,1.0297224897023693,0.9999392078127934,9.39893329975515,0.3996810437479893,0.1523497734606656,2.381333333333333,True,0.38575443723513503,1.0,1.0297224897023693
Llama-3.1-8B,8,2048,C3 2층,2780,read 80% / fill 20%,9.4,nominal,19.0,0.0,0.1523497734606656,18.247483648,17.248532224,4.548842036012049,1.8518487407114286,6.395467224206573,1.1797318855002936,1.029729885288347,1.029729885288347,9.4,1.0297224897023693,0.9999392078127934,9.39893329975515,0.3996810437479893,0.1523497734606656,2.381333333333333,True,0.38575443723513503,1.0,1.0297224897023693
Llama-3.1-8B,8,2048,C3 2층,2780,read 80% / fill 20%,9.4,local,21.0,0.0,0.1523497734606656,18.247483648,17.248532224,4.548842036012049,1.8518487407114286,6.395467224206573,1.1797318855002936,1.029729885288347,1.029729885288347,9.4,1.0297224897023693,0.9999392078127934,9.39893329975515,0.3996810437479893,0.1523497734606656,2.381333333333333,True,0.38575443723513503,1.0,1.0297224897023693
Llama-3.1-8B,8,2048,C3 2층,2780,read-only,15.0,cross-partition,16.8,0.0,0.1523497734606656,18.247483648,17.248532224,4.548842036012049,1.8518487407114286,6.395467224206573,1.1797318855002936,1.0546466887437447,1.0546466887437445,15.0,1.0546418271613063,0.9999392078127934,14.998297818758216,0.5242387250552291,0.1523497734606656,3.7999999999999994,True,0.5005366793769105,1.0,1.0546418271613063
Llama-3.1-8B,8,2048,C3 2층,2780,read-only,15.0,nominal,19.0,0.0,0.1523497734606656,18.247483648,17.248532224,4.548842036012049,1.8518487407114286,6.395467224206573,1.1797318855002936,1.0546466887437447,1.0546466887437445,15.0,1.0546418271613063,0.9999392078127934,14.998297818758216,0.5242387250552291,0.1523497734606656,3.7999999999999994,True,0.5005366793769105,1.0,1.0546418271613063
Llama-3.1-8B,8,2048,C3 2층,2780,read-only,15.0,local,21.0,0.0,0.1523497734606656,18.247483648,17.248532224,4.548842036012049,1.8518487407114286,6.395467224206573,1.1797318855002936,1.0546466887437447,1.0546466887437445,15.0,1.0546418271613063,0.9999392078127934,14.998297818758216,0.5242387250552291,0.1523497734606656,3.7999999999999994,True,0.5005366793769105,1.0,1.0546418271613063
Llama-3.1-8B,8,2048,C1 1층,2950,"thermal-capped (0.5 pJ/b, 20 W)",5.0,cross-partition,16.8,0.4,0.16166612651401566,18.247483648,17.248532224,4.548842036012049,1.8518487407114286,6.395467224206573,1.1928421737771024,0.9739455238260192,0.9739455238260194,5.0,0.97393232523442,0.9999392078127934,4.999432606252739,0.2565605453276972,0.16166612651401566,1.2666666666666666,True,0.25040272566724303,1.0,0.770316556384391
Llama-3.1-8B,8,2048,C1 1층,2950,"thermal-capped (0.5 pJ/b, 20 W)",5.0,nominal,19.0,0.4,0.16166612651401566,18.247483648,17.248532224,4.548842036012049,1.8518487407114286,6.395467224206573,1.1928421737771024,0.9739455238260192,0.9739455238260194,5.0,0.97393232523442,0.9999392078127934,4.999432606252739,0.2565605453276972,0.16166612651401566,1.2666666666666666,True,0.25040272566724303,1.0,0.770316556384391
Llama-3.1-8B,8,2048,C1 1층,2950,"thermal-capped (0.5 pJ/b, 20 W)",5.0,local,21.0,0.4,0.16166612651401566,18.247483648,17.248532224,4.548842036012049,1.8518487407114286,6.395467224206573,1.1928421737771024,0.9739455238260192,0.9739455238260194,5.0,0.97393232523442,0.9999392078127934,4.999432606252739,0.2565605453276972,0.16166612651401566,1.2666666666666666,True,0.25040272566724303,1.0,0.770316556384391
Llama-3.1-8B,8,2048,C1 1층,2950,read 80% / fill 20%,9.4,cross-partition,16.8,0.4,0.16166612651401566,18.247483648,17.248532224,4.548842036012049,1.8518487407114286,6.395467224206573,1.1928421737771024,1.0316053588591718,1.031605358859172,9.4,1.031597482415742,0.9999392078127934,9.39893329975515,0.40056536874118653,0.16166612651401566,2.381333333333333,True,0.38575443723513503,1.0,0.8059494817897739
Llama-3.1-8B,8,2048,C1 1층,2950,read 80% / fill 20%,9.4,nominal,19.0,0.4,0.16166612651401566,18.247483648,17.248532224,4.548842036012049,1.8518487407114286,6.395467224206573,1.1928421737771024,1.0316053588591718,1.031605358859172,9.4,1.031597482415742,0.9999392078127934,9.39893329975515,0.40056536874118653,0.16166612651401566,2.381333333333333,True,0.38575443723513503,1.0,0.8059494817897739
Llama-3.1-8B,8,2048,C1 1층,2950,read 80% / fill 20%,9.4,local,21.0,0.4,0.16166612651401566,18.247483648,17.248532224,4.548842036012049,1.8518487407114286,6.395467224206573,1.1928421737771024,1.0316053588591718,1.031605358859172,9.4,1.031597482415742,0.9999392078127934,9.39893329975515,0.40056536874118653,0.16166612651401566,2.381333333333333,True,0.38575443723513503,1.0,0.8059494817897739
Llama-3.1-8B,8,2048,C1 1층,2950,read-only,15.0,cross-partition,16.8,0.4,0.16166612651401566,18.247483648,17.248532224,4.548842036012049,1.8518487407114286,6.395467224206573,1.1928421737771024,1.0581828225016539,1.0581828225016539,15.0,1.0581776289772962,0.9999392078127934,14.998297818758216,0.5257611733745347,0.16166612651401566,3.7999999999999994,True,0.5005366793769105,1.0,0.8220823530408496
Llama-3.1-8B,8,2048,C1 1층,2950,read-only,15.0,nominal,19.0,0.4,0.16166612651401566,18.247483648,17.248532224,4.548842036012049,1.8518487407114286,6.395467224206573,1.1928421737771024,1.0581828225016539,1.0581828225016539,15.0,1.0581776289772962,0.9999392078127934,14.998297818758216,0.5257611733745347,0.16166612651401566,3.7999999999999994,True,0.5005366793769105,1.0,0.8220823530408496
Llama-3.1-8B,8,2048,C1 1층,2950,read-only,15.0,local,21.0,0.4,0.16166612651401566,18.247483648,17.248532224,4.548842036012049,1.8518487407114286,6.395467224206573,1.1928421737771024,1.0581828225016539,1.0581828225016539,15.0,1.0581776289772962,0.9999392078127934,14.998297818758216,0.5257611733745347,0.16166612651401566,3.7999999999999994,True,0.5005366793769105,1.0,0.8220823530408496
Llama-3.1-8B,8,2048,C2 2층,4220,"thermal-capped (0.5 pJ/b, 20 W)",5.0,cross-partition,16.8,0.0,0.231264764030219,18.247483648,17.248532224,4.548842036012049,1.8518487407114286,6.395467224206573,1.3008379910392323,0.9631422721061738,0.9631422721061736,5.0,0.9631238080487433,0.9999392078127934,4.999432606252739,0.2593057949560593,0.231264764030219,1.2666666666666666,True,0.25040272566724303,1.0,0.9631238080487433
Llama-3.1-8B,8,2048,C2 2층,4220,"thermal-capped (0.5 pJ/b, 20 W)",5.0,nominal,19.0,0.0,0.231264764030219,18.247483648,17.248532224,4.548842036012049,1.8518487407114286,6.395467224206573,1.3008379910392323,0.9631422721061738,0.9631422721061736,5.0,0.9631238080487433,0.9999392078127934,4.999432606252739,0.2593057949560593,0.231264764030219,1.2666666666666666,True,0.25040272566724303,1.0,0.9631238080487433
Llama-3.1-8B,8,2048,C2 2층,4220,"thermal-capped (0.5 pJ/b, 20 W)",5.0,local,21.0,0.0,0.231264764030219,18.247483648,17.248532224,4.548842036012049,1.8518487407114286,6.395467224206573,1.3008379910392323,0.9631422721061738,0.9631422721061736,5.0,0.9631238080487433,0.9999392078127934,4.999432606252739,0.2593057949560593,0.231264764030219,1.2666666666666666,True,0.25040272566724303,1.0,0.9631238080487433
Llama-3.1-8B,8,2048,C2 2층,4220,read 80% / fill 20%,9.4,cross-partition,16.8,0.0,0.231264764030219,18.247483648,17.248532224,4.548842036012049,1.8518487407114286,6.395467224206573,1.3008379910392323,1.0458353871481265,1.0458353871481265,9.4,1.0458238068807613,0.9999392078127934,9.39893329975515,0.40729769415016454,0.231264764030219,2.381333333333333,True,0.38575443723513503,1.0,1.0458238068807613
Llama-3.1-8B,8,2048,C2 2층,4220,read 80% / fill 20%,9.4,nominal,19.0,0.0,0.231264764030219,18.247483648,17.248532224,4.548842036012049,1.8518487407114286,6.395467224206573,1.3008379910392323,1.0458353871481265,1.0458353871481265,9.4,1.0458238068807613,0.9999392078127934,9.39893329975515,0.40729769415016454,0.231264764030219,2.381333333333333,True,0.38575443723513503,1.0,1.0458238068807613
Llama-3.1-8B,8,2048,C2 2층,4220,read 80% / fill 20%,9.4,local,21.0,0.0,0.231264764030219,18.247483648,17.248532224,4.548842036012049,1.8518487407114286,6.395467224206573,1.3008379910392323,1.0458353871481265,1.0458353871481265,9.4,1.0458238068807613,0.9999392078127934,9.39893329975515,0.40729769415016454,0.231264764030219,2.381333333333333,True,0.38575443723513503,1.0,1.0458238068807613
Llama-3.1-8B,8,2048,C2 2층,4220,read-only,15.0,cross-partition,16.8,0.0,0.231264764030219,18.247483648,17.248532224,4.548842036012049,1.8518487407114286,6.395467224206573,1.3008379910392323,1.085369369548783,1.0853693695487827,15.0,1.0853615535349495,0.9999392078127934,14.998297818758216,0.5374207475217633,0.231264764030219,3.7999999999999994,True,0.5005366793769105,1.0,1.0853615535349495
Llama-3.1-8B,8,2048,C2 2층,4220,read-only,15.0,nominal,19.0,0.0,0.231264764030219,18.247483648,17.248532224,4.548842036012049,1.8518487407114286,6.395467224206573,1.3008379910392323,1.085369369548783,1.0853693695487827,15.0,1.0853615535349495,0.9999392078127934,14.998297818758216,0.5374207475217633,0.231264764030219,3.7999999999999994,True,0.5005366793769105,1.0,1.0853615535349495
Llama-3.1-8B,8,2048,C2 2층,4220,read-only,15.0,local,21.0,0.0,0.231264764030219,18.247483648,17.248532224,4.548842036012049,1.8518487407114286,6.395467224206573,1.3008379910392323,1.085369369548783,1.0853693695487827,15.0,1.0853615535349495,0.9999392078127934,14.998297818758216,0.5374207475217633,0.231264764030219,3.7999999999999994,True,0.5005366793769105,1.0,1.0853615535349495
Llama-3.1-8B,32,8192,C3 1층,1390,"thermal-capped (0.5 pJ/b, 20 W)",5.0,cross-partition,16.8,0.0,0.02754671436983698,50.459738368,49.463932672,9.586065950797519,1.8518487407114286,6.395467224206573,1.028327031001789,0.9938353301078501,0.9938353301078501,5.0,0.9938308850058202,0.999915204801288,4.999208578145355,0.1979631492123703,0.02754671436983698,1.2666666666666666,True,0.1970959719922677,1.0,0.9938308850058202
Llama-3.1-8B,32,8192,C3 1층,1390,"thermal-capped (0.5 pJ/b, 20 W)",5.0,nominal,19.0,0.0,0.02754671436983698,50.459738368,49.463932672,9.586065950797519,1.8518487407114286,6.395467224206573,1.028327031001789,0.9938353301078501,0.9938353301078501,5.0,0.9938308850058202,0.999915204801288,4.999208578145355,0.1979631492123703,0.02754671436983698,1.2666666666666666,True,0.1970959719922677,1.0,0.9938308850058202
Llama-3.1-8B,32,8192,C3 1층,1390,"thermal-capped (0.5 pJ/b, 20 W)",5.0,local,21.0,0.0,0.02754671436983698,50.459738368,49.463932672,9.586065950797519,1.8518487407114286,6.395467224206573,1.028327031001789,0.9938353301078501,0.9938353301078501,5.0,0.9938308850058202,0.999915204801288,4.999208578145355,0.1979631492123703,0.02754671436983698,1.2666666666666666,True,0.1970959719922677,1.0,0.9938308850058202
Llama-3.1-8B,32,8192,C3 1층,1390,read 80% / fill 20%,9.4,cross-partition,16.8,0.0,0.02754671436983698,50.459738368,49.463932672,9.586065950797519,1.8518487407114286,6.395467224206573,1.028327031001789,1.007154693461646,1.007154693461646,9.4,1.007152265240265,0.999915204801288,9.398512126913268,0.31800337071769574,0.02754671436983698,2.381333333333333,True,0.31577159502955265,1.0,1.007152265240265
Llama-3.1-8B,32,8192,C3 1층,1390,read 80% / fill 20%,9.4,nominal,19.0,0.0,0.02754671436983698,50.459738368,49.463932672,9.586065950797519,1.8518487407114286,6.395467224206573,1.028327031001789,1.007154693461646,1.007154693461646,9.4,1.007152265240265,0.999915204801288,9.398512126913268,0.31800337071769574,0.02754671436983698,2.381333333333333,True,0.31577159502955265,1.0,1.007152265240265
Llama-3.1-8B,32,8192,C3 1층,1390,read 80% / fill 20%,9.4,local,21.0,0.0,0.02754671436983698,50.459738368,49.463932672,9.586065950797519,1.8518487407114286,6.395467224206573,1.028327031001789,1.007154693461646,1.007154693461646,9.4,1.007152265240265,0.999915204801288,9.398512126913268,0.31800337071769574,0.02754671436983698,2.381333333333333,True,0.31577159502955265,1.0,1.007152265240265
Llama-3.1-8B,32,8192,C3 1층,1390,read-only,15.0,cross-partition,16.8,0.0,0.02754671436983698,50.459738368,49.463932672,9.586065950797519,1.8518487407114286,6.395467224206573,1.028327031001789,1.0129138067525927,1.012913806752593,15.0,1.0129122676134592,0.999915204801288,14.997625734436065,0.4281436034786561,0.02754671436983698,3.7999999999999994,True,0.4241079705904266,1.0,1.0129122676134592
Llama-3.1-8B,32,8192,C3 1층,1390,read-only,15.0,nominal,19.0,0.0,0.02754671436983698,50.459738368,49.463932672,9.586065950797519,1.8518487407114286,6.395467224206573,1.028327031001789,1.0129138067525927,1.012913806752593,15.0,1.0129122676134592,0.999915204801288,14.997625734436065,0.4281436034786561,0.02754671436983698,3.7999999999999994,True,0.4241079705904266,1.0,1.0129122676134592
Llama-3.1-8B,32,8192,C3 1층,1390,read-only,15.0,local,21.0,0.0,0.02754671436983698,50.459738368,49.463932672,9.586065950797519,1.8518487407114286,6.395467224206573,1.028327031001789,1.0129138067525927,1.012913806752593,15.0,1.0129122676134592,0.999915204801288,14.997625734436065,0.4281436034786561,0.02754671436983698,3.7999999999999994,True,0.4241079705904266,1.0,1.0129122676134592
Llama-3.1-8B,32,8192,C2 1층,2110,"thermal-capped (0.5 pJ/b, 20 W)",5.0,cross-partition,16.8,0.0,0.041815516057810094,50.459738368,49.463932672,9.586065950797519,1.8518487407114286,6.395467224206573,1.0436403602422901,0.9906719063687014,0.9906719063687014,5.0,0.9906652016706518,0.999915204801288,4.999208578145355,0.19841534140201333,0.041815516057810094,1.2666666666666666,True,0.1970959719922677,1.0,0.9906652016706518
Llama-3.1-8B,32,8192,C2 1층,2110,"thermal-capped (0.5 pJ/b, 20 W)",5.0,nominal,19.0,0.0,0.041815516057810094,50.459738368,49.463932672,9.586065950797519,1.8518487407114286,6.395467224206573,1.0436403602422901,0.9906719063687014,0.9906719063687014,5.0,0.9906652016706518,0.999915204801288,4.999208578145355,0.19841534140201333,0.041815516057810094,1.2666666666666666,True,0.1970959719922677,1.0,0.9906652016706518
Llama-3.1-8B,32,8192,C2 1층,2110,"thermal-capped (0.5 pJ/b, 20 W)",5.0,local,21.0,0.0,0.041815516057810094,50.459738368,49.463932672,9.586065950797519,1.8518487407114286,6.395467224206573,1.0436403602422901,0.9906719063687014,0.9906719063687014,5.0,0.9906652016706518,0.999915204801288,4.999208578145355,0.19841534140201333,0.041815516057810094,1.2666666666666666,True,0.1970959719922677,1.0,0.9906652016706518
Llama-3.1-8B,32,8192,C2 1층,2110,read 80% / fill 20%,9.4,cross-partition,16.8,0.0,0.041815516057810094,50.459738368,49.463932672,9.586065950797519,1.8518487407114286,6.395467224206573,1.0436403602422901,1.0109011215943295,1.0109011215943295,9.4,1.0108974081203892,0.999915204801288,9.398512126913268,0.31917184660282993,0.041815516057810094,2.381333333333333,True,0.31577159502955265,1.0,1.0108974081203892
Llama-3.1-8B,32,8192,C2 1층,2110,read 80% / fill 20%,9.4,nominal,19.0,0.0,0.041815516057810094,50.459738368,49.463932672,9.586065950797519,1.8518487407114286,6.395467224206573,1.0436403602422901,1.0109011215943295,1.0109011215943295,9.4,1.0108974081203892,0.999915204801288,9.398512126913268,0.31917184660282993,0.041815516057810094,2.381333333333333,True,0.31577159502955265,1.0,1.0108974081203892
Llama-3.1-8B,32,8192,C2 1층,2110,read 80% / fill 20%,9.4,local,21.0,0.0,0.041815516057810094,50.459738368,49.463932672,9.586065950797519,1.8518487407114286,6.395467224206573,1.0436403602422901,1.0109011215943295,1.0109011215943295,9.4,1.0108974081203892,0.999915204801288,9.398512126913268,0.31917184660282993,0.041815516057810094,2.381333333333333,True,0.31577159502955265,1.0,1.0108974081203892
Llama-3.1-8B,32,8192,C2 1층,2110,read-only,15.0,cross-partition,16.8,0.0,0.041815516057810094,50.459738368,49.463932672,9.586065950797519,1.8518487407114286,6.395467224206573,1.0436403602422901,1.0197349834221148,1.0197349834221148,15.0,1.0197326154594948,0.999915204801288,14.997625734436065,0.4302643476179559,0.041815516057810094,3.7999999999999994,True,0.4241079705904266,1.0,1.0197326154594948
Llama-3.1-8B,32,8192,C2 1층,2110,read-only,15.0,nominal,19.0,0.0,0.041815516057810094,50.459738368,49.463932672,9.586065950797519,1.8518487407114286,6.395467224206573,1.0436403602422901,1.0197349834221148,1.0197349834221148,15.0,1.0197326154594948,0.999915204801288,14.997625734436065,0.4302643476179559,0.041815516057810094,3.7999999999999994,True,0.4241079705904266,1.0,1.0197326154594948
Llama-3.1-8B,32,8192,C2 1층,2110,read-only,15.0,local,21.0,0.0,0.041815516057810094,50.459738368,49.463932672,9.586065950797519,1.8518487407114286,6.395467224206573,1.0436403602422901,1.0197349834221148,1.0197349834221148,15.0,1.0197326154594948,0.999915204801288,14.997625734436065,0.4302643476179559,0.041815516057810094,3.7999999999999994,True,0.4241079705904266,1.0,1.0197326154594948
Llama-3.1-8B,32,8192,C3 2층,2780,"thermal-capped (0.5 pJ/b, 20 W)",5.0,cross-partition,16.8,0.0,0.05509342873967396,50.459738368,49.463932672,9.586065950797519,1.8518487407114286,6.395467224206573,1.0583056890653113,0.9877462008424315,0.9877462008424315,5.0,0.9877374192822137,0.999915204801288,4.999208578145355,0.1988379909175139,0.05509342873967396,1.2666666666666666,True,0.1970959719922677,1.0,0.9877374192822137
Llama-3.1-8B,32,8192,C3 2층,2780,"thermal-capped (0.5 pJ/b, 20 W)",5.0,nominal,19.0,0.0,0.05509342873967396,50.459738368,49.463932672,9.586065950797519,1.8518487407114286,6.395467224206573,1.0583056890653113,0.9877462008424315,0.9877462008424315,5.0,0.9877374192822137,0.999915204801288,4.999208578145355,0.1988379909175139,0.05509342873967396,1.2666666666666666,True,0.1970959719922677,1.0,0.9877374192822137
Llama-3.1-8B,32,8192,C3 2층,2780,"thermal-capped (0.5 pJ/b, 20 W)",5.0,local,21.0,0.0,0.05509342873967396,50.459738368,49.463932672,9.586065950797519,1.8518487407114286,6.395467224206573,1.0583056890653113,0.9877462008424315,0.9877462008424315,5.0,0.9877374192822137,0.999915204801288,4.999208578145355,0.1988379909175139,0.05509342873967396,1.2666666666666666,True,0.1970959719922677,1.0,0.9877374192822137
Llama-3.1-8B,32,8192,C3 2층,2780,read 80% / fill 20%,9.4,cross-partition,16.8,0.0,0.05509342873967396,50.459738368,49.463932672,9.586065950797519,1.8518487407114286,6.395467224206573,1.0583056890653113,1.014412503971221,1.014412503971221,9.4,1.014407577294812,0.999915204801288,9.398512126913268,0.32026691795391626,0.05509342873967396,2.381333333333333,True,0.31577159502955265,1.0,1.014407577294812
Llama-3.1-8B,32,8192,C3 2층,2780,read 80% / fill 20%,9.4,nominal,19.0,0.0,0.05509342873967396,50.459738368,49.463932672,9.586065950797519,1.8518487407114286,6.395467224206573,1.0583056890653113,1.014412503971221,1.014412503971221,9.4,1.014407577294812,0.999915204801288,9.398512126913268,0.32026691795391626,0.05509342873967396,2.381333333333333,True,0.31577159502955265,1.0,1.014407577294812
Llama-3.1-8B,32,8192,C3 2층,2780,read 80% / fill 20%,9.4,local,21.0,0.0,0.05509342873967396,50.459738368,49.463932672,9.586065950797519,1.8518487407114286,6.395467224206573,1.0583056890653113,1.014412503971221,1.014412503971221,9.4,1.014407577294812,0.999915204801288,9.398512126913268,0.32026691795391626,0.05509342873967396,2.381333333333333,True,0.31577159502955265,1.0,1.014407577294812
Llama-3.1-8B,32,8192,C3 2층,2780,read-only,15.0,cross-partition,16.8,0.0,0.05509342873967396,50.459738368,49.463932672,9.586065950797519,1.8518487407114286,6.395467224206573,1.0583056890653113,1.0261655098428797,1.0261655098428797,15.0,1.026162350497945,0.999915204801288,14.997625734436065,0.4322567769776179,0.05509342873967396,3.7999999999999994,True,0.4241079705904266,1.0,1.026162350497945
Llama-3.1-8B,32,8192,C3 2층,2780,read-only,15.0,nominal,19.0,0.0,0.05509342873967396,50.459738368,49.463932672,9.586065950797519,1.8518487407114286,6.395467224206573,1.0583056890653113,1.0261655098428797,1.0261655098428797,15.0,1.026162350497945,0.999915204801288,14.997625734436065,0.4322567769776179,0.05509342873967396,3.7999999999999994,True,0.4241079705904266,1.0,1.026162350497945
Llama-3.1-8B,32,8192,C3 2층,2780,read-only,15.0,local,21.0,0.0,0.05509342873967396,50.459738368,49.463932672,9.586065950797519,1.8518487407114286,6.395467224206573,1.0583056890653113,1.0261655098428797,1.0261655098428797,15.0,1.026162350497945,0.999915204801288,14.997625734436065,0.4322567769776179,0.05509342873967396,3.7999999999999994,True,0.4241079705904266,1.0,1.026162350497945
Llama-3.1-8B,32,8192,C1 1층,2950,"thermal-capped (0.5 pJ/b, 20 W)",5.0,cross-partition,16.8,0.4,0.05846245136044539,50.459738368,49.463932672,9.586065950797519,1.8518487407114286,6.395467224206573,1.0620925330539592,0.9870066041812368,0.9870066041812368,5.0,0.9869972995738596,0.999915204801288,4.999208578145355,0.19894551689581857,0.05846245136044539,1.2666666666666666,True,0.1970959719922677,1.0,0.8756862372539573
Llama-3.1-8B,32,8192,C1 1층,2950,"thermal-capped (0.5 pJ/b, 20 W)",5.0,nominal,19.0,0.4,0.05846245136044539,50.459738368,49.463932672,9.586065950797519,1.8518487407114286,6.395467224206573,1.0620925330539592,0.9870066041812368,0.9870066041812368,5.0,0.9869972995738596,0.999915204801288,4.999208578145355,0.19894551689581857,0.05846245136044539,1.2666666666666666,True,0.1970959719922677,1.0,0.8756862372539573
Llama-3.1-8B,32,8192,C1 1층,2950,"thermal-capped (0.5 pJ/b, 20 W)",5.0,local,21.0,0.4,0.05846245136044539,50.459738368,49.463932672,9.586065950797519,1.8518487407114286,6.395467224206573,1.0620925330539592,0.9870066041812368,0.9870066041812368,5.0,0.9869972995738596,0.999915204801288,4.999208578145355,0.19894551689581857,0.05846245136044539,1.2666666666666666,True,0.1970959719922677,1.0,0.8756862372539573
Llama-3.1-8B,32,8192,C1 1층,2950,read 80% / fill 20%,9.4,cross-partition,16.8,0.4,0.05846245136044539,50.459738368,49.463932672,9.586065950797519,1.8518487407114286,6.395467224206573,1.0620925330539592,1.0153073351114665,1.0153073351114663,9.4,1.0153020979376595,0.999915204801288,9.398512126913268,0.32054596811545316,0.05846245136044539,2.381333333333333,True,0.31577159502955265,1.0,0.8978949229283548
Llama-3.1-8B,32,8192,C1 1층,2950,read 80% / fill 20%,9.4,nominal,19.0,0.4,0.05846245136044539,50.459738368,49.463932672,9.586065950797519,1.8518487407114286,6.395467224206573,1.0620925330539592,1.0153073351114665,1.0153073351114663,9.4,1.0153020979376595,0.999915204801288,9.398512126913268,0.32054596811545316,0.05846245136044539,2.381333333333333,True,0.31577159502955265,1.0,0.8978949229283548
Llama-3.1-8B,32,8192,C1 1층,2950,read 80% / fill 20%,9.4,local,21.0,0.4,0.05846245136044539,50.459738368,49.463932672,9.586065950797519,1.8518487407114286,6.395467224206573,1.0620925330539592,1.0153073351114665,1.0153073351114663,9.4,1.0153020979376595,0.999915204801288,9.398512126913268,0.32054596811545316,0.05846245136044539,2.381333333333333,True,0.31577159502955265,1.0,0.8978949229283548
Llama-3.1-8B,32,8192,C1 1층,2950,read-only,15.0,cross-partition,16.8,0.4,0.05846245136044539,50.459738368,49.463932672,9.586065950797519,1.8518487407114286,6.395467224206573,1.0620925330539592,1.0278100564635024,1.0278100564635022,15.0,1.027806693167597,0.999915204801288,14.997625734436065,0.4327652572147659,0.05846245136044539,3.7999999999999994,True,0.4241079705904266,1.0,0.9076608171707936
Llama-3.1-8B,32,8192,C1 1층,2950,read-only,15.0,nominal,19.0,0.4,0.05846245136044539,50.459738368,49.463932672,9.586065950797519,1.8518487407114286,6.395467224206573,1.0620925330539592,1.0278100564635024,1.0278100564635022,15.0,1.027806693167597,0.999915204801288,14.997625734436065,0.4327652572147659,0.05846245136044539,3.7999999999999994,True,0.4241079705904266,1.0,0.9076608171707936
Llama-3.1-8B,32,8192,C1 1층,2950,read-only,15.0,local,21.0,0.4,0.05846245136044539,50.459738368,49.463932672,9.586065950797519,1.8518487407114286,6.395467224206573,1.0620925330539592,1.0278100564635024,1.0278100564635022,15.0,1.027806693167597,0.999915204801288,14.997625734436065,0.4327652572147659,0.05846245136044539,3.7999999999999994,True,0.4241079705904266,1.0,0.9076608171707936
Llama-3.1-8B,32,8192,C2 2층,4220,"thermal-capped (0.5 pJ/b, 20 W)",5.0,cross-partition,16.8,0.0,0.08363103211562019,50.459738368,49.463932672,9.586065950797519,1.8518487407114286,6.395467224206573,1.0912634921593853,0.9815162310646907,0.9815162310646908,5.0,0.9815030684668772,0.999915204801288,4.999208578145355,0.19975249368894055,0.08363103211562019,1.2666666666666666,True,0.1970959719922677,1.0,0.9815030684668772
Llama-3.1-8B,32,8192,C2 2층,4220,"thermal-capped (0.5 pJ/b, 20 W)",5.0,nominal,19.0,0.0,0.08363103211562019,50.459738368,49.463932672,9.586065950797519,1.8518487407114286,6.395467224206573,1.0912634921593853,0.9815162310646907,0.9815162310646908,5.0,0.9815030684668772,0.999915204801288,4.999208578145355,0.19975249368894055,0.08363103211562019,1.2666666666666666,True,0.1970959719922677,1.0,0.9815030684668772
Llama-3.1-8B,32,8192,C2 2층,4220,"thermal-capped (0.5 pJ/b, 20 W)",5.0,local,21.0,0.0,0.08363103211562019,50.459738368,49.463932672,9.586065950797519,1.8518487407114286,6.395467224206573,1.0912634921593853,0.9815162310646907,0.9815162310646908,5.0,0.9815030684668772,0.999915204801288,4.999208578145355,0.19975249368894055,0.08363103211562019,1.2666666666666666,True,0.1970959719922677,1.0,0.9815030684668772
Llama-3.1-8B,32,8192,C2 2층,4220,read 80% / fill 20%,9.4,cross-partition,16.8,0.0,0.08363103211562019,50.459738368,49.463932672,9.586065950797519,1.8518487407114286,6.395467224206573,1.0912634921593853,1.0220425315048403,1.0220425315048403,9.4,1.0220349399745898,0.999915204801288,9.398512126913268,0.32264612360131845,0.08363103211562019,2.381333333333333,True,0.31577159502955265,1.0,1.0220349399745898
Llama-3.1-8B,32,8192,C2 2층,4220,read 80% / fill 20%,9.4,nominal,19.0,0.0,0.08363103211562019,50.459738368,49.463932672,9.586065950797519,1.8518487407114286,6.395467224206573,1.0912634921593853,1.0220425315048403,1.0220425315048403,9.4,1.0220349399745898,0.999915204801288,9.398512126913268,0.32264612360131845,0.08363103211562019,2.381333333333333,True,0.31577159502955265,1.0,1.0220349399745898
Llama-3.1-8B,32,8192,C2 2층,4220,read 80% / fill 20%,9.4,local,21.0,0.0,0.08363103211562019,50.459738368,49.463932672,9.586065950797519,1.8518487407114286,6.395467224206573,1.0912634921593853,1.0220425315048403,1.0220425315048403,9.4,1.0220349399745898,0.999915204801288,9.398512126913268,0.32264612360131845,0.08363103211562019,2.381333333333333,True,0.31577159502955265,1.0,1.0220349399745898
Llama-3.1-8B,32,8192,C2 2층,4220,read-only,15.0,cross-partition,16.8,0.0,0.08363103211562019,50.459738368,49.463932672,9.586065950797519,1.8518487407114286,6.395467224206573,1.0912634921593853,1.040264587817302,1.040264587817302,15.0,1.040259659294376,0.999915204801288,14.997625734436065,0.43660209004132927,0.08363103211562019,3.7999999999999994,True,0.4241079705904266,1.0,1.040259659294376
Llama-3.1-8B,32,8192,C2 2층,4220,read-only,15.0,nominal,19.0,0.0,0.08363103211562019,50.459738368,49.463932672,9.586065950797519,1.8518487407114286,6.395467224206573,1.0912634921593853,1.040264587817302,1.040264587817302,15.0,1.040259659294376,0.999915204801288,14.997625734436065,0.43660209004132927,0.08363103211562019,3.7999999999999994,True,0.4241079705904266,1.0,1.040259659294376
Llama-3.1-8B,32,8192,C2 2층,4220,read-only,15.0,local,21.0,0.0,0.08363103211562019,50.459738368,49.463932672,9.586065950797519,1.8518487407114286,6.395467224206573,1.0912634921593853,1.040264587817302,1.040264587817302,15.0,1.040259659294376,0.999915204801288,14.997625734436065,0.43660209004132927,0.08363103211562019,3.7999999999999994,True,0.4241079705904266,1.0,1.040259659294376
Llama-2-7B,8,2048,C3 1층,1390,"thermal-capped (0.5 pJ/b, 20 W)",5.0,cross-partition,16.8,0.0,0.06292458649938225,22.089934592,21.794128896,5.291733036238825,2.1051662693754647,6.839376197176831,1.0671499706350376,0.9862521749036912,0.9862521749036912,5.0,0.9862340572008951,0.9998075489036513,4.9982037897674125,0.23732819315461243,0.06292458649938225,1.2666666666666666,True,0.2352129706118933,1.0,0.9862340572008951
Llama-2-7B,8,2048,C3 1층,1390,"thermal-capped (0.5 pJ/b, 20 W)",5.0,nominal,19.0,0.0,0.06292458649938225,22.089934592,21.794128896,5.291733036238825,2.1051662693754647,6.839376197176831,1.0671499706350376,0.9862521749036912,0.9862521749036912,5.0,0.9862340572008951,0.9998075489036513,4.9982037897674125,0.23732819315461243,0.06292458649938225,1.2666666666666666,True,0.2352129706118933,1.0,0.9862340572008951
Llama-2-7B,8,2048,C3 1층,1390,"thermal-capped (0.5 pJ/b, 20 W)",5.0,local,21.0,0.0,0.06292458649938225,22.089934592,21.794128896,5.291733036238825,2.1051662693754647,6.839376197176831,1.0671499706350376,0.9862521749036912,0.9862521749036912,5.0,0.9862340572008951,0.9998075489036513,4.9982037897674125,0.23732819315461243,0.06292458649938225,1.2666666666666666,True,0.2352129706118933,1.0,0.9862340572008951
Llama-2-7B,8,2048,C3 1층,1390,read 80% / fill 20%,9.4,cross-partition,16.8,0.0,0.06292458649938225,22.089934592,21.794128896,5.291733036238825,2.1051662693754647,6.839376197176831,1.0671499706350376,1.0104296436505935,1.0104296436505935,9.4,1.0104195282025832,0.9998075489036513,9.396623124762735,0.3715246436987972,0.06292458649938225,2.381333333333333,True,0.3663670221996449,1.0,1.0104195282025832
Llama-2-7B,8,2048,C3 1층,1390,read 80% / fill 20%,9.4,nominal,19.0,0.0,0.06292458649938225,22.089934592,21.794128896,5.291733036238825,2.1051662693754647,6.839376197176831,1.0671499706350376,1.0104296436505935,1.0104296436505935,9.4,1.0104195282025832,0.9998075489036513,9.396623124762735,0.3715246436987972,0.06292458649938225,2.381333333333333,True,0.3663670221996449,1.0,1.0104195282025832
Llama-2-7B,8,2048,C3 1층,1390,read 80% / fill 20%,9.4,local,21.0,0.0,0.06292458649938225,22.089934592,21.794128896,5.291733036238825,2.1051662693754647,6.839376197176831,1.0671499706350376,1.0104296436505935,1.0104296436505935,9.4,1.0104195282025832,0.9998075489036513,9.396623124762735,0.3715246436987972,0.06292458649938225,2.381333333333333,True,0.3663670221996449,1.0,1.0104195282025832
Llama-2-7B,8,2048,C3 1층,1390,read-only,15.0,cross-partition,16.8,0.0,0.06292458649938225,22.089934592,21.794128896,5.291733036238825,2.1051662693754647,6.839376197176831,1.0671499706350376,1.021048637828968,1.021048637828968,15.0,1.0210421648527102,0.9998075489036513,14.994611369302238,0.48877521497312204,0.06292458649938225,3.7999999999999994,True,0.47988742040853827,1.0,1.0210421648527102
Llama-2-7B,8,2048,C3 1층,1390,read-only,15.0,nominal,19.0,0.0,0.06292458649938225,22.089934592,21.794128896,5.291733036238825,2.1051662693754647,6.839376197176831,1.0671499706350376,1.021048637828968,1.021048637828968,15.0,1.0210421648527102,0.9998075489036513,14.994611369302238,0.48877521497312204,0.06292458649938225,3.7999999999999994,True,0.47988742040853827,1.0,1.0210421648527102
Llama-2-7B,8,2048,C3 1층,1390,read-only,15.0,local,21.0,0.0,0.06292458649938225,22.089934592,21.794128896,5.291733036238825,2.1051662693754647,6.839376197176831,1.0671499706350376,1.021048637828968,1.021048637828968,15.0,1.0210421648527102,0.9998075489036513,14.994611369302238,0.48877521497312204,0.06292458649938225,3.7999999999999994,True,0.47988742040853827,1.0,1.0210421648527102
Llama-2-7B,8,2048,C2 1층,2110,"thermal-capped (0.5 pJ/b, 20 W)",5.0,cross-partition,16.8,0.0,0.09551861691632844,22.089934592,21.794128896,5.291733036238825,2.1051662693754647,6.839376197176831,1.1056059513250283,0.9792785603246308,0.9792785603246309,5.0,0.9792514457194885,0.9998075489036513,4.9982037897674125,0.23843887470835676,0.09551861691632844,1.2666666666666666,True,0.2352129706118933,1.0,0.9792514457194885
Llama-2-7B,8,2048,C2 1층,2110,"thermal-capped (0.5 pJ/b, 20 W)",5.0,nominal,19.0,0.0,0.09551861691632844,22.089934592,21.794128896,5.291733036238825,2.1051662693754647,6.839376197176831,1.1056059513250283,0.9792785603246308,0.9792785603246309,5.0,0.9792514457194885,0.9998075489036513,4.9982037897674125,0.23843887470835676,0.09551861691632844,1.2666666666666666,True,0.2352129706118933,1.0,0.9792514457194885
Llama-2-7B,8,2048,C2 1층,2110,"thermal-capped (0.5 pJ/b, 20 W)",5.0,local,21.0,0.0,0.09551861691632844,22.089934592,21.794128896,5.291733036238825,2.1051662693754647,6.839376197176831,1.1056059513250283,0.9792785603246308,0.9792785603246309,5.0,0.9792514457194885,0.9998075489036513,4.9982037897674125,0.23843887470835676,0.09551861691632844,1.2666666666666666,True,0.2352129706118933,1.0,0.9792514457194885
Llama-2-7B,8,2048,C2 1층,2110,read 80% / fill 20%,9.4,cross-partition,16.8,0.0,0.09551861691632844,22.089934592,21.794128896,5.291733036238825,2.1051662693754647,6.839376197176831,1.1056059513250283,1.0159180447246756,1.0159180447246756,9.4,1.0159025224387057,0.9998075489036513,9.396623124762735,0.37425372782921446,0.09551861691632844,2.381333333333333,True,0.3663670221996449,1.0,1.0159025224387057
Llama-2-7B,8,2048,C2 1층,2110,read 80% / fill 20%,9.4,nominal,19.0,0.0,0.09551861691632844,22.089934592,21.794128896,5.291733036238825,2.1051662693754647,6.839376197176831,1.1056059513250283,1.0159180447246756,1.0159180447246756,9.4,1.0159025224387057,0.9998075489036513,9.396623124762735,0.37425372782921446,0.09551861691632844,2.381333333333333,True,0.3663670221996449,1.0,1.0159025224387057
Llama-2-7B,8,2048,C2 1층,2110,read 80% / fill 20%,9.4,local,21.0,0.0,0.09551861691632844,22.089934592,21.794128896,5.291733036238825,2.1051662693754647,6.839376197176831,1.1056059513250283,1.0159180447246756,1.0159180447246756,9.4,1.0159025224387057,0.9998075489036513,9.396623124762735,0.37425372782921446,0.09551861691632844,2.381333333333333,True,0.3663670221996449,1.0,1.0159025224387057
Llama-2-7B,8,2048,C2 1층,2110,read-only,15.0,cross-partition,16.8,0.0,0.09551861691632844,22.089934592,21.794128896,5.291733036238825,2.1051662693754647,6.839376197176831,1.1056059513250283,1.0323037334685328,1.0323037334685328,15.0,1.0322936898009014,0.9998075489036513,14.994611369302238,0.49350964809006076,0.09551861691632844,3.7999999999999994,True,0.47988742040853827,1.0,1.0322936898009014
Llama-2-7B,8,2048,C2 1층,2110,read-only,15.0,nominal,19.0,0.0,0.09551861691632844,22.089934592,21.794128896,5.291733036238825,2.1051662693754647,6.839376197176831,1.1056059513250283,1.0323037334685328,1.0323037334685328,15.0,1.0322936898009014,0.9998075489036513,14.994611369302238,0.49350964809006076,0.09551861691632844,3.7999999999999994,True,0.47988742040853827,1.0,1.0322936898009014
Llama-2-7B,8,2048,C2 1층,2110,read-only,15.0,local,21.0,0.0,0.09551861691632844,22.089934592,21.794128896,5.291733036238825,2.1051662693754647,6.839376197176831,1.1056059513250283,1.0323037334685328,1.0323037334685328,15.0,1.0322936898009014,0.9998075489036513,14.994611369302238,0.49350964809006076,0.09551861691632844,3.7999999999999994,True,0.47988742040853827,1.0,1.0322936898009014
Llama-2-7B,8,2048,C3 2층,2780,"thermal-capped (0.5 pJ/b, 20 W)",5.0,cross-partition,16.8,0.0,0.1258491729987645,22.089934592,21.794128896,5.291733036238825,2.1051662693754647,6.839376197176831,1.1439673442059064,0.9728772289203135,0.9728772289203133,5.0,0.9728419702853781,0.9998075489036513,4.9982037897674125,0.23948180445434267,0.1258491729987645,1.2666666666666666,True,0.2352129706118933,1.0,0.9728419702853781
Llama-2-7B,8,2048,C3 2층,2780,"thermal-capped (0.5 pJ/b, 20 W)",5.0,nominal,19.0,0.0,0.1258491729987645,22.089934592,21.794128896,5.291733036238825,2.1051662693754647,6.839376197176831,1.1439673442059064,0.9728772289203135,0.9728772289203133,5.0,0.9728419702853781,0.9998075489036513,4.9982037897674125,0.23948180445434267,0.1258491729987645,1.2666666666666666,True,0.2352129706118933,1.0,0.9728419702853781
Llama-2-7B,8,2048,C3 2층,2780,"thermal-capped (0.5 pJ/b, 20 W)",5.0,local,21.0,0.0,0.1258491729987645,22.089934592,21.794128896,5.291733036238825,2.1051662693754647,6.839376197176831,1.1439673442059064,0.9728772289203135,0.9728772289203133,5.0,0.9728419702853781,0.9998075489036513,4.9982037897674125,0.23948180445434267,0.1258491729987645,1.2666666666666666,True,0.2352129706118933,1.0,0.9728419702853781
Llama-2-7B,8,2048,C3 2층,2780,read 80% / fill 20%,9.4,cross-partition,16.8,0.0,0.1258491729987645,22.089934592,21.794128896,5.291733036238825,2.1051662693754647,6.839376197176831,1.1439673442059064,1.0210791351694677,1.0210791351694677,9.4,1.0210584757875383,0.9998075489036513,9.396623124762735,0.3768295540529844,0.1258491729987645,2.381333333333333,True,0.3663670221996449,1.0,1.0210584757875383
Llama-2-7B,8,2048,C3 2층,2780,read 80% / fill 20%,9.4,nominal,19.0,0.0,0.1258491729987645,22.089934592,21.794128896,5.291733036238825,2.1051662693754647,6.839376197176831,1.1439673442059064,1.0210791351694677,1.0210791351694677,9.4,1.0210584757875383,0.9998075489036513,9.396623124762735,0.3768295540529844,0.1258491729987645,2.381333333333333,True,0.3663670221996449,1.0,1.0210584757875383
Llama-2-7B,8,2048,C3 2층,2780,read 80% / fill 20%,9.4,local,21.0,0.0,0.1258491729987645,22.089934592,21.794128896,5.291733036238825,2.1051662693754647,6.839376197176831,1.1439673442059064,1.0210791351694677,1.0210791351694677,9.4,1.0210584757875383,0.9998075489036513,9.396623124762735,0.3768295540529844,0.1258491729987645,2.381333333333333,True,0.3663670221996449,1.0,1.0210584757875383
Llama-2-7B,8,2048,C3 2층,2780,read-only,15.0,cross-partition,16.8,0.0,0.1258491729987645,22.089934592,21.794128896,5.291733036238825,2.1051662693754647,6.839376197176831,1.1439673442059064,1.0430024179797626,1.0430024179797623,15.0,1.0429889094243663,0.9998075489036513,14.994611369302238,0.4979984360981014,0.1258491729987645,3.7999999999999994,True,0.47988742040853827,1.0,1.0429889094243663
Llama-2-7B,8,2048,C3 2층,2780,read-only,15.0,nominal,19.0,0.0,0.1258491729987645,22.089934592,21.794128896,5.291733036238825,2.1051662693754647,6.839376197176831,1.1439673442059064,1.0430024179797626,1.0430024179797623,15.0,1.0429889094243663,0.9998075489036513,14.994611369302238,0.4979984360981014,0.1258491729987645,3.7999999999999994,True,0.47988742040853827,1.0,1.0429889094243663
Llama-2-7B,8,2048,C3 2층,2780,read-only,15.0,local,21.0,0.0,0.1258491729987645,22.089934592,21.794128896,5.291733036238825,2.1051662693754647,6.839376197176831,1.1439673442059064,1.0430024179797626,1.0430024179797623,15.0,1.0429889094243663,0.9998075489036513,14.994611369302238,0.4979984360981014,0.1258491729987645,3.7999999999999994,True,0.47988742040853827,1.0,1.0429889094243663
Llama-2-7B,8,2048,C1 1층,2950,"thermal-capped (0.5 pJ/b, 20 W)",5.0,cross-partition,16.8,0.4,0.133544985736099,22.089934592,21.794128896,5.291733036238825,2.1051662693754647,6.839376197176831,1.154128008422402,0.9712662995336429,0.9712662995336431,5.0,0.971229008678487,0.9998075489036513,4.9982037897674125,0.23974788117984103,0.133544985736099,1.2666666666666666,True,0.2352129706118933,1.0,0.7722975307355333
Llama-2-7B,8,2048,C1 1층,2950,"thermal-capped (0.5 pJ/b, 20 W)",5.0,nominal,19.0,0.4,0.133544985736099,22.089934592,21.794128896,5.291733036238825,2.1051662693754647,6.839376197176831,1.154128008422402,0.9712662995336429,0.9712662995336431,5.0,0.971229008678487,0.9998075489036513,4.9982037897674125,0.23974788117984103,0.133544985736099,1.2666666666666666,True,0.2352129706118933,1.0,0.7722975307355333
Llama-2-7B,8,2048,C1 1층,2950,"thermal-capped (0.5 pJ/b, 20 W)",5.0,local,21.0,0.4,0.133544985736099,22.089934592,21.794128896,5.291733036238825,2.1051662693754647,6.839376197176831,1.154128008422402,0.9712662995336429,0.9712662995336431,5.0,0.971229008678487,0.9998075489036513,4.9982037897674125,0.23974788117984103,0.133544985736099,1.2666666666666666,True,0.2352129706118933,1.0,0.7722975307355333
Llama-2-7B,8,2048,C1 1층,2950,read 80% / fill 20%,9.4,cross-partition,16.8,0.4,0.133544985736099,22.089934592,21.794128896,5.291733036238825,2.1051662693754647,6.839376197176831,1.154128008422402,1.022397017053023,1.0223970170530232,9.4,1.0223750377286263,0.9998075489036513,9.396623124762735,0.37748877133129194,0.133544985736099,2.381333333333333,True,0.3663670221996449,1.0,0.804292270307933
Llama-2-7B,8,2048,C1 1층,2950,read 80% / fill 20%,9.4,nominal,19.0,0.4,0.133544985736099,22.089934592,21.794128896,5.291733036238825,2.1051662693754647,6.839376197176831,1.154128008422402,1.022397017053023,1.0223970170530232,9.4,1.0223750377286263,0.9998075489036513,9.396623124762735,0.37748877133129194,0.133544985736099,2.381333333333333,True,0.3663670221996449,1.0,0.804292270307933
Llama-2-7B,8,2048,C1 1층,2950,read 80% / fill 20%,9.4,local,21.0,0.4,0.133544985736099,22.089934592,21.794128896,5.291733036238825,2.1051662693754647,6.839376197176831,1.154128008422402,1.022397017053023,1.0223970170530232,9.4,1.0223750377286263,0.9998075489036513,9.396623124762735,0.37748877133129194,0.133544985736099,2.381333333333333,True,0.3663670221996449,1.0,0.804292270307933
Llama-2-7B,8,2048,C1 1층,2950,read-only,15.0,cross-partition,16.8,0.4,0.133544985736099,22.089934592,21.794128896,5.291733036238825,2.1051662693754647,6.839376197176831,1.154128008422402,1.0457523747144875,1.0457523747144875,15.0,1.0457379644199747,0.9998075489036513,14.994611369302238,0.499150400318781,0.133544985736099,3.7999999999999994,True,0.47988742040853827,1.0,0.8186810096592501
Llama-2-7B,8,2048,C1 1층,2950,read-only,15.0,nominal,19.0,0.4,0.133544985736099,22.089934592,21.794128896,5.291733036238825,2.1051662693754647,6.839376197176831,1.154128008422402,1.0457523747144875,1.0457523747144875,15.0,1.0457379644199747,0.9998075489036513,14.994611369302238,0.499150400318781,0.133544985736099,3.7999999999999994,True,0.47988742040853827,1.0,0.8186810096592501
Llama-2-7B,8,2048,C1 1층,2950,read-only,15.0,local,21.0,0.4,0.133544985736099,22.089934592,21.794128896,5.291733036238825,2.1051662693754647,6.839376197176831,1.154128008422402,1.0457523747144875,1.0457523747144875,15.0,1.0457379644199747,0.9998075489036513,14.994611369302238,0.499150400318781,0.133544985736099,3.7999999999999994,True,0.47988742040853827,1.0,0.8186810096592501
Llama-2-7B,8,2048,C2 2층,4220,"thermal-capped (0.5 pJ/b, 20 W)",5.0,cross-partition,16.8,0.0,0.1910372338326569,22.089934592,21.794128896,5.291733036238825,2.1051662693754647,6.839376197176831,1.2361508363824234,0.959398443355987,0.959398443355987,5.0,0.959346394969648,0.9998075489036513,4.9982037897674125,0.2417544946445513,0.1910372338326569,1.2666666666666666,True,0.2352129706118933,1.0,0.959346394969648
Llama-2-7B,8,2048,C2 2층,4220,"thermal-capped (0.5 pJ/b, 20 W)",5.0,nominal,19.0,0.0,0.1910372338326569,22.089934592,21.794128896,5.291733036238825,2.1051662693754647,6.839376197176831,1.2361508363824234,0.959398443355987,0.959398443355987,5.0,0.959346394969648,0.9998075489036513,4.9982037897674125,0.2417544946445513,0.1910372338326569,1.2666666666666666,True,0.2352129706118933,1.0,0.959346394969648
Llama-2-7B,8,2048,C2 2층,4220,"thermal-capped (0.5 pJ/b, 20 W)",5.0,local,21.0,0.0,0.1910372338326569,22.089934592,21.794128896,5.291733036238825,2.1051662693754647,6.839376197176831,1.2361508363824234,0.959398443355987,0.959398443355987,5.0,0.959346394969648,0.9998075489036513,4.9982037897674125,0.2417544946445513,0.1910372338326569,1.2666666666666666,True,0.2352129706118933,1.0,0.959346394969648
Llama-2-7B,8,2048,C2 2층,4220,read 80% / fill 20%,9.4,cross-partition,16.8,0.0,0.1910372338326569,22.089934592,21.794128896,5.291733036238825,2.1051662693754647,6.839376197176831,1.2361508363824234,1.0323510549895658,1.0323510549895658,9.4,1.0323189984758707,0.9998075489036513,9.396623124762735,0.38248745460785366,0.1910372338326569,2.381333333333333,True,0.3663670221996449,1.0,1.0323189984758707
Llama-2-7B,8,2048,C2 2층,4220,read 80% / fill 20%,9.4,nominal,19.0,0.0,0.1910372338326569,22.089934592,21.794128896,5.291733036238825,2.1051662693754647,6.839376197176831,1.2361508363824234,1.0323510549895658,1.0323510549895658,9.4,1.0323189984758707,0.9998075489036513,9.396623124762735,0.38248745460785366,0.1910372338326569,2.381333333333333,True,0.3663670221996449,1.0,1.0323189984758707
Llama-2-7B,8,2048,C2 2층,4220,read 80% / fill 20%,9.4,local,21.0,0.0,0.1910372338326569,22.089934592,21.794128896,5.291733036238825,2.1051662693754647,6.839376197176831,1.2361508363824234,1.0323510549895658,1.0323510549895658,9.4,1.0323189984758707,0.9998075489036513,9.396623124762735,0.38248745460785366,0.1910372338326569,2.381333333333333,True,0.3663670221996449,1.0,1.0323189984758707
Llama-2-7B,8,2048,C2 2층,4220,read-only,15.0,cross-partition,16.8,0.0,0.1910372338326569,22.089934592,21.794128896,5.291733036238825,2.1051662693754647,6.839376197176831,1.2361508363824234,1.0667641998544024,1.0667641998544022,15.0,1.0667427492422934,0.9998075489036513,14.994611369302238,0.5079278394845164,0.1910372338326569,3.7999999999999994,True,0.47988742040853827,1.0,1.0667427492422934
Llama-2-7B,8,2048,C2 2층,4220,read-only,15.0,nominal,19.0,0.0,0.1910372338326569,22.089934592,21.794128896,5.291733036238825,2.1051662693754647,6.839376197176831,1.2361508363824234,1.0667641998544024,1.0667641998544022,15.0,1.0667427492422934,0.9998075489036513,14.994611369302238,0.5079278394845164,0.1910372338326569,3.7999999999999994,True,0.47988742040853827,1.0,1.0667427492422934
Llama-2-7B,8,2048,C2 2층,4220,read-only,15.0,local,21.0,0.0,0.1910372338326569,22.089934592,21.794128896,5.291733036238825,2.1051662693754647,6.839376197176831,1.2361508363824234,1.0667641998544024,1.0667641998544022,15.0,1.0667427492422934,0.9998075489036513,14.994611369302238,0.5079278394845164,0.1910372338326569,3.7999999999999994,True,0.47988742040853827,1.0,1.0667427492422934
granite-4.0-h-tiny,32,8192,C3 1층,1390,"thermal-capped (0.5 pJ/b, 20 W)",5.0,cross-partition,16.8,0.0,0.0813986206232381,17.076456448,17.491143200616,5.848245277330915,3.4445825683048366,7.27687089163317,1.0886114722345226,0.9849939307081556,0.9849939307081556,5.0,0.9798208355320157,0.9468739731107298,4.504157082366812,0.30050504947906564,0.0813986206232381,1.2666666666666666,True,0.2975139960724123,1.0,0.9798208355320157
granite-4.0-h-tiny,32,8192,C3 1층,1390,"thermal-capped (0.5 pJ/b, 20 W)",5.0,nominal,19.0,0.0,0.0813986206232381,17.076456448,17.491143200616,5.848245277330915,3.4445825683048366,7.27687089163317,1.0886114722345226,0.9849939307081556,0.9849939307081556,5.0,0.9798208355320157,0.9468739731107298,4.504157082366812,0.30050504947906564,0.0813986206232381,1.2666666666666666,True,0.2975139960724123,1.0,0.9798208355320157
granite-4.0-h-tiny,32,8192,C3 1층,1390,"thermal-capped (0.5 pJ/b, 20 W)",5.0,local,21.0,0.0,0.0813986206232381,17.076456448,17.491143200616,5.848245277330915,3.4445825683048366,7.27687089163317,1.0886114722345226,0.9849939307081556,0.9849939307081556,5.0,0.9798208355320157,0.9468739731107298,4.504157082366812,0.30050504947906564,0.0813986206232381,1.2666666666666666,True,0.2975139960724123,1.0,0.9798208355320157
granite-4.0-h-tiny,32,8192,C3 1층,1390,read 80% / fill 20%,9.4,cross-partition,16.8,0.0,0.0813986206232381,17.076456448,17.491143200616,5.848245277330915,3.4445825683048366,7.27687089163317,1.0886114722345226,1.0076139092707608,1.0076139092707608,9.4,1.0047275203639947,0.9468739731107298,8.467815314849608,0.4499447869966417,0.0813986206232381,2.381333333333333,True,0.44327219292660464,1.0,1.0047275203639947
granite-4.0-h-tiny,32,8192,C3 1층,1390,read 80% / fill 20%,9.4,nominal,19.0,0.0,0.0813986206232381,17.076456448,17.491143200616,5.848245277330915,3.4445825683048366,7.27687089163317,1.0886114722345226,1.0076139092707608,1.0076139092707608,9.4,1.0047275203639947,0.9468739731107298,8.467815314849608,0.4499447869966417,0.0813986206232381,2.381333333333333,True,0.44327219292660464,1.0,1.0047275203639947
granite-4.0-h-tiny,32,8192,C3 1층,1390,read 80% / fill 20%,9.4,local,21.0,0.0,0.0813986206232381,17.076456448,17.491143200616,5.848245277330915,3.4445825683048366,7.27687089163317,1.0886114722345226,1.0076139092707608,1.0076139092707608,9.4,1.0047275203639947,0.9468739731107298,8.467815314849608,0.4499447869966417,0.0813986206232381,2.381333333333333,True,0.44327219292660464,1.0,1.0047275203639947
granite-4.0-h-tiny,32,8192,C3 1층,1390,read-only,15.0,cross-partition,16.8,0.0,0.0813986206232381,17.076456448,17.491143200616,5.848245277330915,3.4445825683048366,7.27687089163317,1.0886114722345226,1.017527221084109,1.017527221084109,15.0,1.0156807086801805,0.9468739731107298,13.512471247100436,0.5702532529739455,0.0813986206232381,3.7999999999999994,True,0.5595776328771767,1.0,1.0156807086801805
granite-4.0-h-tiny,32,8192,C3 1층,1390,read-only,15.0,nominal,19.0,0.0,0.0813986206232381,17.076456448,17.491143200616,5.848245277330915,3.4445825683048366,7.27687089163317,1.0886114722345226,1.017527221084109,1.017527221084109,15.0,1.0156807086801805,0.9468739731107298,13.512471247100436,0.5702532529739455,0.0813986206232381,3.7999999999999994,True,0.5595776328771767,1.0,1.0156807086801805
granite-4.0-h-tiny,32,8192,C3 1층,1390,read-only,15.0,local,21.0,0.0,0.0813986206232381,17.076456448,17.491143200616,5.848245277330915,3.4445825683048366,7.27687089163317,1.0886114722345226,1.017527221084109,1.017527221084109,15.0,1.0156807086801805,0.9468739731107298,13.512471247100436,0.5702532529739455,0.0813986206232381,3.7999999999999994,True,0.5595776328771767,1.0,1.0156807086801805
granite-4.0-h-tiny,32,8192,C2 1층,2110,"thermal-capped (0.5 pJ/b, 20 W)",5.0,cross-partition,16.8,0.0,0.123561934902901,17.076456448,17.491143200616,5.848245277330915,3.4445825683048366,7.27687089163317,1.1409819356593234,0.9773966965792124,0.9773966965792124,5.0,0.9696851848018541,0.9468739731107298,4.504157082366812,0.3020781401710717,0.123561934902901,1.2666666666666666,True,0.2975139960724123,1.0,0.9696851848018541
granite-4.0-h-tiny,32,8192,C2 1층,2110,"thermal-capped (0.5 pJ/b, 20 W)",5.0,nominal,19.0,0.0,0.123561934902901,17.076456448,17.491143200616,5.848245277330915,3.4445825683048366,7.27687089163317,1.1409819356593234,0.9773966965792124,0.9773966965792124,5.0,0.9696851848018541,0.9468739731107298,4.504157082366812,0.3020781401710717,0.123561934902901,1.2666666666666666,True,0.2975139960724123,1.0,0.9696851848018541
granite-4.0-h-tiny,32,8192,C2 1층,2110,"thermal-capped (0.5 pJ/b, 20 W)",5.0,local,21.0,0.0,0.123561934902901,17.076456448,17.491143200616,5.848245277330915,3.4445825683048366,7.27687089163317,1.1409819356593234,0.9773966965792124,0.9773966965792124,5.0,0.9696851848018541,0.9468739731107298,4.504157082366812,0.3020781401710717,0.123561934902901,1.2666666666666666,True,0.2975139960724123,1.0,0.9696851848018541
granite-4.0-h-tiny,32,8192,C2 1층,2110,read 80% / fill 20%,9.4,cross-partition,16.8,0.0,0.123561934902901,17.076456448,17.491143200616,5.848245277330915,3.4445825683048366,7.27687089163317,1.1409819356593234,1.0116035679793165,1.0116035679793165,9.4,1.0071939242827197,0.9468739731107298,8.467815314849608,0.4534806930269979,0.123561934902901,2.381333333333333,True,0.44327219292660464,1.0,1.0071939242827197
granite-4.0-h-tiny,32,8192,C2 1층,2110,read 80% / fill 20%,9.4,nominal,19.0,0.0,0.123561934902901,17.076456448,17.491143200616,5.848245277330915,3.4445825683048366,7.27687089163317,1.1409819356593234,1.0116035679793165,1.0116035679793165,9.4,1.0071939242827197,0.9468739731107298,8.467815314849608,0.4534806930269979,0.123561934902901,2.381333333333333,True,0.44327219292660464,1.0,1.0071939242827197
granite-4.0-h-tiny,32,8192,C2 1층,2110,read 80% / fill 20%,9.4,local,21.0,0.0,0.123561934902901,17.076456448,17.491143200616,5.848245277330915,3.4445825683048366,7.27687089163317,1.1409819356593234,1.0116035679793165,1.0116035679793165,9.4,1.0071939242827197,0.9468739731107298,8.467815314849608,0.4534806930269979,0.123561934902901,2.381333333333333,True,0.44327219292660464,1.0,1.0071939242827197
granite-4.0-h-tiny,32,8192,C2 1층,2110,read-only,15.0,cross-partition,16.8,0.0,0.123561934902901,17.076456448,17.491143200616,5.848245277330915,3.4445825683048366,7.27687089163317,1.1409819356593234,1.026849834995088,1.026849834995088,15.0,1.0239980111560483,0.9468739731107298,13.512471247100436,0.575944813142856,0.123561934902901,3.7999999999999994,True,0.5595776328771767,1.0,1.0239980111560483
granite-4.0-h-tiny,32,8192,C2 1층,2110,read-only,15.0,nominal,19.0,0.0,0.123561934902901,17.076456448,17.491143200616,5.848245277330915,3.4445825683048366,7.27687089163317,1.1409819356593234,1.026849834995088,1.026849834995088,15.0,1.0239980111560483,0.9468739731107298,13.512471247100436,0.575944813142856,0.123561934902901,3.7999999999999994,True,0.5595776328771767,1.0,1.0239980111560483
granite-4.0-h-tiny,32,8192,C2 1층,2110,read-only,15.0,local,21.0,0.0,0.123561934902901,17.076456448,17.491143200616,5.848245277330915,3.4445825683048366,7.27687089163317,1.1409819356593234,1.026849834995088,1.026849834995088,15.0,1.0239980111560483,0.9468739731107298,13.512471247100436,0.575944813142856,0.123561934902901,3.7999999999999994,True,0.5595776328771767,1.0,1.0239980111560483
granite-4.0-h-tiny,32,8192,C3 2층,2780,"thermal-capped (0.5 pJ/b, 20 W)",5.0,cross-partition,16.8,0.0,0.1627972412464762,17.076456448,17.491143200616,5.848245277330915,3.4445825683048366,7.27687089163317,1.1944537802155097,0.970431567365279,0.970431567365279,5.0,0.9604399596251164,0.9468739731107298,4.504157082366812,0.3035568546926952,0.1627972412464762,1.2666666666666666,True,0.2975139960724123,1.0,0.9604399596251164
granite-4.0-h-tiny,32,8192,C3 2층,2780,"thermal-capped (0.5 pJ/b, 20 W)",5.0,nominal,19.0,0.0,0.1627972412464762,17.076456448,17.491143200616,5.848245277330915,3.4445825683048366,7.27687089163317,1.1944537802155097,0.970431567365279,0.970431567365279,5.0,0.9604399596251164,0.9468739731107298,4.504157082366812,0.3035568546926952,0.1627972412464762,1.2666666666666666,True,0.2975139960724123,1.0,0.9604399596251164
granite-4.0-h-tiny,32,8192,C3 2층,2780,"thermal-capped (0.5 pJ/b, 20 W)",5.0,local,21.0,0.0,0.1627972412464762,17.076456448,17.491143200616,5.848245277330915,3.4445825683048366,7.27687089163317,1.1944537802155097,0.970431567365279,0.970431567365279,5.0,0.9604399596251164,0.9468739731107298,4.504157082366812,0.3035568546926952,0.1627972412464762,1.2666666666666666,True,0.2975139960724123,1.0,0.9604399596251164
granite-4.0-h-tiny,32,8192,C3 2층,2780,read 80% / fill 20%,9.4,cross-partition,16.8,0.0,0.1627972412464762,17.076456448,17.491143200616,5.848245277330915,3.4445825683048366,7.27687089163317,1.1944537802155097,1.0153446513244981,1.0153446513244981,9.4,1.0094999519442631,0.9468739731107298,8.467815314849608,0.45682133687305193,0.1627972412464762,2.381333333333333,True,0.44327219292660464,1.0,1.0094999519442631
granite-4.0-h-tiny,32,8192,C3 2층,2780,read 80% / fill 20%,9.4,nominal,19.0,0.0,0.1627972412464762,17.076456448,17.491143200616,5.848245277330915,3.4445825683048366,7.27687089163317,1.1944537802155097,1.0153446513244981,1.0153446513244981,9.4,1.0094999519442631,0.9468739731107298,8.467815314849608,0.45682133687305193,0.1627972412464762,2.381333333333333,True,0.44327219292660464,1.0,1.0094999519442631
granite-4.0-h-tiny,32,8192,C3 2층,2780,read 80% / fill 20%,9.4,local,21.0,0.0,0.1627972412464762,17.076456448,17.491143200616,5.848245277330915,3.4445825683048366,7.27687089163317,1.1944537802155097,1.0153446513244981,1.0153446513244981,9.4,1.0094999519442631,0.9468739731107298,8.467815314849608,0.45682133687305193,0.1627972412464762,2.381333333333333,True,0.44327219292660464,1.0,1.0094999519442631
granite-4.0-h-tiny,32,8192,C3 2층,2780,read-only,15.0,cross-partition,16.8,0.0,0.1627972412464762,17.076456448,17.491143200616,5.848245277330915,3.4445825683048366,7.27687089163317,1.1944537802155097,1.0356798100878675,1.0356798100878672,15.0,1.0318610207449153,0.9468739731107298,13.512471247100436,0.5813441343078638,0.1627972412464762,3.7999999999999994,True,0.5595776328771767,1.0,1.0318610207449153
granite-4.0-h-tiny,32,8192,C3 2층,2780,read-only,15.0,nominal,19.0,0.0,0.1627972412464762,17.076456448,17.491143200616,5.848245277330915,3.4445825683048366,7.27687089163317,1.1944537802155097,1.0356798100878675,1.0356798100878672,15.0,1.0318610207449153,0.9468739731107298,13.512471247100436,0.5813441343078638,0.1627972412464762,3.7999999999999994,True,0.5595776328771767,1.0,1.0318610207449153
granite-4.0-h-tiny,32,8192,C3 2층,2780,read-only,15.0,local,21.0,0.0,0.1627972412464762,17.076456448,17.491143200616,5.848245277330915,3.4445825683048366,7.27687089163317,1.1944537802155097,1.0356798100878675,1.0356798100878672,15.0,1.0318610207449153,0.9468739731107298,13.512471247100436,0.5813441343078638,0.1627972412464762,3.7999999999999994,True,0.5595776328771767,1.0,1.0318610207449153
granite-4.0-h-tiny,32,8192,C1 1층,2950,"thermal-capped (0.5 pJ/b, 20 W)",5.0,cross-partition,16.8,0.4,0.1727524682291744,17.076456448,17.491143200616,5.848245277330915,3.4445825683048366,7.27687089163317,1.2088280249798706,0.9686800566925613,0.9686800566925614,5.0,0.9581221288634889,0.9468739731107298,4.504157082366812,0.3039343564284194,0.1727524682291744,1.2666666666666666,True,0.2975139960724123,1.0,0.6961989222240106
granite-4.0-h-tiny,32,8192,C1 1층,2950,"thermal-capped (0.5 pJ/b, 20 W)",5.0,nominal,19.0,0.4,0.1727524682291744,17.076456448,17.491143200616,5.848245277330915,3.4445825683048366,7.27687089163317,1.2088280249798706,0.9686800566925613,0.9686800566925614,5.0,0.9581221288634889,0.9468739731107298,4.504157082366812,0.3039343564284194,0.1727524682291744,1.2666666666666666,True,0.2975139960724123,1.0,0.6961989222240106
granite-4.0-h-tiny,32,8192,C1 1층,2950,"thermal-capped (0.5 pJ/b, 20 W)",5.0,local,21.0,0.4,0.1727524682291744,17.076456448,17.491143200616,5.848245277330915,3.4445825683048366,7.27687089163317,1.2088280249798706,0.9686800566925613,0.9686800566925614,5.0,0.9581221288634889,0.9468739731107298,4.504157082366812,0.3039343564284194,0.1727524682291744,1.2666666666666666,True,0.2975139960724123,1.0,0.6961989222240106
granite-4.0-h-tiny,32,8192,C1 1층,2950,read 80% / fill 20%,9.4,cross-partition,16.8,0.4,0.1727524682291744,17.076456448,17.491143200616,5.848245277330915,3.4445825683048366,7.27687089163317,1.2088280249798706,1.0162982866786818,1.0162982866786818,9.4,1.0100867439729095,0.9468739731107298,8.467815314849608,0.45767680611249656,0.1727524682291744,2.381333333333333,True,0.44327219292660464,1.0,0.7232348232622297
granite-4.0-h-tiny,32,8192,C1 1층,2950,read 80% / fill 20%,9.4,nominal,19.0,0.4,0.1727524682291744,17.076456448,17.491143200616,5.848245277330915,3.4445825683048366,7.27687089163317,1.2088280249798706,1.0162982866786818,1.0162982866786818,9.4,1.0100867439729095,0.9468739731107298,8.467815314849608,0.45767680611249656,0.1727524682291744,2.381333333333333,True,0.44327219292660464,1.0,0.7232348232622297
granite-4.0-h-tiny,32,8192,C1 1층,2950,read 80% / fill 20%,9.4,local,21.0,0.4,0.1727524682291744,17.076456448,17.491143200616,5.848245277330915,3.4445825683048366,7.27687089163317,1.2088280249798706,1.0162982866786818,1.0162982866786818,9.4,1.0100867439729095,0.9468739731107298,8.467815314849608,0.45767680611249656,0.1727524682291744,2.381333333333333,True,0.44327219292660464,1.0,0.7232348232622297
granite-4.0-h-tiny,32,8192,C1 1층,2950,read-only,15.0,cross-partition,16.8,0.4,0.1727524682291744,17.076456448,17.491143200616,5.848245277330915,3.4445825683048366,7.27687089163317,1.2088280249798706,1.037944458432099,1.037944458432099,15.0,1.0338753571169041,0.9468739731107298,13.512471247100436,0.582730251572302,0.1727524682291744,3.7999999999999994,True,0.5595776328771767,1.0,0.7353496012143376
granite-4.0-h-tiny,32,8192,C1 1층,2950,read-only,15.0,nominal,19.0,0.4,0.1727524682291744,17.076456448,17.491143200616,5.848245277330915,3.4445825683048366,7.27687089163317,1.2088280249798706,1.037944458432099,1.037944458432099,15.0,1.0338753571169041,0.9468739731107298,13.512471247100436,0.582730251572302,0.1727524682291744,3.7999999999999994,True,0.5595776328771767,1.0,0.7353496012143376
granite-4.0-h-tiny,32,8192,C1 1층,2950,read-only,15.0,local,21.0,0.4,0.1727524682291744,17.076456448,17.491143200616,5.848245277330915,3.4445825683048366,7.27687089163317,1.2088280249798706,1.037944458432099,1.037944458432099,15.0,1.0338753571169041,0.9468739731107298,13.512471247100436,0.582730251572302,0.1727524682291744,3.7999999999999994,True,0.5595776328771767,1.0,0.7353496012143376
granite-4.0-h-tiny,32,8192,C2 2층,4220,"thermal-capped (0.5 pJ/b, 20 W)",5.0,cross-partition,16.8,0.0,0.247123869805802,17.076456448,17.491143200616,5.848245277330915,3.4445825683048366,7.27687089163317,1.328239746081548,0.9557926258497785,0.9557926258497785,5.0,0.9411542671211307,0.9468739731107298,4.504157082366812,0.30678450254506373,0.247123869805802,1.2666666666666666,True,0.2975139960724123,1.0,0.9411542671211307
granite-4.0-h-tiny,32,8192,C2 2층,4220,"thermal-capped (0.5 pJ/b, 20 W)",5.0,nominal,19.0,0.0,0.247123869805802,17.076456448,17.491143200616,5.848245277330915,3.4445825683048366,7.27687089163317,1.328239746081548,0.9557926258497785,0.9557926258497785,5.0,0.9411542671211307,0.9468739731107298,4.504157082366812,0.30678450254506373,0.247123869805802,1.2666666666666666,True,0.2975139960724123,1.0,0.9411542671211307
granite-4.0-h-tiny,32,8192,C2 2층,4220,"thermal-capped (0.5 pJ/b, 20 W)",5.0,local,21.0,0.0,0.247123869805802,17.076456448,17.491143200616,5.848245277330915,3.4445825683048366,7.27687089163317,1.328239746081548,0.9557926258497785,0.9557926258497785,5.0,0.9411542671211307,0.9468739731107298,4.504157082366812,0.30678450254506373,0.247123869805802,1.2666666666666666,True,0.2975139960724123,1.0,0.9411542671211307
granite-4.0-h-tiny,32,8192,C2 2층,4220,read 80% / fill 20%,9.4,cross-partition,16.8,0.0,0.247123869805802,17.076456448,17.491143200616,5.848245277330915,3.4445825683048366,7.27687089163317,1.328239746081548,1.0234795828948797,1.0234795828948797,9.4,1.0144921036618801,0.9468739731107298,8.467815314849608,0.4641704778715339,0.247123869805802,2.381333333333333,True,0.44327219292660464,1.0,1.0144921036618801
granite-4.0-h-tiny,32,8192,C2 2층,4220,read 80% / fill 20%,9.4,nominal,19.0,0.0,0.247123869805802,17.076456448,17.491143200616,5.848245277330915,3.4445825683048366,7.27687089163317,1.328239746081548,1.0234795828948797,1.0234795828948797,9.4,1.0144921036618801,0.9468739731107298,8.467815314849608,0.4641704778715339,0.247123869805802,2.381333333333333,True,0.44327219292660464,1.0,1.0144921036618801
granite-4.0-h-tiny,32,8192,C2 2층,4220,read 80% / fill 20%,9.4,local,21.0,0.0,0.247123869805802,17.076456448,17.491143200616,5.848245277330915,3.4445825683048366,7.27687089163317,1.328239746081548,1.0234795828948797,1.0234795828948797,9.4,1.0144921036618801,0.9468739731107298,8.467815314849608,0.4641704778715339,0.247123869805802,2.381333333333333,True,0.44327219292660464,1.0,1.0144921036618801
granite-4.0-h-tiny,32,8192,C2 2층,4220,read-only,15.0,cross-partition,16.8,0.0,0.247123869805802,17.076456448,17.491143200616,5.848245277330915,3.4445825683048366,7.27687089163317,1.328239746081548,1.055181278204793,1.055181278204793,15.0,1.0491761521602496,0.9468739731107298,13.512471247100436,0.5932982947161091,0.247123869805802,3.7999999999999994,True,0.5595776328771767,1.0,1.0491761521602496
granite-4.0-h-tiny,32,8192,C2 2층,4220,read-only,15.0,nominal,19.0,0.0,0.247123869805802,17.076456448,17.491143200616,5.848245277330915,3.4445825683048366,7.27687089163317,1.328239746081548,1.055181278204793,1.055181278204793,15.0,1.0491761521602496,0.9468739731107298,13.512471247100436,0.5932982947161091,0.247123869805802,3.7999999999999994,True,0.5595776328771767,1.0,1.0491761521602496
granite-4.0-h-tiny,32,8192,C2 2층,4220,read-only,15.0,local,21.0,0.0,0.247123869805802,17.076456448,17.491143200616,5.848245277330915,3.4445825683048366,7.27687089163317,1.328239746081548,1.055181278204793,1.055181278204793,15.0,1.0491761521602496,0.9468739731107298,13.512471247100436,0.5932982947161091,0.247123869805802,3.7999999999999994,True,0.5595776328771767,1.0,1.0491761521602496
granite-4.0-h-tiny,8,8192,C3 1층,1390,"thermal-capped (0.5 pJ/b, 20 W)",5.0,cross-partition,16.8,0.0,0.0941153267189273,14.769114112,9.507111676320244,4.751066057966769,3.4445825683048366,7.27687089163317,1.1038932763682223,0.9883519497591935,0.9883519497591935,5.0,0.9865966225179033,0.9755647410160732,4.771937582816682,0.3915588866387141,0.0941153267189273,1.2666666666666666,True,0.3876307327048011,1.0,0.9865966225179033
granite-4.0-h-tiny,8,8192,C3 1층,1390,"thermal-capped (0.5 pJ/b, 20 W)",5.0,nominal,19.0,0.0,0.0941153267189273,14.769114112,9.507111676320244,4.751066057966769,3.4445825683048366,7.27687089163317,1.1038932763682223,0.9883519497591935,0.9883519497591935,5.0,0.9865966225179033,0.9755647410160732,4.771937582816682,0.3915588866387141,0.0941153267189273,1.2666666666666666,True,0.3876307327048011,1.0,0.9865966225179033
granite-4.0-h-tiny,8,8192,C3 1층,1390,"thermal-capped (0.5 pJ/b, 20 W)",5.0,local,21.0,0.0,0.0941153267189273,14.769114112,9.507111676320244,4.751066057966769,3.4445825683048366,7.27687089163317,1.1038932763682223,0.9883519497591935,0.9883519497591935,5.0,0.9865966225179033,0.9755647410160732,4.771937582816682,0.3915588866387141,0.0941153267189273,1.2666666666666666,True,0.3876307327048011,1.0,0.9865966225179033
granite-4.0-h-tiny,8,8192,C3 1층,1390,read 80% / fill 20%,9.4,cross-partition,16.8,0.0,0.0941153267189273,14.769114112,9.507111676320244,4.751066057966769,3.4445825683048366,7.27687089163317,1.1038932763682223,1.0058798721107238,1.0058798721107236,9.4,1.0049119884886992,0.9755647410160732,8.971242655695363,0.5511387244431352,0.0941153267189273,2.381333333333333,True,0.5433879668425085,1.0,1.0049119884886992
granite-4.0-h-tiny,8,8192,C3 1층,1390,read 80% / fill 20%,9.4,nominal,19.0,0.0,0.0941153267189273,14.769114112,9.507111676320244,4.751066057966769,3.4445825683048366,7.27687089163317,1.1038932763682223,1.0058798721107238,1.0058798721107236,9.4,1.0049119884886992,0.9755647410160732,8.971242655695363,0.5511387244431352,0.0941153267189273,2.381333333333333,True,0.5433879668425085,1.0,1.0049119884886992
granite-4.0-h-tiny,8,8192,C3 1층,1390,read 80% / fill 20%,9.4,local,21.0,0.0,0.0941153267189273,14.769114112,9.507111676320244,4.751066057966769,3.4445825683048366,7.27687089163317,1.1038932763682223,1.0058798721107238,1.0058798721107236,9.4,1.0049119884886992,0.9755647410160732,8.971242655695363,0.5511387244431352,0.0941153267189273,2.381333333333333,True,0.5433879668425085,1.0,1.0049119884886992
granite-4.0-h-tiny,8,8192,C3 1층,1390,read-only,15.0,cross-partition,16.8,0.0,0.0941153267189273,14.769114112,9.507111676320244,4.751066057966769,3.4445825683048366,7.27687089163317,1.1038932763682223,1.0135052065680816,1.0135052065680816,15.0,1.0128892167663621,0.9755647410160732,14.315812748450048,0.6663507849465856,0.0941153267189273,3.7999999999999994,True,0.6550540417696115,1.0,1.0128892167663621
granite-4.0-h-tiny,8,8192,C3 1층,1390,read-only,15.0,nominal,19.0,0.0,0.0941153267189273,14.769114112,9.507111676320244,4.751066057966769,3.4445825683048366,7.27687089163317,1.1038932763682223,1.0135052065680816,1.0135052065680816,15.0,1.0128892167663621,0.9755647410160732,14.315812748450048,0.6663507849465856,0.0941153267189273,3.7999999999999994,True,0.6550540417696115,1.0,1.0128892167663621
granite-4.0-h-tiny,8,8192,C3 1층,1390,read-only,15.0,local,21.0,0.0,0.0941153267189273,14.769114112,9.507111676320244,4.751066057966769,3.4445825683048366,7.27687089163317,1.1038932763682223,1.0135052065680816,1.0135052065680816,15.0,1.0128892167663621,0.9755647410160732,14.315812748450048,0.6663507849465856,0.0941153267189273,3.7999999999999994,True,0.6550540417696115,1.0,1.0128892167663621
granite-4.0-h-tiny,8,8192,C2 1층,2110,"thermal-capped (0.5 pJ/b, 20 W)",5.0,cross-partition,16.8,0.0,0.1428657117819688,14.769114112,9.507111676320244,4.751066057966769,3.4445825683048366,7.27687089163317,1.1666783300420573,0.9824244696885993,0.9824244696885993,5.0,0.9797941501356778,0.9755647410160732,4.771937582816682,0.39362507900737487,0.1428657117819688,1.2666666666666666,True,0.3876307327048011,1.0,0.9797941501356778
granite-4.0-h-tiny,8,8192,C2 1층,2110,"thermal-capped (0.5 pJ/b, 20 W)",5.0,nominal,19.0,0.0,0.1428657117819688,14.769114112,9.507111676320244,4.751066057966769,3.4445825683048366,7.27687089163317,1.1666783300420573,0.9824244696885993,0.9824244696885993,5.0,0.9797941501356778,0.9755647410160732,4.771937582816682,0.39362507900737487,0.1428657117819688,1.2666666666666666,True,0.3876307327048011,1.0,0.9797941501356778
granite-4.0-h-tiny,8,8192,C2 1층,2110,"thermal-capped (0.5 pJ/b, 20 W)",5.0,local,21.0,0.0,0.1428657117819688,14.769114112,9.507111676320244,4.751066057966769,3.4445825683048366,7.27687089163317,1.1666783300420573,0.9824244696885993,0.9824244696885993,5.0,0.9797941501356778,0.9755647410160732,4.771937582816682,0.39362507900737487,0.1428657117819688,1.2666666666666666,True,0.3876307327048011,1.0,0.9797941501356778
granite-4.0-h-tiny,8,8192,C2 1층,2110,read 80% / fill 20%,9.4,cross-partition,16.8,0.0,0.1428657117819688,14.769114112,9.507111676320244,4.751066057966769,3.4445825683048366,7.27687089163317,1.1666783300420573,1.0089528287951333,1.008952828795133,9.4,1.0074753476710692,0.9755647410160732,8.971242655695363,0.555241081197943,0.1428657117819688,2.381333333333333,True,0.5433879668425085,1.0,1.0074753476710692
granite-4.0-h-tiny,8,8192,C2 1층,2110,read 80% / fill 20%,9.4,nominal,19.0,0.0,0.1428657117819688,14.769114112,9.507111676320244,4.751066057966769,3.4445825683048366,7.27687089163317,1.1666783300420573,1.0089528287951333,1.008952828795133,9.4,1.0074753476710692,0.9755647410160732,8.971242655695363,0.555241081197943,0.1428657117819688,2.381333333333333,True,0.5433879668425085,1.0,1.0074753476710692
granite-4.0-h-tiny,8,8192,C2 1층,2110,read 80% / fill 20%,9.4,local,21.0,0.0,0.1428657117819688,14.769114112,9.507111676320244,4.751066057966769,3.4445825683048366,7.27687089163317,1.1666783300420573,1.0089528287951333,1.008952828795133,9.4,1.0074753476710692,0.9755647410160732,8.971242655695363,0.555241081197943,0.1428657117819688,2.381333333333333,True,0.5433879668425085,1.0,1.0074753476710692
granite-4.0-h-tiny,8,8192,C2 1층,2110,read-only,15.0,cross-partition,16.8,0.0,0.1428657117819688,14.769114112,9.507111676320244,4.751066057966769,3.4445825683048366,7.27687089163317,1.1666783300420573,1.020645132329425,1.020645132329425,15.0,1.0196971522299711,0.9755647410160732,14.315812748450048,0.6723569005564739,0.1428657117819688,3.7999999999999994,True,0.6550540417696115,1.0,1.0196971522299711
granite-4.0-h-tiny,8,8192,C2 1층,2110,read-only,15.0,nominal,19.0,0.0,0.1428657117819688,14.769114112,9.507111676320244,4.751066057966769,3.4445825683048366,7.27687089163317,1.1666783300420573,1.020645132329425,1.020645132329425,15.0,1.0196971522299711,0.9755647410160732,14.315812748450048,0.6723569005564739,0.1428657117819688,3.7999999999999994,True,0.6550540417696115,1.0,1.0196971522299711
granite-4.0-h-tiny,8,8192,C2 1층,2110,read-only,15.0,local,21.0,0.0,0.1428657117819688,14.769114112,9.507111676320244,4.751066057966769,3.4445825683048366,7.27687089163317,1.1666783300420573,1.020645132329425,1.020645132329425,15.0,1.0196971522299711,0.9755647410160732,14.315812748450048,0.6723569005564739,0.1428657117819688,3.7999999999999994,True,0.6550540417696115,1.0,1.0196971522299711
granite-4.0-h-tiny,8,8192,C3 2층,2780,"thermal-capped (0.5 pJ/b, 20 W)",5.0,cross-partition,16.8,0.0,0.1882306534378546,14.769114112,9.507111676320244,4.751066057966769,3.4445825683048366,7.27687089163317,1.2318770156018013,0.976972129313087,0.976972129313087,5.0,0.973547793938878,0.9755647410160732,4.771937582816682,0.3955674694995212,0.1882306534378546,1.2666666666666666,True,0.3876307327048011,1.0,0.973547793938878
granite-4.0-h-tiny,8,8192,C3 2층,2780,"thermal-capped (0.5 pJ/b, 20 W)",5.0,nominal,19.0,0.0,0.1882306534378546,14.769114112,9.507111676320244,4.751066057966769,3.4445825683048366,7.27687089163317,1.2318770156018013,0.976972129313087,0.976972129313087,5.0,0.973547793938878,0.9755647410160732,4.771937582816682,0.3955674694995212,0.1882306534378546,1.2666666666666666,True,0.3876307327048011,1.0,0.973547793938878
granite-4.0-h-tiny,8,8192,C3 2층,2780,"thermal-capped (0.5 pJ/b, 20 W)",5.0,local,21.0,0.0,0.1882306534378546,14.769114112,9.507111676320244,4.751066057966769,3.4445825683048366,7.27687089163317,1.2318770156018013,0.976972129313087,0.976972129313087,5.0,0.973547793938878,0.9755647410160732,4.771937582816682,0.3955674694995212,0.1882306534378546,1.2666666666666666,True,0.3876307327048011,1.0,0.973547793938878
granite-4.0-h-tiny,8,8192,C3 2층,2780,read 80% / fill 20%,9.4,cross-partition,16.8,0.0,0.1882306534378546,14.769114112,9.507111676320244,4.751066057966769,3.4445825683048366,7.27687089163317,1.2318770156018013,1.0118292989866484,1.0118292989866484,9.4,1.0098724704385478,0.9755647410160732,8.971242655695363,0.5591137914918254,0.1882306534378546,2.381333333333333,True,0.5433879668425085,1.0,1.0098724704385478
granite-4.0-h-tiny,8,8192,C3 2층,2780,read 80% / fill 20%,9.4,nominal,19.0,0.0,0.1882306534378546,14.769114112,9.507111676320244,4.751066057966769,3.4445825683048366,7.27687089163317,1.2318770156018013,1.0118292989866484,1.0118292989866484,9.4,1.0098724704385478,0.9755647410160732,8.971242655695363,0.5591137914918254,0.1882306534378546,2.381333333333333,True,0.5433879668425085,1.0,1.0098724704385478
granite-4.0-h-tiny,8,8192,C3 2층,2780,read 80% / fill 20%,9.4,local,21.0,0.0,0.1882306534378546,14.769114112,9.507111676320244,4.751066057966769,3.4445825683048366,7.27687089163317,1.2318770156018013,1.0118292989866484,1.0118292989866484,9.4,1.0098724704385478,0.9755647410160732,8.971242655695363,0.5591137914918254,0.1882306534378546,2.381333333333333,True,0.5433879668425085,1.0,1.0098724704385478
granite-4.0-h-tiny,8,8192,C3 2층,2780,read-only,15.0,cross-partition,16.8,0.0,0.1882306534378546,14.769114112,9.507111676320244,4.751066057966769,3.4445825683048366,7.27687089163317,1.2318770156018013,1.0273801882341382,1.027380188234138,15.0,1.026115035891187,0.9755647410160732,14.315812748450048,0.6780440017843185,0.1882306534378546,3.7999999999999994,True,0.6550540417696115,1.0,1.026115035891187
granite-4.0-h-tiny,8,8192,C3 2층,2780,read-only,15.0,nominal,19.0,0.0,0.1882306534378546,14.769114112,9.507111676320244,4.751066057966769,3.4445825683048366,7.27687089163317,1.2318770156018013,1.0273801882341382,1.027380188234138,15.0,1.026115035891187,0.9755647410160732,14.315812748450048,0.6780440017843185,0.1882306534378546,3.7999999999999994,True,0.6550540417696115,1.0,1.026115035891187
granite-4.0-h-tiny,8,8192,C3 2층,2780,read-only,15.0,local,21.0,0.0,0.1882306534378546,14.769114112,9.507111676320244,4.751066057966769,3.4445825683048366,7.27687089163317,1.2318770156018013,1.0273801882341382,1.027380188234138,15.0,1.026115035891187,0.9755647410160732,14.315812748450048,0.6780440017843185,0.1882306534378546,3.7999999999999994,True,0.6550540417696115,1.0,1.026115035891187
granite-4.0-h-tiny,8,8192,C1 1층,2950,"thermal-capped (0.5 pJ/b, 20 W)",5.0,cross-partition,16.8,0.4,0.19974116102218387,14.769114112,9.507111676320244,4.751066057966769,3.4445825683048366,7.27687089163317,1.2495956949095577,0.9755983121182845,0.9755983121182845,5.0,0.971975544817425,0.9755647410160732,4.771937582816682,0.3960633677514827,0.19974116102218387,1.2666666666666666,True,0.3876307327048011,1.0,0.6612994822548984
granite-4.0-h-tiny,8,8192,C1 1층,2950,"thermal-capped (0.5 pJ/b, 20 W)",5.0,nominal,19.0,0.4,0.19974116102218387,14.769114112,9.507111676320244,4.751066057966769,3.4445825683048366,7.27687089163317,1.2495956949095577,0.9755983121182845,0.9755983121182845,5.0,0.971975544817425,0.9755647410160732,4.771937582816682,0.3960633677514827,0.19974116102218387,1.2666666666666666,True,0.3876307327048011,1.0,0.6612994822548984
granite-4.0-h-tiny,8,8192,C1 1층,2950,"thermal-capped (0.5 pJ/b, 20 W)",5.0,local,21.0,0.4,0.19974116102218387,14.769114112,9.507111676320244,4.751066057966769,3.4445825683048366,7.27687089163317,1.2495956949095577,0.9755983121182845,0.9755983121182845,5.0,0.971975544817425,0.9755647410160732,4.771937582816682,0.3960633677514827,0.19974116102218387,1.2666666666666666,True,0.3876307327048011,1.0,0.6612994822548984
granite-4.0-h-tiny,8,8192,C1 1층,2950,read 80% / fill 20%,9.4,cross-partition,16.8,0.4,0.19974116102218387,14.769114112,9.507111676320244,4.751066057966769,3.4445825683048366,7.27687089163317,1.2495956949095577,1.0125617602408703,1.0125617602408703,9.4,1.0104825110796563,0.9755647410160732,8.971242655695363,0.5601050273586723,0.19974116102218387,2.381333333333333,True,0.5433879668425085,1.0,0.6789014026950014
granite-4.0-h-tiny,8,8192,C1 1층,2950,read 80% / fill 20%,9.4,nominal,19.0,0.4,0.19974116102218387,14.769114112,9.507111676320244,4.751066057966769,3.4445825683048366,7.27687089163317,1.2495956949095577,1.0125617602408703,1.0125617602408703,9.4,1.0104825110796563,0.9755647410160732,8.971242655695363,0.5601050273586723,0.19974116102218387,2.381333333333333,True,0.5433879668425085,1.0,0.6789014026950014
granite-4.0-h-tiny,8,8192,C1 1층,2950,read 80% / fill 20%,9.4,local,21.0,0.4,0.19974116102218387,14.769114112,9.507111676320244,4.751066057966769,3.4445825683048366,7.27687089163317,1.2495956949095577,1.0125617602408703,1.0125617602408703,9.4,1.0104825110796563,0.9755647410160732,8.971242655695363,0.5601050273586723,0.19974116102218387,2.381333333333333,True,0.5433879668425085,1.0,0.6789014026950014
granite-4.0-h-tiny,8,8192,C1 1층,2950,read-only,15.0,cross-partition,16.8,0.4,0.19974116102218387,14.769114112,9.507111676320244,4.751066057966769,3.4445825683048366,7.27687089163317,1.2495956949095577,1.0291032446707375,1.0291032446707375,15.0,1.0277563243302292,0.9755647410160732,14.315812748450048,0.6795023329694517,0.19974116102218387,3.7999999999999994,True,0.6550540417696115,1.0,0.6866552042673133
granite-4.0-h-tiny,8,8192,C1 1층,2950,read-only,15.0,nominal,19.0,0.4,0.19974116102218387,14.769114112,9.507111676320244,4.751066057966769,3.4445825683048366,7.27687089163317,1.2495956949095577,1.0291032446707375,1.0291032446707375,15.0,1.0277563243302292,0.9755647410160732,14.315812748450048,0.6795023329694517,0.19974116102218387,3.7999999999999994,True,0.6550540417696115,1.0,0.6866552042673133
granite-4.0-h-tiny,8,8192,C1 1층,2950,read-only,15.0,local,21.0,0.4,0.19974116102218387,14.769114112,9.507111676320244,4.751066057966769,3.4445825683048366,7.27687089163317,1.2495956949095577,1.0291032446707375,1.0291032446707375,15.0,1.0277563243302292,0.9755647410160732,14.315812748450048,0.6795023329694517,0.19974116102218387,3.7999999999999994,True,0.6550540417696115,1.0,0.6866552042673133
granite-4.0-h-tiny,8,8192,C2 2층,4220,"thermal-capped (0.5 pJ/b, 20 W)",5.0,cross-partition,16.8,0.0,0.2857314235639376,14.769114112,9.507111676320244,4.751066057966769,3.4445825683048366,7.27687089163317,1.400033590991266,0.9654560673132104,0.9654560673132102,5.0,0.9603886806432069,0.9755647410160732,4.771937582816682,0.3998077311889238,0.2857314235639376,1.2666666666666666,True,0.3876307327048011,1.0,0.9603886806432069
granite-4.0-h-tiny,8,8192,C2 2층,4220,"thermal-capped (0.5 pJ/b, 20 W)",5.0,nominal,19.0,0.0,0.2857314235639376,14.769114112,9.507111676320244,4.751066057966769,3.4445825683048366,7.27687089163317,1.400033590991266,0.9654560673132104,0.9654560673132102,5.0,0.9603886806432069,0.9755647410160732,4.771937582816682,0.3998077311889238,0.2857314235639376,1.2666666666666666,True,0.3876307327048011,1.0,0.9603886806432069
granite-4.0-h-tiny,8,8192,C2 2층,4220,"thermal-capped (0.5 pJ/b, 20 W)",5.0,local,21.0,0.0,0.2857314235639376,14.769114112,9.507111676320244,4.751066057966769,3.4445825683048366,7.27687089163317,1.400033590991266,0.9654560673132104,0.9654560673132102,5.0,0.9603886806432069,0.9755647410160732,4.771937582816682,0.3998077311889238,0.2857314235639376,1.2666666666666666,True,0.3876307327048011,1.0,0.9603886806432069
granite-4.0-h-tiny,8,8192,C2 2층,4220,read 80% / fill 20%,9.4,cross-partition,16.8,0.0,0.2857314235639376,14.769114112,9.507111676320244,4.751066057966769,3.4445825683048366,7.27687089163317,1.400033590991266,1.0180674120370048,1.0180674120370048,9.4,1.0150632987372727,0.9755647410160732,8.971242655695363,0.5676228394203436,0.2857314235639376,2.381333333333333,True,0.5433879668425085,1.0,1.0150632987372727
granite-4.0-h-tiny,8,8192,C2 2층,4220,read 80% / fill 20%,9.4,nominal,19.0,0.0,0.2857314235639376,14.769114112,9.507111676320244,4.751066057966769,3.4445825683048366,7.27687089163317,1.400033590991266,1.0180674120370048,1.0180674120370048,9.4,1.0150632987372727,0.9755647410160732,8.971242655695363,0.5676228394203436,0.2857314235639376,2.381333333333333,True,0.5433879668425085,1.0,1.0150632987372727
granite-4.0-h-tiny,8,8192,C2 2층,4220,read 80% / fill 20%,9.4,local,21.0,0.0,0.2857314235639376,14.769114112,9.507111676320244,4.751066057966769,3.4445825683048366,7.27687089163317,1.400033590991266,1.0180674120370048,1.0180674120370048,9.4,1.0150632987372727,0.9755647410160732,8.971242655695363,0.5676228394203436,0.2857314235639376,2.381333333333333,True,0.5433879668425085,1.0,1.0150632987372727
granite-4.0-h-tiny,8,8192,C2 2층,4220,read-only,15.0,cross-partition,16.8,0.0,0.2857314235639376,14.769114112,9.507111676320244,4.751066057966769,3.4445825683048366,7.27687089163317,1.400033590991266,1.0421606774233536,1.0421606774233536,15.0,1.0401858512902984,0.9755647410160732,14.315812748450048,0.6905986487729032,0.2857314235639376,3.7999999999999994,True,0.6550540417696115,1.0,1.0401858512902984
granite-4.0-h-tiny,8,8192,C2 2층,4220,read-only,15.0,nominal,19.0,0.0,0.2857314235639376,14.769114112,9.507111676320244,4.751066057966769,3.4445825683048366,7.27687089163317,1.400033590991266,1.0421606774233536,1.0421606774233536,15.0,1.0401858512902984,0.9755647410160732,14.315812748450048,0.6905986487729032,0.2857314235639376,3.7999999999999994,True,0.6550540417696115,1.0,1.0401858512902984
granite-4.0-h-tiny,8,8192,C2 2층,4220,read-only,15.0,local,21.0,0.0,0.2857314235639376,14.769114112,9.507111676320244,4.751066057966769,3.4445825683048366,7.27687089163317,1.400033590991266,1.0421606774233536,1.0421606774233536,15.0,1.0401858512902984,0.9755647410160732,14.315812748450048,0.6905986487729032,0.2857314235639376,3.7999999999999994,True,0.6550540417696115,1.0,1.0401858512902984
Qwen3-8B,8,2048,C3 1층,1390,"thermal-capped (0.5 pJ/b, 20 W)",5.0,cross-partition,16.8,0.0,0.07387361692602651,18.815919104,16.317098752,4.737917201499239,2.2013924892103254,6.432856211866254,1.0797662373906542,0.9887932650608157,0.9887932650608157,5.0,0.9887865504976691,0.999927704794956,4.999325244752922,0.2717871463146287,0.07387361692602651,1.2666666666666666,True,0.2688967627340478,1.0,0.9887865504976691
Qwen3-8B,8,2048,C3 1층,1390,"thermal-capped (0.5 pJ/b, 20 W)",5.0,nominal,19.0,0.0,0.07387361692602651,18.815919104,16.317098752,4.737917201499239,2.2013924892103254,6.432856211866254,1.0797662373906542,0.9887932650608157,0.9887932650608157,5.0,0.9887865504976691,0.999927704794956,4.999325244752922,0.2717871463146287,0.07387361692602651,1.2666666666666666,True,0.2688967627340478,1.0,0.9887865504976691
Qwen3-8B,8,2048,C3 1층,1390,"thermal-capped (0.5 pJ/b, 20 W)",5.0,local,21.0,0.0,0.07387361692602651,18.815919104,16.317098752,4.737917201499239,2.2013924892103254,6.432856211866254,1.0797662373906542,0.9887932650608157,0.9887932650608157,5.0,0.9887865504976691,0.999927704794956,4.999325244752922,0.2717871463146287,0.07387361692602651,1.2666666666666666,True,0.2688967627340478,1.0,0.9887865504976691
Qwen3-8B,8,2048,C3 1층,1390,read 80% / fill 20%,9.4,cross-partition,16.8,0.0,0.07387361692602651,18.815919104,16.317098752,4.737917201499239,2.2013924892103254,6.432856211866254,1.0797662373906542,1.01264176074353,1.0126417607435303,9.4,1.0126380147939855,0.999927704794956,9.398731460135494,0.41551127412848066,0.07387361692602651,2.381333333333333,True,0.40879346362409485,1.0,1.0126380147939855
Qwen3-8B,8,2048,C3 1층,1390,read 80% / fill 20%,9.4,nominal,19.0,0.0,0.07387361692602651,18.815919104,16.317098752,4.737917201499239,2.2013924892103254,6.432856211866254,1.0797662373906542,1.01264176074353,1.0126417607435303,9.4,1.0126380147939855,0.999927704794956,9.398731460135494,0.41551127412848066,0.07387361692602651,2.381333333333333,True,0.40879346362409485,1.0,1.0126380147939855
Qwen3-8B,8,2048,C3 1층,1390,read 80% / fill 20%,9.4,local,21.0,0.0,0.07387361692602651,18.815919104,16.317098752,4.737917201499239,2.2013924892103254,6.432856211866254,1.0797662373906542,1.01264176074353,1.0126417607435303,9.4,1.0126380147939855,0.999927704794956,9.398731460135494,0.41551127412848066,0.07387361692602651,2.381333333333333,True,0.40879346362409485,1.0,1.0126380147939855
Qwen3-8B,8,2048,C3 1층,1390,read-only,15.0,cross-partition,16.8,0.0,0.07387361692602651,18.815919104,16.317098752,4.737917201499239,2.2013924892103254,6.432856211866254,1.0797662373906542,1.0231104450731172,1.0231104450731172,15.0,1.0231080488211781,0.999927704794956,14.997975734258766,0.535690288201756,0.07387361692602651,3.7999999999999994,True,0.5245764628620031,1.0,1.0231080488211781
Qwen3-8B,8,2048,C3 1층,1390,read-only,15.0,nominal,19.0,0.0,0.07387361692602651,18.815919104,16.317098752,4.737917201499239,2.2013924892103254,6.432856211866254,1.0797662373906542,1.0231104450731172,1.0231104450731172,15.0,1.0231080488211781,0.999927704794956,14.997975734258766,0.535690288201756,0.07387361692602651,3.7999999999999994,True,0.5245764628620031,1.0,1.0231080488211781
Qwen3-8B,8,2048,C3 1층,1390,read-only,15.0,local,21.0,0.0,0.07387361692602651,18.815919104,16.317098752,4.737917201499239,2.2013924892103254,6.432856211866254,1.0797662373906542,1.0231104450731172,1.0231104450731172,15.0,1.0231080488211781,0.999927704794956,14.997975734258766,0.535690288201756,0.07387361692602651,3.7999999999999994,True,0.5245764628620031,1.0,1.0231080488211781
Qwen3-8B,8,2048,C2 1층,2110,"thermal-capped (0.5 pJ/b, 20 W)",5.0,cross-partition,16.8,0.0,0.1121390875639683,18.815919104,16.317098752,4.737917201499239,2.2013924892103254,6.432856211866254,1.1263025390500538,0.983086519139633,0.983086519139633,5.0,0.9830764438764857,0.999927704794956,4.999325244752922,0.27330888948541554,0.1121390875639683,1.2666666666666666,True,0.2688967627340478,1.0,0.9830764438764857
Qwen3-8B,8,2048,C2 1층,2110,"thermal-capped (0.5 pJ/b, 20 W)",5.0,nominal,19.0,0.0,0.1121390875639683,18.815919104,16.317098752,4.737917201499239,2.2013924892103254,6.432856211866254,1.1263025390500538,0.983086519139633,0.983086519139633,5.0,0.9830764438764857,0.999927704794956,4.999325244752922,0.27330888948541554,0.1121390875639683,1.2666666666666666,True,0.2688967627340478,1.0,0.9830764438764857
Qwen3-8B,8,2048,C2 1층,2110,"thermal-capped (0.5 pJ/b, 20 W)",5.0,local,21.0,0.0,0.1121390875639683,18.815919104,16.317098752,4.737917201499239,2.2013924892103254,6.432856211866254,1.1263025390500538,0.983086519139633,0.983086519139633,5.0,0.9830764438764857,0.999927704794956,4.999325244752922,0.27330888948541554,0.1121390875639683,1.2666666666666666,True,0.2688967627340478,1.0,0.9830764438764857
Qwen3-8B,8,2048,C2 1층,2110,read 80% / fill 20%,9.4,cross-partition,16.8,0.0,0.1121390875639683,18.815919104,16.317098752,4.737917201499239,2.2013924892103254,6.432856211866254,1.1263025390500538,1.0193165001884703,1.0193165001884705,9.4,1.0193107386936984,0.999927704794956,9.398731460135494,0.41907855197579724,0.1121390875639683,2.381333333333333,True,0.40879346362409485,1.0,1.0193107386936984
Qwen3-8B,8,2048,C2 1층,2110,read 80% / fill 20%,9.4,nominal,19.0,0.0,0.1121390875639683,18.815919104,16.317098752,4.737917201499239,2.2013924892103254,6.432856211866254,1.1263025390500538,1.0193165001884703,1.0193165001884705,9.4,1.0193107386936984,0.999927704794956,9.398731460135494,0.41907855197579724,0.1121390875639683,2.381333333333333,True,0.40879346362409485,1.0,1.0193107386936984
Qwen3-8B,8,2048,C2 1층,2110,read 80% / fill 20%,9.4,local,21.0,0.0,0.1121390875639683,18.815919104,16.317098752,4.737917201499239,2.2013924892103254,6.432856211866254,1.1263025390500538,1.0193165001884703,1.0193165001884705,9.4,1.0193107386936984,0.999927704794956,9.398731460135494,0.41907855197579724,0.1121390875639683,2.381333333333333,True,0.40879346362409485,1.0,1.0193107386936984
Qwen3-8B,8,2048,C2 1층,2110,read-only,15.0,cross-partition,16.8,0.0,0.1121390875639683,18.815919104,16.317098752,4.737917201499239,2.2013924892103254,6.432856211866254,1.1263025390500538,1.035506365466661,1.035506365466661,15.0,1.0355026393187043,0.999927704794956,14.997975734258766,0.5416342855991536,0.1121390875639683,3.7999999999999994,True,0.5245764628620031,1.0,1.0355026393187043
Qwen3-8B,8,2048,C2 1층,2110,read-only,15.0,nominal,19.0,0.0,0.1121390875639683,18.815919104,16.317098752,4.737917201499239,2.2013924892103254,6.432856211866254,1.1263025390500538,1.035506365466661,1.035506365466661,15.0,1.0355026393187043,0.999927704794956,14.997975734258766,0.5416342855991536,0.1121390875639683,3.7999999999999994,True,0.5245764628620031,1.0,1.0355026393187043
Qwen3-8B,8,2048,C2 1층,2110,read-only,15.0,local,21.0,0.0,0.1121390875639683,18.815919104,16.317098752,4.737917201499239,2.2013924892103254,6.432856211866254,1.1263025390500538,1.035506365466661,1.035506365466661,15.0,1.0355026393187043,0.999927704794956,14.997975734258766,0.5416342855991536,0.1121390875639683,3.7999999999999994,True,0.5245764628620031,1.0,1.0355026393187043
Qwen3-8B,8,2048,C3 2층,2780,"thermal-capped (0.5 pJ/b, 20 W)",5.0,cross-partition,16.8,0.0,0.14774723385205302,18.815919104,16.317098752,4.737917201499239,2.2013924892103254,6.432856211866254,1.1733608146792507,0.9778349282061332,0.9778349282061334,5.0,0.9778217951751934,0.999927704794956,4.999325244752922,0.27474034280420445,0.14774723385205302,1.2666666666666666,True,0.2688967627340478,1.0,0.9778217951751934
Qwen3-8B,8,2048,C3 2층,2780,"thermal-capped (0.5 pJ/b, 20 W)",5.0,nominal,19.0,0.0,0.14774723385205302,18.815919104,16.317098752,4.737917201499239,2.2013924892103254,6.432856211866254,1.1733608146792507,0.9778349282061332,0.9778349282061334,5.0,0.9778217951751934,0.999927704794956,4.999325244752922,0.27474034280420445,0.14774723385205302,1.2666666666666666,True,0.2688967627340478,1.0,0.9778217951751934
Qwen3-8B,8,2048,C3 2층,2780,"thermal-capped (0.5 pJ/b, 20 W)",5.0,local,21.0,0.0,0.14774723385205302,18.815919104,16.317098752,4.737917201499239,2.2013924892103254,6.432856211866254,1.1733608146792507,0.9778349282061332,0.9778349282061334,5.0,0.9778217951751934,0.999927704794956,4.999325244752922,0.27474034280420445,0.14774723385205302,1.2666666666666666,True,0.2688967627340478,1.0,0.9778217951751934
Qwen3-8B,8,2048,C3 2층,2780,read 80% / fill 20%,9.4,cross-partition,16.8,0.0,0.14774723385205302,18.815919104,16.317098752,4.737917201499239,2.2013924892103254,6.432856211866254,1.1733608146792507,1.0256072421151823,1.0256072421151823,9.4,1.0255995571702075,0.999927704794956,9.398731460135494,0.4224535646660277,0.14774723385205302,2.381333333333333,True,0.40879346362409485,1.0,1.0255995571702075
Qwen3-8B,8,2048,C3 2층,2780,read 80% / fill 20%,9.4,nominal,19.0,0.0,0.14774723385205302,18.815919104,16.317098752,4.737917201499239,2.2013924892103254,6.432856211866254,1.1733608146792507,1.0256072421151823,1.0256072421151823,9.4,1.0255995571702075,0.999927704794956,9.398731460135494,0.4224535646660277,0.14774723385205302,2.381333333333333,True,0.40879346362409485,1.0,1.0255995571702075
Qwen3-8B,8,2048,C3 2층,2780,read 80% / fill 20%,9.4,local,21.0,0.0,0.14774723385205302,18.815919104,16.317098752,4.737917201499239,2.2013924892103254,6.432856211866254,1.1733608146792507,1.0256072421151823,1.0256072421151823,9.4,1.0255995571702075,0.999927704794956,9.398731460135494,0.4224535646660277,0.14774723385205302,2.381333333333333,True,0.40879346362409485,1.0,1.0255995571702075
Qwen3-8B,8,2048,C3 2층,2780,read-only,15.0,cross-partition,16.8,0.0,0.14774723385205302,18.815919104,16.317098752,4.737917201499239,2.2013924892103254,6.432856211866254,1.1733608146792507,1.0473143457345022,1.0473143457345022,15.0,1.0473093238065754,0.999927704794956,14.997975734258766,0.5472852278608625,0.14774723385205302,3.7999999999999994,True,0.5245764628620031,1.0,1.0473093238065754
Qwen3-8B,8,2048,C3 2층,2780,read-only,15.0,nominal,19.0,0.0,0.14774723385205302,18.815919104,16.317098752,4.737917201499239,2.2013924892103254,6.432856211866254,1.1733608146792507,1.0473143457345022,1.0473143457345022,15.0,1.0473093238065754,0.999927704794956,14.997975734258766,0.5472852278608625,0.14774723385205302,3.7999999999999994,True,0.5245764628620031,1.0,1.0473093238065754
Qwen3-8B,8,2048,C3 2층,2780,read-only,15.0,local,21.0,0.0,0.14774723385205302,18.815919104,16.317098752,4.737917201499239,2.2013924892103254,6.432856211866254,1.1733608146792507,1.0473143457345022,1.0473143457345022,15.0,1.0473093238065754,0.999927704794956,14.997975734258766,0.5472852278608625,0.14774723385205302,3.7999999999999994,True,0.5245764628620031,1.0,1.0473093238065754
Qwen3-8B,8,2048,C1 1층,2950,"thermal-capped (0.5 pJ/b, 20 W)",5.0,cross-partition,16.8,0.4,0.15678213664156707,18.815919104,16.317098752,4.737917201499239,2.2013924892103254,6.432856211866254,1.1859331300420073,0.9765113470911383,0.9765113470911383,5.0,0.9764974486742253,0.999927704794956,4.999325244752922,0.27510593550094464,0.15678213664156707,1.2666666666666666,True,0.2688967627340478,1.0,0.7497243702885661
Qwen3-8B,8,2048,C1 1층,2950,"thermal-capped (0.5 pJ/b, 20 W)",5.0,nominal,19.0,0.4,0.15678213664156707,18.815919104,16.317098752,4.737917201499239,2.2013924892103254,6.432856211866254,1.1859331300420073,0.9765113470911383,0.9765113470911383,5.0,0.9764974486742253,0.999927704794956,4.999325244752922,0.27510593550094464,0.15678213664156707,1.2666666666666666,True,0.2688967627340478,1.0,0.7497243702885661
Qwen3-8B,8,2048,C1 1층,2950,"thermal-capped (0.5 pJ/b, 20 W)",5.0,local,21.0,0.4,0.15678213664156707,18.815919104,16.317098752,4.737917201499239,2.2013924892103254,6.432856211866254,1.1859331300420073,0.9765113470911383,0.9765113470911383,5.0,0.9764974486742253,0.999927704794956,4.999325244752922,0.27510593550094464,0.15678213664156707,1.2666666666666666,True,0.2688967627340478,1.0,0.7497243702885661
Qwen3-8B,8,2048,C1 1층,2950,read 80% / fill 20%,9.4,cross-partition,16.8,0.4,0.15678213664156707,18.815919104,16.317098752,4.737917201499239,2.2013924892103254,6.432856211866254,1.1859331300420073,1.0272157700640514,1.0272157700640514,9.4,1.0272075895804857,0.999927704794956,9.398731460135494,0.42331857524713884,0.15678213664156707,2.381333333333333,True,0.40879346362409485,1.0,0.7792602306162475
Qwen3-8B,8,2048,C1 1층,2950,read 80% / fill 20%,9.4,nominal,19.0,0.4,0.15678213664156707,18.815919104,16.317098752,4.737917201499239,2.2013924892103254,6.432856211866254,1.1859331300420073,1.0272157700640514,1.0272157700640514,9.4,1.0272075895804857,0.999927704794956,9.398731460135494,0.42331857524713884,0.15678213664156707,2.381333333333333,True,0.40879346362409485,1.0,0.7792602306162475
Qwen3-8B,8,2048,C1 1층,2950,read 80% / fill 20%,9.4,local,21.0,0.4,0.15678213664156707,18.815919104,16.317098752,4.737917201499239,2.2013924892103254,6.432856211866254,1.1859331300420073,1.0272157700640514,1.0272157700640514,9.4,1.0272075895804857,0.999927704794956,9.398731460135494,0.42331857524713884,0.15678213664156707,2.381333333333333,True,0.40879346362409485,1.0,0.7792602306162475
Qwen3-8B,8,2048,C1 1층,2950,read-only,15.0,cross-partition,16.8,0.4,0.15678213664156707,18.815919104,16.317098752,4.737917201499239,2.2013924892103254,6.432856211866254,1.1859331300420073,1.0503533575775414,1.0503533575775414,15.0,1.0503479975834225,0.999927704794956,14.997975734258766,0.5487378536875509,0.15678213664156707,3.7999999999999994,True,0.5245764628620031,1.0,0.7925056111261966
Qwen3-8B,8,2048,C1 1층,2950,read-only,15.0,nominal,19.0,0.4,0.15678213664156707,18.815919104,16.317098752,4.737917201499239,2.2013924892103254,6.432856211866254,1.1859331300420073,1.0503533575775414,1.0503533575775414,15.0,1.0503479975834225,0.999927704794956,14.997975734258766,0.5487378536875509,0.15678213664156707,3.7999999999999994,True,0.5245764628620031,1.0,0.7925056111261966
Qwen3-8B,8,2048,C1 1층,2950,read-only,15.0,local,21.0,0.4,0.15678213664156707,18.815919104,16.317098752,4.737917201499239,2.2013924892103254,6.432856211866254,1.1859331300420073,1.0503533575775414,1.0503533575775414,15.0,1.0503479975834225,0.999927704794956,14.997975734258766,0.5487378536875509,0.15678213664156707,3.7999999999999994,True,0.5245764628620031,1.0,0.7925056111261966
Qwen3-8B,8,2048,C2 2층,4220,"thermal-capped (0.5 pJ/b, 20 W)",5.0,cross-partition,16.8,0.0,0.2242781751279366,18.815919104,16.317098752,4.737917201499239,2.2013924892103254,6.432856211866254,1.2891219093454356,0.9667356541560307,0.9667356541560307,5.0,0.9667161685426457,0.999927704794956,4.999325244752922,0.2778682222353307,0.2242781751279366,1.2666666666666666,True,0.2688967627340478,1.0,0.9667161685426457
Qwen3-8B,8,2048,C2 2층,4220,"thermal-capped (0.5 pJ/b, 20 W)",5.0,nominal,19.0,0.0,0.2242781751279366,18.815919104,16.317098752,4.737917201499239,2.2013924892103254,6.432856211866254,1.2891219093454356,0.9667356541560307,0.9667356541560307,5.0,0.9667161685426457,0.999927704794956,4.999325244752922,0.2778682222353307,0.2242781751279366,1.2666666666666666,True,0.2688967627340478,1.0,0.9667161685426457
Qwen3-8B,8,2048,C2 2층,4220,"thermal-capped (0.5 pJ/b, 20 W)",5.0,local,21.0,0.0,0.2242781751279366,18.815919104,16.317098752,4.737917201499239,2.2013924892103254,6.432856211866254,1.2891219093454356,0.9667356541560307,0.9667356541560307,5.0,0.9667161685426457,0.999927704794956,4.999325244752922,0.2778682222353307,0.2242781751279366,1.2666666666666666,True,0.2688967627340478,1.0,0.9667161685426457
Qwen3-8B,8,2048,C2 2층,4220,read 80% / fill 20%,9.4,cross-partition,16.8,0.0,0.2242781751279366,18.815919104,16.317098752,4.737917201499239,2.2013924892103254,6.432856211866254,1.2891219093454356,1.0393939536908348,1.0393939536908345,9.4,1.0393819723649795,0.999927704794956,9.398731460135494,0.4298945352796071,0.2242781751279366,2.381333333333333,True,0.40879346362409485,1.0,1.0393819723649795
Qwen3-8B,8,2048,C2 2층,4220,read 80% / fill 20%,9.4,nominal,19.0,0.0,0.2242781751279366,18.815919104,16.317098752,4.737917201499239,2.2013924892103254,6.432856211866254,1.2891219093454356,1.0393939536908348,1.0393939536908345,9.4,1.0393819723649795,0.999927704794956,9.398731460135494,0.4298945352796071,0.2242781751279366,2.381333333333333,True,0.40879346362409485,1.0,1.0393819723649795
Qwen3-8B,8,2048,C2 2층,4220,read 80% / fill 20%,9.4,local,21.0,0.0,0.2242781751279366,18.815919104,16.317098752,4.737917201499239,2.2013924892103254,6.432856211866254,1.2891219093454356,1.0393939536908348,1.0393939536908345,9.4,1.0393819723649795,0.999927704794956,9.398731460135494,0.4298945352796071,0.2242781751279366,2.381333333333333,True,0.40879346362409485,1.0,1.0393819723649795
Qwen3-8B,8,2048,C2 2층,4220,read-only,15.0,cross-partition,16.8,0.0,0.2242781751279366,18.815919104,16.317098752,4.737917201499239,2.2013924892103254,6.432856211866254,1.2891219093454356,1.0736269565611816,1.0736269565611816,15.0,1.0736189455067584,0.999927704794956,14.997975734258766,0.5598387433306777,0.2242781751279366,3.7999999999999994,True,0.5245764628620031,1.0,1.0736189455067584
Qwen3-8B,8,2048,C2 2층,4220,read-only,15.0,nominal,19.0,0.0,0.2242781751279366,18.815919104,16.317098752,4.737917201499239,2.2013924892103254,6.432856211866254,1.2891219093454356,1.0736269565611816,1.0736269565611816,15.0,1.0736189455067584,0.999927704794956,14.997975734258766,0.5598387433306777,0.2242781751279366,3.7999999999999994,True,0.5245764628620031,1.0,1.0736189455067584
Qwen3-8B,8,2048,C2 2층,4220,read-only,15.0,local,21.0,0.0,0.2242781751279366,18.815919104,16.317098752,4.737917201499239,2.2013924892103254,6.432856211866254,1.2891219093454356,1.0736269565611816,1.0736269565611816,15.0,1.0736189455067584,0.999927704794956,14.997975734258766,0.5598387433306777,0.2242781751279366,3.7999999999999994,True,0.5245764628620031,1.0,1.0736189455067584
Mistral-7B,8,2048,C3 1층,1390,"thermal-capped (0.5 pJ/b, 20 W)",5.0,cross-partition,16.8,0.0,0.08349610243749915,16.647483648,16.348532224,4.583370596362554,2.0902415284728115,6.557435166338128,1.0911028339972828,0.9860502947640841,0.9860502947640839,5.0,0.9860433601070071,0.9999358611534276,4.999401370765325,0.26521157900464176,0.08349610243749915,1.2666666666666666,True,0.2620550412278724,1.0,0.9860433601070071
Mistral-7B,8,2048,C3 1층,1390,"thermal-capped (0.5 pJ/b, 20 W)",5.0,nominal,19.0,0.0,0.08349610243749915,16.647483648,16.348532224,4.583370596362554,2.0902415284728115,6.557435166338128,1.0911028339972828,0.9860502947640841,0.9860502947640839,5.0,0.9860433601070071,0.9999358611534276,4.999401370765325,0.26521157900464176,0.08349610243749915,1.2666666666666666,True,0.2620550412278724,1.0,0.9860433601070071
Mistral-7B,8,2048,C3 1층,1390,"thermal-capped (0.5 pJ/b, 20 W)",5.0,local,21.0,0.0,0.08349610243749915,16.647483648,16.348532224,4.583370596362554,2.0902415284728115,6.557435166338128,1.0911028339972828,0.9860502947640841,0.9860502947640839,5.0,0.9860433601070071,0.9999358611534276,4.999401370765325,0.26521157900464176,0.08349610243749915,1.2666666666666666,True,0.2620550412278724,1.0,0.9860433601070071
Mistral-7B,8,2048,C3 1층,1390,read 80% / fill 20%,9.4,cross-partition,16.8,0.0,0.08349610243749915,16.647483648,16.348532224,4.583370596362554,2.0902415284728115,6.557435166338128,1.0911028339972828,1.0139256223905684,1.0139256223905684,9.4,1.013921722229114,0.9999358611534276,9.39887457703881,0.4077554406645828,0.08349610243749915,2.381333333333333,True,0.4003413782839476,1.0,1.013921722229114
Mistral-7B,8,2048,C3 1층,1390,read 80% / fill 20%,9.4,nominal,19.0,0.0,0.08349610243749915,16.647483648,16.348532224,4.583370596362554,2.0902415284728115,6.557435166338128,1.0911028339972828,1.0139256223905684,1.0139256223905684,9.4,1.013921722229114,0.9999358611534276,9.39887457703881,0.4077554406645828,0.08349610243749915,2.381333333333333,True,0.4003413782839476,1.0,1.013921722229114
Mistral-7B,8,2048,C3 1층,1390,read 80% / fill 20%,9.4,local,21.0,0.0,0.08349610243749915,16.647483648,16.348532224,4.583370596362554,2.0902415284728115,6.557435166338128,1.0911028339972828,1.0139256223905684,1.0139256223905684,9.4,1.013921722229114,0.9999358611534276,9.39887457703881,0.4077554406645828,0.08349610243749915,2.381333333333333,True,0.4003413782839476,1.0,1.013921722229114
Mistral-7B,8,2048,C3 1층,1390,read-only,15.0,cross-partition,16.8,0.0,0.08349610243749915,16.647483648,16.348532224,4.583370596362554,2.0902415284728115,6.557435166338128,1.0911028339972828,1.0262334434234546,1.0262334434234546,15.0,1.0262309396217981,0.9999358611534276,14.998204112295973,0.5281932981737681,0.08349610243749915,3.7999999999999994,True,0.5158191214225794,1.0,1.0262309396217981
Mistral-7B,8,2048,C3 1층,1390,read-only,15.0,nominal,19.0,0.0,0.08349610243749915,16.647483648,16.348532224,4.583370596362554,2.0902415284728115,6.557435166338128,1.0911028339972828,1.0262334434234546,1.0262334434234546,15.0,1.0262309396217981,0.9999358611534276,14.998204112295973,0.5281932981737681,0.08349610243749915,3.7999999999999994,True,0.5158191214225794,1.0,1.0262309396217981
Mistral-7B,8,2048,C3 1층,1390,read-only,15.0,local,21.0,0.0,0.08349610243749915,16.647483648,16.348532224,4.583370596362554,2.0902415284728115,6.557435166338128,1.0911028339972828,1.0262334434234546,1.0262334434234546,15.0,1.0262309396217981,0.9999358611534276,14.998204112295973,0.5281932981737681,0.08349610243749915,3.7999999999999994,True,0.5158191214225794,1.0,1.0262309396217981
Mistral-7B,8,2048,C2 1층,2110,"thermal-capped (0.5 pJ/b, 20 W)",5.0,cross-partition,16.8,0.0,0.12674588211735482,16.647483648,16.348532224,4.583370596362554,2.0902415284728115,6.557435166338128,1.1451420377205572,0.9789764589472817,0.9789764589472817,5.0,0.9789660827681959,0.9999358611534276,4.999401370765325,0.2668767039764105,0.12674588211735482,1.2666666666666666,True,0.2620550412278724,1.0,0.9789660827681959
Mistral-7B,8,2048,C2 1층,2110,"thermal-capped (0.5 pJ/b, 20 W)",5.0,nominal,19.0,0.0,0.12674588211735482,16.647483648,16.348532224,4.583370596362554,2.0902415284728115,6.557435166338128,1.1451420377205572,0.9789764589472817,0.9789764589472817,5.0,0.9789660827681959,0.9999358611534276,4.999401370765325,0.2668767039764105,0.12674588211735482,1.2666666666666666,True,0.2620550412278724,1.0,0.9789660827681959
Mistral-7B,8,2048,C2 1층,2110,"thermal-capped (0.5 pJ/b, 20 W)",5.0,local,21.0,0.0,0.12674588211735482,16.647483648,16.348532224,4.583370596362554,2.0902415284728115,6.557435166338128,1.1451420377205572,0.9789764589472817,0.9789764589472817,5.0,0.9789660827681959,0.9999358611534276,4.999401370765325,0.2668767039764105,0.12674588211735482,1.2666666666666666,True,0.2620550412278724,1.0,0.9789660827681959
Mistral-7B,8,2048,C2 1층,2110,read 80% / fill 20%,9.4,cross-partition,16.8,0.0,0.12674588211735482,16.647483648,16.348532224,4.583370596362554,2.0902415284728115,6.557435166338128,1.1451420377205572,1.021292482891498,1.021292482891498,9.4,1.0212864761708929,0.9999358611534276,9.39887457703881,0.4117048250866441,0.12674588211735482,2.381333333333333,True,0.4003413782839476,1.0,1.0212864761708929
Mistral-7B,8,2048,C2 1층,2110,read 80% / fill 20%,9.4,nominal,19.0,0.0,0.12674588211735482,16.647483648,16.348532224,4.583370596362554,2.0902415284728115,6.557435166338128,1.1451420377205572,1.021292482891498,1.021292482891498,9.4,1.0212864761708929,0.9999358611534276,9.39887457703881,0.4117048250866441,0.12674588211735482,2.381333333333333,True,0.4003413782839476,1.0,1.0212864761708929
Mistral-7B,8,2048,C2 1층,2110,read 80% / fill 20%,9.4,local,21.0,0.0,0.12674588211735482,16.647483648,16.348532224,4.583370596362554,2.0902415284728115,6.557435166338128,1.1451420377205572,1.021292482891498,1.021292482891498,9.4,1.0212864761708929,0.9999358611534276,9.39887457703881,0.4117048250866441,0.12674588211735482,2.381333333333333,True,0.4003413782839476,1.0,1.0212864761708929
Mistral-7B,8,2048,C2 1층,2110,read-only,15.0,cross-partition,16.8,0.0,0.12674588211735482,16.647483648,16.348532224,4.583370596362554,2.0902415284728115,6.557435166338128,1.1451420377205572,1.0403705669729804,1.0403705669729804,15.0,1.0403666608060986,0.9999358611534276,14.998204112295973,0.5348392911575837,0.12674588211735482,3.7999999999999994,True,0.5158191214225794,1.0,1.0403666608060986
Mistral-7B,8,2048,C2 1층,2110,read-only,15.0,nominal,19.0,0.0,0.12674588211735482,16.647483648,16.348532224,4.583370596362554,2.0902415284728115,6.557435166338128,1.1451420377205572,1.0403705669729804,1.0403705669729804,15.0,1.0403666608060986,0.9999358611534276,14.998204112295973,0.5348392911575837,0.12674588211735482,3.7999999999999994,True,0.5158191214225794,1.0,1.0403666608060986
Mistral-7B,8,2048,C2 1층,2110,read-only,15.0,local,21.0,0.0,0.12674588211735482,16.647483648,16.348532224,4.583370596362554,2.0902415284728115,6.557435166338128,1.1451420377205572,1.0403705669729804,1.0403705669729804,15.0,1.0403666608060986,0.9999358611534276,14.998204112295973,0.5348392911575837,0.12674588211735482,3.7999999999999994,True,0.5158191214225794,1.0,1.0403666608060986
Mistral-7B,8,2048,C3 2층,2780,"thermal-capped (0.5 pJ/b, 20 W)",5.0,cross-partition,16.8,0.0,0.1669922048749983,16.647483648,16.348532224,4.583370596362554,2.0902415284728115,6.557435166338128,1.2004689582165786,0.9724844237068537,0.9724844237068538,5.0,0.9724709334819963,0.9999358611534276,4.999401370765325,0.2684450869500553,0.1669922048749983,1.2666666666666666,True,0.2620550412278724,1.0,0.9724709334819963
Mistral-7B,8,2048,C3 2층,2780,"thermal-capped (0.5 pJ/b, 20 W)",5.0,nominal,19.0,0.0,0.1669922048749983,16.647483648,16.348532224,4.583370596362554,2.0902415284728115,6.557435166338128,1.2004689582165786,0.9724844237068537,0.9724844237068538,5.0,0.9724709334819963,0.9999358611534276,4.999401370765325,0.2684450869500553,0.1669922048749983,1.2666666666666666,True,0.2620550412278724,1.0,0.9724709334819963
Mistral-7B,8,2048,C3 2층,2780,"thermal-capped (0.5 pJ/b, 20 W)",5.0,local,21.0,0.0,0.1669922048749983,16.647483648,16.348532224,4.583370596362554,2.0902415284728115,6.557435166338128,1.2004689582165786,0.9724844237068537,0.9724844237068538,5.0,0.9724709334819963,0.9999358611534276,4.999401370765325,0.2684450869500553,0.1669922048749983,1.2666666666666666,True,0.2620550412278724,1.0,0.9724709334819963
Mistral-7B,8,2048,C3 2층,2780,read 80% / fill 20%,9.4,cross-partition,16.8,0.0,0.1669922048749983,16.647483648,16.348532224,4.583370596362554,2.0902415284728115,6.557435166338128,1.2004689582165786,1.0282445679692611,1.0282445679692613,9.4,1.0282365458056435,0.9999358611534276,9.39887457703881,0.41544929179371753,0.1669922048749983,2.381333333333333,True,0.4003413782839476,1.0,1.0282365458056435
Mistral-7B,8,2048,C3 2층,2780,read 80% / fill 20%,9.4,nominal,19.0,0.0,0.1669922048749983,16.647483648,16.348532224,4.583370596362554,2.0902415284728115,6.557435166338128,1.2004689582165786,1.0282445679692611,1.0282445679692613,9.4,1.0282365458056435,0.9999358611534276,9.39887457703881,0.41544929179371753,0.1669922048749983,2.381333333333333,True,0.4003413782839476,1.0,1.0282365458056435
Mistral-7B,8,2048,C3 2층,2780,read 80% / fill 20%,9.4,local,21.0,0.0,0.1669922048749983,16.647483648,16.348532224,4.583370596362554,2.0902415284728115,6.557435166338128,1.2004689582165786,1.0282445679692611,1.0282445679692613,9.4,1.0282365458056435,0.9999358611534276,9.39887457703881,0.41544929179371753,0.1669922048749983,2.381333333333333,True,0.4003413782839476,1.0,1.0282365458056435
Mistral-7B,8,2048,C3 2층,2780,read-only,15.0,cross-partition,16.8,0.0,0.1669922048749983,16.647483648,16.348532224,4.583370596362554,2.0902415284728115,6.557435166338128,1.2004689582165786,1.0538803540669601,1.0538803540669601,15.0,1.0538750730314028,0.9999358611534276,14.998204112295973,0.5411757648755875,0.1669922048749983,3.7999999999999994,True,0.5158191214225794,1.0,1.0538750730314028
Mistral-7B,8,2048,C3 2층,2780,read-only,15.0,nominal,19.0,0.0,0.1669922048749983,16.647483648,16.348532224,4.583370596362554,2.0902415284728115,6.557435166338128,1.2004689582165786,1.0538803540669601,1.0538803540669601,15.0,1.0538750730314028,0.9999358611534276,14.998204112295973,0.5411757648755875,0.1669922048749983,3.7999999999999994,True,0.5158191214225794,1.0,1.0538750730314028
Mistral-7B,8,2048,C3 2층,2780,read-only,15.0,local,21.0,0.0,0.1669922048749983,16.647483648,16.348532224,4.583370596362554,2.0902415284728115,6.557435166338128,1.2004689582165786,1.0538803540669601,1.0538803540669601,15.0,1.0538750730314028,0.9999358611534276,14.998204112295973,0.5411757648755875,0.1669922048749983,3.7999999999999994,True,0.5158191214225794,1.0,1.0538750730314028
Mistral-7B,8,2048,C1 1층,2950,"thermal-capped (0.5 pJ/b, 20 W)",5.0,cross-partition,16.8,0.4,0.17720395841051978,16.647483648,16.348532224,4.583370596362554,2.0902415284728115,6.557435166338128,1.2153680249460082,0.9708508630706468,0.970850863070647,5.0,0.9708365959680223,0.9999358611534276,4.999401370765325,0.26884597130276566,0.17720395841051978,1.2666666666666666,True,0.2620550412278724,1.0,0.7495846646331228
Mistral-7B,8,2048,C1 1층,2950,"thermal-capped (0.5 pJ/b, 20 W)",5.0,nominal,19.0,0.4,0.17720395841051978,16.647483648,16.348532224,4.583370596362554,2.0902415284728115,6.557435166338128,1.2153680249460082,0.9708508630706468,0.970850863070647,5.0,0.9708365959680223,0.9999358611534276,4.999401370765325,0.26884597130276566,0.17720395841051978,1.2666666666666666,True,0.2620550412278724,1.0,0.7495846646331228
Mistral-7B,8,2048,C1 1층,2950,"thermal-capped (0.5 pJ/b, 20 W)",5.0,local,21.0,0.4,0.17720395841051978,16.647483648,16.348532224,4.583370596362554,2.0902415284728115,6.557435166338128,1.2153680249460082,0.9708508630706468,0.970850863070647,5.0,0.9708365959680223,0.9999358611534276,4.999401370765325,0.26884597130276566,0.17720395841051978,1.2666666666666666,True,0.2620550412278724,1.0,0.7495846646331228
Mistral-7B,8,2048,C1 1층,2950,read 80% / fill 20%,9.4,cross-partition,16.8,0.4,0.17720395841051978,16.647483648,16.348532224,4.583370596362554,2.0902415284728115,6.557435166338128,1.2153680249460082,1.0300236101337512,1.0300236101337512,9.4,1.0300150679278839,0.9999358611534276,9.39887457703881,0.4164102390145338,0.17720395841051978,2.381333333333333,True,0.4003413782839476,1.0,0.784380017449219
Mistral-7B,8,2048,C1 1층,2950,read 80% / fill 20%,9.4,nominal,19.0,0.4,0.17720395841051978,16.647483648,16.348532224,4.583370596362554,2.0902415284728115,6.557435166338128,1.2153680249460082,1.0300236101337512,1.0300236101337512,9.4,1.0300150679278839,0.9999358611534276,9.39887457703881,0.4164102390145338,0.17720395841051978,2.381333333333333,True,0.4003413782839476,1.0,0.784380017449219
Mistral-7B,8,2048,C1 1층,2950,read 80% / fill 20%,9.4,local,21.0,0.4,0.17720395841051978,16.647483648,16.348532224,4.583370596362554,2.0902415284728115,6.557435166338128,1.2153680249460082,1.0300236101337512,1.0300236101337512,9.4,1.0300150679278839,0.9999358611534276,9.39887457703881,0.4164102390145338,0.17720395841051978,2.381333333333333,True,0.4003413782839476,1.0,0.784380017449219
Mistral-7B,8,2048,C1 1층,2950,read-only,15.0,cross-partition,16.8,0.4,0.17720395841051978,16.647483648,16.348532224,4.583370596362554,2.0902415284728115,6.557435166338128,1.2153680249460082,1.0573642018321816,1.0573642018321816,15.0,1.057358560745681,0.9999358611534276,14.998204112295973,0.5428074797612964,0.17720395841051978,3.7999999999999994,True,0.5158191214225794,1.0,0.8001372200965154
Mistral-7B,8,2048,C1 1층,2950,read-only,15.0,nominal,19.0,0.4,0.17720395841051978,16.647483648,16.348532224,4.583370596362554,2.0902415284728115,6.557435166338128,1.2153680249460082,1.0573642018321816,1.0573642018321816,15.0,1.057358560745681,0.9999358611534276,14.998204112295973,0.5428074797612964,0.17720395841051978,3.7999999999999994,True,0.5158191214225794,1.0,0.8001372200965154
Mistral-7B,8,2048,C1 1층,2950,read-only,15.0,local,21.0,0.4,0.17720395841051978,16.647483648,16.348532224,4.583370596362554,2.0902415284728115,6.557435166338128,1.2153680249460082,1.0573642018321816,1.0573642018321816,15.0,1.057358560745681,0.9999358611534276,14.998204112295973,0.5428074797612964,0.17720395841051978,3.7999999999999994,True,0.5158191214225794,1.0,0.8001372200965154
Mistral-7B,8,2048,C2 2층,4220,"thermal-capped (0.5 pJ/b, 20 W)",5.0,cross-partition,16.8,0.0,0.25349176423470965,16.647483648,16.348532224,4.583370596362554,2.0902415284728115,6.557435166338128,1.3395699499213696,0.9588186947559659,0.9588186947559659,5.0,0.9587987884108088,0.9999358611534276,4.999401370765325,0.27187912422848937,0.25349176423470965,1.2666666666666666,True,0.2620550412278724,1.0,0.9587987884108088
Mistral-7B,8,2048,C2 2층,4220,"thermal-capped (0.5 pJ/b, 20 W)",5.0,nominal,19.0,0.0,0.25349176423470965,16.647483648,16.348532224,4.583370596362554,2.0902415284728115,6.557435166338128,1.3395699499213696,0.9588186947559659,0.9588186947559659,5.0,0.9587987884108088,0.9999358611534276,4.999401370765325,0.27187912422848937,0.25349176423470965,1.2666666666666666,True,0.2620550412278724,1.0,0.9587987884108088
Mistral-7B,8,2048,C2 2층,4220,"thermal-capped (0.5 pJ/b, 20 W)",5.0,local,21.0,0.0,0.25349176423470965,16.647483648,16.348532224,4.583370596362554,2.0902415284728115,6.557435166338128,1.3395699499213696,0.9588186947559659,0.9588186947559659,5.0,0.9587987884108088,0.9999358611534276,4.999401370765325,0.27187912422848937,0.25349176423470965,1.2666666666666666,True,0.2620550412278724,1.0,0.9587987884108088
Mistral-7B,8,2048,C2 2층,4220,read 80% / fill 20%,9.4,cross-partition,16.8,0.0,0.25349176423470965,16.647483648,16.348532224,4.583370596362554,2.0902415284728115,6.557435166338128,1.3395699499213696,1.0435114322088885,1.0435114322088885,9.4,1.0434988904365234,0.9999358611534276,9.39887457703881,0.42373220633284986,0.25349176423470965,2.381333333333333,True,0.4003413782839476,1.0,1.0434988904365234
Mistral-7B,8,2048,C2 2층,4220,read 80% / fill 20%,9.4,nominal,19.0,0.0,0.25349176423470965,16.647483648,16.348532224,4.583370596362554,2.0902415284728115,6.557435166338128,1.3395699499213696,1.0435114322088885,1.0435114322088885,9.4,1.0434988904365234,0.9999358611534276,9.39887457703881,0.42373220633284986,0.25349176423470965,2.381333333333333,True,0.4003413782839476,1.0,1.0434988904365234
Mistral-7B,8,2048,C2 2층,4220,read 80% / fill 20%,9.4,local,21.0,0.0,0.25349176423470965,16.647483648,16.348532224,4.583370596362554,2.0902415284728115,6.557435166338128,1.3395699499213696,1.0435114322088885,1.0435114322088885,9.4,1.0434988904365234,0.9999358611534276,9.39887457703881,0.42373220633284986,0.25349176423470965,2.381333333333333,True,0.4003413782839476,1.0,1.0434988904365234
Mistral-7B,8,2048,C2 2층,4220,read-only,15.0,cross-partition,16.8,0.0,0.25349176423470965,16.647483648,16.348532224,4.583370596362554,2.0902415284728115,6.557435166338128,1.3395699499213696,1.0841378256722225,1.0841378256722225,15.0,1.0841293422339977,0.9999358611534276,14.998204112295973,0.5553158522779544,0.25349176423470965,3.7999999999999994,True,0.5158191214225794,1.0,1.0841293422339977
Mistral-7B,8,2048,C2 2층,4220,read-only,15.0,nominal,19.0,0.0,0.25349176423470965,16.647483648,16.348532224,4.583370596362554,2.0902415284728115,6.557435166338128,1.3395699499213696,1.0841378256722225,1.0841378256722225,15.0,1.0841293422339977,0.9999358611534276,14.998204112295973,0.5553158522779544,0.25349176423470965,3.7999999999999994,True,0.5158191214225794,1.0,1.0841293422339977
Mistral-7B,8,2048,C2 2층,4220,read-only,15.0,local,21.0,0.0,0.25349176423470965,16.647483648,16.348532224,4.583370596362554,2.0902415284728115,6.557435166338128,1.3395699499213696,1.0841378256722225,1.0841378256722225,15.0,1.0841293422339977,0.9999358611534276,14.998204112295973,0.5553158522779544,0.25349176423470965,3.7999999999999994,True,0.5158191214225794,1.0,1.0841293422339977
