area_mm2,cap_GB,insert,p,q,hbm_GB,tier_read_GB,tier_fill_GB,pinned_GB,hbm_reduction_pct,seeds,B_R,beta,B_W,speedup_serial,speedup_overlap
600,3.296904864,LIP,0.0,0.0,17.158438912,0.0,0.0,0.0,-0.769772570693994,3,15.0,0.05,0.75,0.9954800325494156,0.9954800325494156
600,3.296904864,LIP,0.0,0.0,17.158438912,0.0,0.0,0.0,-0.769772570693994,3,15.0,0.1,1.5,0.9954800325494156,0.9954800325494156
600,3.296904864,LIP,0.0,0.0,17.158438912,0.0,0.0,0.0,-0.769772570693994,3,15.0,0.2,3.0,0.9954800325494156,0.9954800325494156
600,3.296904864,LIP,0.0,0.0,17.158438912,0.0,0.0,0.0,-0.769772570693994,3,15.0,0.28,4.2,0.9954800325494156,0.9954800325494156
600,3.296904864,LIP,0.0,0.0,17.158438912,0.0,0.0,0.0,-0.769772570693994,3,15.0,0.5,7.5,0.9954800325494156,0.9954800325494156
600,3.296904864,LIP,0.0,0.0,17.158438912,0.0,0.0,0.0,-0.769772570693994,3,15.0,0.75,11.25,0.9954800325494156,0.9954800325494156
600,3.296904864,LIP,0.0,0.0,17.158438912,0.0,0.0,0.0,-0.769772570693994,3,15.0,1.0,15.0,0.9954800325494156,0.9954800325494156
600,3.296904864,LIP,0.0,0.0,17.158438912,0.0,0.0,0.0,-0.769772570693994,3,17.7,0.05,0.885,0.9954800325494156,0.9954800325494156
600,3.296904864,LIP,0.0,0.0,17.158438912,0.0,0.0,0.0,-0.769772570693994,3,17.7,0.1,1.77,0.9954800325494156,0.9954800325494156
600,3.296904864,LIP,0.0,0.0,17.158438912,0.0,0.0,0.0,-0.769772570693994,3,17.7,0.2,3.54,0.9954800325494156,0.9954800325494156
600,3.296904864,LIP,0.0,0.0,17.158438912,0.0,0.0,0.0,-0.769772570693994,3,17.7,0.28,4.956,0.9954800325494156,0.9954800325494156
600,3.296904864,LIP,0.0,0.0,17.158438912,0.0,0.0,0.0,-0.769772570693994,3,17.7,0.5,8.85,0.9954800325494156,0.9954800325494156
600,3.296904864,LIP,0.0,0.0,17.158438912,0.0,0.0,0.0,-0.769772570693994,3,17.7,0.75,13.274999999999999,0.9954800325494156,0.9954800325494156
600,3.296904864,LIP,0.0,0.0,17.158438912,0.0,0.0,0.0,-0.769772570693994,3,17.7,1.0,17.7,0.9954800325494156,0.9954800325494156
600,3.296904864,LIP,0.0,0.0,17.158438912,0.0,0.0,0.0,-0.769772570693994,3,19.0,0.05,0.9500000000000001,0.9954800325494156,0.9954800325494156
600,3.296904864,LIP,0.0,0.0,17.158438912,0.0,0.0,0.0,-0.769772570693994,3,19.0,0.1,1.9000000000000001,0.9954800325494156,0.9954800325494156
600,3.296904864,LIP,0.0,0.0,17.158438912,0.0,0.0,0.0,-0.769772570693994,3,19.0,0.2,3.8000000000000003,0.9954800325494156,0.9954800325494156
600,3.296904864,LIP,0.0,0.0,17.158438912,0.0,0.0,0.0,-0.769772570693994,3,19.0,0.28,5.32,0.9954800325494156,0.9954800325494156
600,3.296904864,LIP,0.0,0.0,17.158438912,0.0,0.0,0.0,-0.769772570693994,3,19.0,0.5,9.5,0.9954800325494156,0.9954800325494156
600,3.296904864,LIP,0.0,0.0,17.158438912,0.0,0.0,0.0,-0.769772570693994,3,19.0,0.75,14.25,0.9954800325494156,0.9954800325494156
600,3.296904864,LIP,0.0,0.0,17.158438912,0.0,0.0,0.0,-0.769772570693994,3,19.0,1.0,19.0,0.9954800325494156,0.9954800325494156
600,3.296904864,LIP,0.02,0.0,13.862660778666665,3.2957781333333336,0.2873207466666667,0.0,18.585998350120793,3,15.0,0.05,0.75,0.976546661413813,1.123127568798638
600,3.296904864,LIP,0.02,0.0,13.862660778666665,3.2957781333333336,0.2873207466666667,0.0,18.585998350120793,3,15.0,0.1,1.5,1.0187968977399362,1.123127568798638
600,3.296904864,LIP,0.02,0.0,13.862660778666665,3.2957781333333336,0.2873207466666667,0.0,18.585998350120793,3,15.0,0.2,3.0,1.0413232945968558,1.123127568798638
600,3.296904864,LIP,0.02,0.0,13.862660778666665,3.2957781333333336,0.2873207466666667,0.0,18.585998350120793,3,15.0,0.28,4.2,1.0479435379931445,1.123127568798638
600,3.296904864,LIP,0.02,0.0,13.862660778666665,3.2957781333333336,0.2873207466666667,0.0,18.585998350120793,3,15.0,0.5,7.5,1.0553237146182033,1.123127568798638
600,3.296904864,LIP,0.02,0.0,13.862660778666665,3.2957781333333336,0.2873207466666667,0.0,18.585998350120793,3,15.0,0.75,11.25,1.058486197378144,1.123127568798638
600,3.296904864,LIP,0.02,0.0,13.862660778666665,3.2957781333333336,0.2873207466666667,0.0,18.585998350120793,3,15.0,1.0,15.0,1.0600745571699615,1.123127568798638
600,3.296904864,LIP,0.02,0.0,13.862660778666665,3.2957781333333336,0.2873207466666667,0.0,18.585998350120793,3,17.7,0.05,0.885,0.9963831683432905,1.123127568798638
600,3.296904864,LIP,0.02,0.0,13.862660778666665,3.2957781333333336,0.2873207466666667,0.0,18.585998350120793,3,17.7,0.1,1.77,1.0334408749971455,1.123127568798638
600,3.296904864,LIP,0.02,0.0,13.862660778666665,3.2957781333333336,0.2873207466666667,0.0,18.585998350120793,3,17.7,0.2,3.54,1.0530230091666446,1.123127568798638
600,3.296904864,LIP,0.02,0.0,13.862660778666665,3.2957781333333336,0.2873207466666667,0.0,18.585998350120793,3,17.7,0.28,4.956,1.0587549512946992,1.123127568798638
600,3.296904864,LIP,0.02,0.0,13.862660778666665,3.2957781333333336,0.2873207466666667,0.0,18.585998350120793,3,17.7,0.5,8.85,1.0651325956368674,1.123127568798638
600,3.296904864,LIP,0.02,0.0,13.862660778666665,3.2957781333333336,0.2873207466666667,0.0,18.585998350120793,3,17.7,0.75,13.274999999999999,1.0678615349717149,1.123127568798638
600,3.296904864,LIP,0.02,0.0,13.862660778666665,3.2957781333333336,0.2873207466666667,0.0,18.585998350120793,3,17.7,1.0,17.7,1.0692312551559418,1.123127568798638
600,3.296904864,LIP,0.02,0.0,13.862660778666665,3.2957781333333336,0.2873207466666667,0.0,18.585998350120793,3,19.0,0.05,0.9500000000000001,1.0041363891187693,1.123127568798638
600,3.296904864,LIP,0.02,0.0,13.862660778666665,3.2957781333333336,0.2873207466666667,0.0,18.585998350120793,3,19.0,0.1,1.9000000000000001,1.0391183297775994,1.123127568798638
600,3.296904864,LIP,0.02,0.0,13.862660778666665,3.2957781333333336,0.2873207466666667,0.0,18.585998350120793,3,19.0,0.2,3.8000000000000003,1.0575395250000863,1.123127568798638
600,3.296904864,LIP,0.02,0.0,13.862660778666665,3.2957781333333336,0.2873207466666667,0.0,18.585998350120793,3,19.0,0.28,5.32,1.0629232972683378,1.123127568798638
600,3.296904864,LIP,0.02,0.0,13.862660778666665,3.2957781333333336,0.2873207466666667,0.0,18.585998350120793,3,19.0,0.5,9.5,1.0689091156989243,1.123127568798638
600,3.296904864,LIP,0.02,0.0,13.862660778666665,3.2957781333333336,0.2873207466666667,0.0,18.585998350120793,3,19.0,0.75,14.25,1.0714689703534608,1.123127568798638
600,3.296904864,LIP,0.02,0.0,13.862660778666665,3.2957781333333336,0.2873207466666667,0.0,18.585998350120793,3,19.0,1.0,19.0,1.0727535010036267,1.123127568798638
600,3.296904864,LIP,0.05,0.0,13.862688085333334,3.2957508266666666,0.686145536,0.0,18.58583798083523,3,15.0,0.05,0.75,0.8757244632043658,1.1231263755821914
600,3.296904864,LIP,0.05,0.0,13.862688085333334,3.2957508266666666,0.686145536,0.0,18.58583798083523,3,15.0,0.1,1.5,0.9610785135476304,1.1231263755821914
600,3.296904864,LIP,0.05,0.0,13.862688085333334,3.2957508266666666,0.686145536,0.0,18.58583798083523,3,15.0,0.2,3.0,1.0103145714742325,1.1231263755821914
600,3.296904864,LIP,0.05,0.0,13.862688085333334,3.2957508266666666,0.686145536,0.0,18.58583798083523,3,15.0,0.28,4.2,1.0253223631082649,1.1231263755821914
600,3.296904864,LIP,0.05,0.0,13.862688085333334,3.2957508266666666,0.686145536,0.0,18.58583798083523,3,15.0,0.5,7.5,1.042354466768375,1.1231263755821914
600,3.296904864,LIP,0.05,0.0,13.862688085333334,3.2957508266666666,0.686145536,0.0,18.58583798083523,3,15.0,0.75,11.25,1.0497523730059255,1.1231263755821914
600,3.296904864,LIP,0.05,0.0,13.862688085333334,3.2957508266666666,0.686145536,0.0,18.58583798083523,3,15.0,1.0,15.0,1.0534908452549465,1.1231263755821914
600,3.296904864,LIP,0.05,0.0,13.862688085333334,3.2957508266666666,0.686145536,0.0,18.58583798083523,3,17.7,0.05,0.885,0.9061736975047324,1.1231263755821914
600,3.296904864,LIP,0.05,0.0,13.862688085333334,3.2957508266666666,0.686145536,0.0,18.58583798083523,3,17.7,0.1,1.77,0.9827071577460026,1.1231263755821914
600,3.296904864,LIP,0.05,0.0,13.862688085333334,3.2957508266666666,0.686145536,0.0,18.58583798083523,3,17.7,0.2,3.54,1.0260355224282514,1.1231263755821914
600,3.296904864,LIP,0.05,0.0,13.862688085333334,3.2957508266666666,0.686145536,0.0,18.58583798083523,3,17.7,0.28,4.956,1.039125781885322,1.1231263755821914
600,3.296904864,LIP,0.05,0.0,13.862688085333334,3.2957508266666666,0.686145536,0.0,18.58583798083523,3,17.7,0.5,8.85,1.0539163441003983,1.1231263755821914
600,3.296904864,LIP,0.05,0.0,13.862688085333334,3.2957508266666666,0.686145536,0.0,18.58583798083523,3,17.7,0.75,13.274999999999999,1.0603191044163238,1.1231263755821914
600,3.296904864,LIP,0.05,0.0,13.862688085333334,3.2957508266666666,0.686145536,0.0,18.58583798083523,3,17.7,1.0,17.7,1.0635497470344235,1.1231263755821914
600,3.296904864,LIP,0.05,0.0,13.862688085333334,3.2957508266666666,0.686145536,0.0,18.58583798083523,3,19.0,0.05,0.9500000000000001,0.9183108230229061,1.1231263755821914
600,3.296904864,LIP,0.05,0.0,13.862688085333334,3.2957508266666666,0.686145536,0.0,18.58583798083523,3,19.0,0.1,1.9000000000000001,0.9911861236326314,1.1231263755821914
600,3.296904864,LIP,0.05,0.0,13.862688085333334,3.2957508266666666,0.686145536,0.0,18.58583798083523,3,19.0,0.2,3.8000000000000003,1.0321404178296556,1.1231263755821914
600,3.296904864,LIP,0.05,0.0,13.862688085333334,3.2957508266666666,0.686145536,0.0,18.58583798083523,3,19.0,0.28,5.32,1.0444706837439197,1.1231263755821914
600,3.296904864,LIP,0.05,0.0,13.862688085333334,3.2957508266666666,0.686145536,0.0,18.58583798083523,3,19.0,0.5,9.5,1.0583787728272391,1.1231263755821914
600,3.296904864,LIP,0.05,0.0,13.862688085333334,3.2957508266666666,0.686145536,0.0,18.58583798083523,3,19.0,0.75,14.25,1.064391711701245,1.1231263755821914
600,3.296904864,LIP,0.05,0.0,13.862688085333334,3.2957508266666666,0.686145536,0.0,18.58583798083523,3,19.0,1.0,19.0,1.0674238749861342,1.1231263755821914
600,3.296904864,LIP,0.1,0.0,13.86266624,3.295772672,1.3915040426666667,0.0,18.585966276263676,3,15.0,0.05,0.75,0.7405111046471108,1.1231273301551459
600,3.296904864,LIP,0.1,0.0,13.86266624,3.295772672,1.3915040426666667,0.0,18.585966276263676,3,15.0,0.1,1.5,0.8735524314908385,1.1231273301551459
600,3.296904864,LIP,0.1,0.0,13.86266624,3.295772672,1.3915040426666667,0.0,18.585966276263676,3,15.0,0.2,3.0,0.9597692139884004,1.1231273301551459
600,3.296904864,LIP,0.1,0.0,13.86266624,3.295772672,1.3915040426666667,0.0,18.585966276263676,3,15.0,0.28,4.2,0.9876191559997936,1.1231273301551459
600,3.296904864,LIP,0.1,0.0,13.86266624,3.295772672,1.3915040426666667,0.0,18.585966276263676,3,15.0,0.5,7.5,1.0201824254539718,1.1231273301551459
600,3.296904864,LIP,0.1,0.0,13.86266624,3.295772672,1.3915040426666667,0.0,18.585966276263676,3,15.0,0.75,11.25,1.03465507973961,1.1231273301551459
600,3.296904864,LIP,0.1,0.0,13.86266624,3.295772672,1.3915040426666667,0.0,18.585966276263676,3,15.0,1.0,15.0,1.0420464924213488,1.1231273301551459
600,3.296904864,LIP,0.1,0.0,13.86266624,3.295772672,1.3915040426666667,0.0,18.585966276263676,3,17.7,0.05,0.885,0.781102394758961,1.1231273301551459
600,3.296904864,LIP,0.1,0.0,13.86266624,3.295772672,1.3915040426666667,0.0,18.585966276263676,3,17.7,0.1,1.77,0.9042022559851285,1.1231273301551459
600,3.296904864,LIP,0.1,0.0,13.86266624,3.295772672,1.3915040426666667,0.0,18.585966276263676,3,17.7,0.2,3.54,0.9815469791140253,1.1231273301551459
600,3.296904864,LIP,0.1,0.0,13.86266624,3.295772672,1.3915040426666667,0.0,18.585966276263676,3,17.7,0.28,4.956,1.0061367261207759,1.1231273301551459
600,3.296904864,LIP,0.1,0.0,13.86266624,3.295772672,1.3915040426666667,0.0,18.585966276263676,3,17.7,0.5,8.85,1.0346487868744587,1.1231273301551459
600,3.296904864,LIP,0.1,0.0,13.86266624,3.295772672,1.3915040426666667,0.0,18.585966276263676,3,17.7,0.75,13.274999999999999,1.0472389538454976,1.1231273301551459
600,3.296904864,LIP,0.1,0.0,13.86266624,3.295772672,1.3915040426666667,0.0,18.585966276263676,3,17.7,1.0,17.7,1.0536496436908496,1.1231273301551459
600,3.296904864,LIP,0.1,0.0,13.86266624,3.295772672,1.3915040426666667,0.0,18.585966276263676,3,19.0,0.05,0.9500000000000001,0.7977239304230866,1.1231273301551459
600,3.296904864,LIP,0.1,0.0,13.86266624,3.295772672,1.3915040426666667,0.0,18.585966276263676,3,19.0,0.1,1.9000000000000001,0.9164245571191967,1.1231273301551459
600,3.296904864,LIP,0.1,0.0,13.86266624,3.295772672,1.3915040426666667,0.0,18.585966276263676,3,19.0,0.2,3.8000000000000003,0.990086566929807,1.1231273301551459
600,3.296904864,LIP,0.1,0.0,13.86266624,3.295772672,1.3915040426666667,0.0,18.585966276263676,3,19.0,0.28,5.32,1.0133590186694084,1.1231273301551459
600,3.296904864,LIP,0.1,0.0,13.86266624,3.295772672,1.3915040426666667,0.0,18.585966276263676,3,19.0,0.5,9.5,1.0402558946653706,1.1231273301551459
600,3.296904864,LIP,0.1,0.0,13.86266624,3.295772672,1.3915040426666667,0.0,18.585966276263676,3,19.0,0.75,14.25,1.0521029616134705,1.1231273301551459
600,3.296904864,LIP,0.1,0.0,13.86266624,3.295772672,1.3915040426666667,0.0,18.585966276263676,3,19.0,1.0,19.0,1.0581282658049456,1.1231273301551459
600,3.296904864,LIP,0.2,0.0,13.862682624,3.295756288,2.747039744,0.0,18.585870054692343,3,15.0,0.05,0.75,0.5710624782812583,0.7868427129704321
600,3.296904864,LIP,0.2,0.0,13.862682624,3.295756288,2.747039744,0.0,18.585870054692343,3,15.0,0.1,1.5,0.7434376245493524,1.1231266142252778
600,3.296904864,LIP,0.2,0.0,13.862682624,3.295756288,2.747039744,0.0,18.585870054692343,3,15.0,0.2,3.0,0.8755852856393728,1.1231266142252778
600,3.296904864,LIP,0.2,0.0,13.862682624,3.295756288,2.747039744,0.0,18.585870054692343,3,15.0,0.28,4.2,0.9224322413744371,1.1231266142252778
600,3.296904864,LIP,0.2,0.0,13.862682624,3.295756288,2.747039744,0.0,18.585870054692343,3,15.0,0.5,7.5,0.9801159340832163,1.1231266142252778
600,3.296904864,LIP,0.2,0.0,13.862682624,3.295756288,2.747039744,0.0,18.585870054692343,3,15.0,0.75,11.25,1.0068267668994018,1.1231266142252778
600,3.296904864,LIP,0.2,0.0,13.862682624,3.295756288,2.747039744,0.0,18.585870054692343,3,15.0,1.0,15.0,1.0207356827859249,1.1231266142252778
600,3.296904864,LIP,0.2,0.0,13.862682624,3.295756288,2.747039744,0.0,18.585870054692343,3,17.7,0.05,0.885,0.6173521705131731,0.8775000051227968
600,3.296904864,LIP,0.2,0.0,13.862682624,3.295756288,2.747039744,0.0,18.585870054692343,3,17.7,0.1,1.77,0.783860633408195,1.1231266142252778
600,3.296904864,LIP,0.2,0.0,13.862682624,3.295756288,2.747039744,0.0,18.585870054692343,3,17.7,0.2,3.54,0.9060474269212389,1.1231266142252778
600,3.296904864,LIP,0.2,0.0,13.862682624,3.295756288,2.747039744,0.0,18.585870054692343,3,17.7,0.28,4.956,0.9482806532415319,1.1231266142252778
600,3.296904864,LIP,0.2,0.0,13.862682624,3.295756288,2.747039744,0.0,18.585870054692343,3,17.7,0.5,8.85,0.9995304369664916,1.1231266142252778
600,3.296904864,LIP,0.2,0.0,13.862682624,3.295756288,2.747039744,0.0,18.585870054692343,3,17.7,0.75,13.274999999999999,1.0229856169704181,1.1231266142252778
600,3.296904864,LIP,0.2,0.0,13.862682624,3.295756288,2.747039744,0.0,18.585870054692343,3,17.7,1.0,17.7,1.0351309108725377,1.1231266142252778
600,3.296904864,LIP,0.2,0.0,13.862682624,3.295756288,2.747039744,0.0,18.585870054692343,3,19.0,0.05,0.9500000000000001,0.6369786679586739,0.9176909784989054
600,3.296904864,LIP,0.2,0.0,13.862682624,3.295756288,2.747039744,0.0,18.585870054692343,3,19.0,0.1,1.9000000000000001,0.8004034828153094,1.1231266142252778
600,3.296904864,LIP,0.2,0.0,13.862682624,3.295756288,2.747039744,0.0,18.585870054692343,3,19.0,0.2,3.8000000000000003,0.9181900298177876,1.1231266142252778
600,3.296904864,LIP,0.2,0.0,13.862682624,3.295756288,2.747039744,0.0,18.585870054692343,3,19.0,0.28,5.32,0.9584901489467135,1.1231266142252778
600,3.296904864,LIP,0.2,0.0,13.862682624,3.295756288,2.747039744,0.0,18.585870054692343,3,19.0,0.5,9.5,1.0071134968822537,1.1231266142252778
600,3.296904864,LIP,0.2,0.0,13.862682624,3.295756288,2.747039744,0.0,18.585870054692343,3,19.0,0.75,14.25,1.0292647552373277,1.1231266142252778
600,3.296904864,LIP,0.2,0.0,13.862682624,3.295756288,2.747039744,0.0,18.585870054692343,3,19.0,1.0,19.0,1.0407098569991586,1.1231266142252778
600,3.296904864,LIP,0.35,0.0,13.862660778666665,3.2957781333333336,4.7841061546666666,0.0,18.585998350120793,3,15.0,0.05,0.75,0.4249373403181497,0.5338831507908152
600,3.296904864,LIP,0.35,0.0,13.862660778666665,3.2957781333333336,4.7841061546666666,0.0,18.585998350120793,3,15.0,0.1,1.5,0.607464892268865,0.8576575189784559
600,3.296904864,LIP,0.35,0.0,13.862660778666665,3.2957781333333336,4.7841061546666666,0.0,18.585998350120793,3,15.0,0.2,3.0,0.7736139246326212,1.123127568798638
600,3.296904864,LIP,0.35,0.0,13.862660778666665,3.2957781333333336,4.7841061546666666,0.0,18.585998350120793,3,15.0,0.28,4.2,0.8391938439280356,1.123127568798638
600,3.296904864,LIP,0.35,0.0,13.862660778666665,3.2957781333333336,4.7841061546666666,0.0,18.585998350120793,3,15.0,0.5,7.5,0.9254942873597747,1.123127568798638
600,3.296904864,LIP,0.35,0.0,13.862660778666665,3.2957781333333336,4.7841061546666666,0.0,18.585998350120793,3,15.0,0.75,11.25,0.9677136528395209,1.123127568798638
600,3.296904864,LIP,0.35,0.0,13.862660778666665,3.2957781333333336,4.7841061546666666,0.0,18.585998350120793,3,15.0,1.0,15.0,0.9903015298225349,1.123127568798638
600,3.296904864,LIP,0.35,0.0,13.862660778666665,3.2957781333333336,4.7841061546666666,0.0,18.585998350120793,3,17.7,0.05,0.885,0.46945463990258834,0.6060928727846568
600,3.296904864,LIP,0.35,0.0,13.862660778666665,3.2957781333333336,4.7841061546666666,0.0,18.585998350120793,3,17.7,0.1,1.77,0.653213995975154,0.9517711094626293
600,3.296904864,LIP,0.35,0.0,13.862660778666665,3.2957781333333336,4.7841061546666666,0.0,18.585998350120793,3,17.7,0.2,3.54,0.8121681049614436,1.123127568798638
600,3.296904864,LIP,0.35,0.0,13.862660778666665,3.2957781333333336,4.7841061546666666,0.0,18.585998350120793,3,17.7,0.28,4.956,0.8728543120648677,1.123127568798638
600,3.296904864,LIP,0.35,0.0,13.862660778666665,3.2957781333333336,4.7841061546666666,0.0,18.585998350120793,3,17.7,0.5,8.85,0.9510220092265728,1.123127568798638
600,3.296904864,LIP,0.35,0.0,13.862660778666665,3.2957781333333336,4.7841061546666666,0.0,18.585998350120793,3,17.7,0.75,13.274999999999999,0.9885808199350247,1.123127568798638
600,3.296904864,LIP,0.35,0.0,13.862660778666665,3.2957781333333336,4.7841061546666666,0.0,18.585998350120793,3,17.7,1.0,17.7,1.008495121068504,1.123127568798638
600,3.296904864,LIP,0.35,0.0,13.862660778666665,3.2957781333333336,4.7841061546666666,0.0,18.585998350120793,3,19.0,0.05,0.9500000000000001,0.48892450618928096,0.6389423433620501
600,3.296904864,LIP,0.35,0.0,13.862660778666665,3.2957781333333336,4.7841061546666666,0.0,18.585998350120793,3,19.0,0.1,1.9000000000000001,0.672464769707499,0.9931989146644338
600,3.296904864,LIP,0.35,0.0,13.862660778666665,3.2957781333333336,4.7841061546666666,0.0,18.585998350120793,3,19.0,0.2,3.8000000000000003,0.8278506460634105,1.123127568798638
600,3.296904864,LIP,0.35,0.0,13.862660778666665,3.2957781333333336,4.7841061546666666,0.0,18.585998350120793,3,19.0,0.28,5.32,0.8863684831899287,1.123127568798638
600,3.296904864,LIP,0.35,0.0,13.862660778666665,3.2957781333333336,4.7841061546666666,0.0,18.585998350120793,3,19.0,0.5,9.5,0.9610988318190491,1.123127568798638
600,3.296904864,LIP,0.35,0.0,13.862660778666665,3.2957781333333336,4.7841061546666666,0.0,18.585998350120793,3,19.0,0.75,14.25,0.9967507899045489,1.123127568798638
600,3.296904864,LIP,0.35,0.0,13.862660778666665,3.2957781333333336,4.7841061546666666,0.0,18.585998350120793,3,19.0,1.0,19.0,1.0155873954947416,1.123127568798638
600,3.296904864,LIP,0.5,0.0,13.862677162666666,3.2957617493333333,6.908597589333333,0.0,18.58590212854946,3,15.0,0.05,0.75,0.3354243232561573,0.3998274754232879
600,3.296904864,LIP,0.5,0.0,13.862677162666666,3.2957617493333333,6.908597589333333,0.0,18.58590212854946,3,15.0,0.1,1.5,0.5101543759441046,0.6756887755353466
600,3.296904864,LIP,0.5,0.0,13.862677162666666,3.2957617493333333,6.908597589333333,0.0,18.58590212854946,3,15.0,0.2,3.0,0.6898277485959208,1.031547201518406
600,3.296904864,LIP,0.5,0.0,13.862677162666666,3.2957617493333333,6.908597589333333,0.0,18.58590212854946,3,15.0,0.28,4.2,0.7670095342149201,1.1231268528684657
600,3.296904864,LIP,0.5,0.0,13.862677162666666,3.2957617493333333,6.908597589333333,0.0,18.58590212854946,3,15.0,0.5,7.5,0.8746572297894035,1.1231268528684657
600,3.296904864,LIP,0.5,0.0,13.862677162666666,3.2957617493333333,6.908597589333333,0.0,18.58590212854946,3,15.0,0.75,11.25,0.930032545752754,1.1231268528684657
600,3.296904864,LIP,0.5,0.0,13.862677162666666,3.2957617493333333,6.908597589333333,0.0,18.58590212854946,3,15.0,1.0,15.0,0.9604355541910247,1.1231268528684657
600,3.296904864,LIP,0.5,0.0,13.862677162666666,3.2957617493333333,6.908597589333333,0.0,18.58590212854946,3,17.7,0.05,0.885,0.37560894174988896,0.4582691469271117
600,3.296904864,LIP,0.5,0.0,13.862677162666666,3.2957617493333333,6.908597589333333,0.0,18.58590212854946,3,17.7,0.1,1.77,0.556483600575555,0.7594291747868117
600,3.296904864,LIP,0.5,0.0,13.862677162666666,3.2957617493333333,6.908597589333333,0.0,18.58590212854946,3,17.7,0.2,3.54,0.7329629152087643,1.1231268528684657
600,3.296904864,LIP,0.5,0.0,13.862677162666666,3.2957617493333333,6.908597589333333,0.0,18.58590212854946,3,17.7,0.28,4.956,0.8059935286584025,1.1231268528684657
600,3.296904864,LIP,0.5,0.0,13.862677162666666,3.2957617493333333,6.908597589333333,0.0,18.58590212854946,3,17.7,0.5,8.85,0.9052051759586492,1.1231268528684657
600,3.296904864,LIP,0.5,0.0,13.862677162666666,3.2957617493333333,6.908597589333333,0.0,18.58590212854946,3,17.7,0.75,13.274999999999999,0.9550804332839751,1.1231268528684657
600,3.296904864,LIP,0.5,0.0,13.862677162666666,3.2957617493333333,6.908597589333333,0.0,18.58590212854946,3,17.7,1.0,17.7,0.9821374811796674,1.1231268528684657
600,3.296904864,LIP,0.5,0.0,13.862677162666666,3.2957617493333333,6.908597589333333,0.0,18.58590212854946,3,19.0,0.05,0.9500000000000001,0.3935298589592577,0.48522876785250524
600,3.296904864,LIP,0.5,0.0,13.862677162666666,3.2957617493333333,6.908597589333333,0.0,18.58590212854946,3,19.0,0.1,1.9000000000000001,0.5763802407526648,0.796973966930446
600,3.296904864,LIP,0.5,0.0,13.862677162666666,3.2957617493333333,6.908597589333333,0.0,18.58590212854946,3,19.0,0.2,3.8000000000000003,0.7508087720224604,1.1231268528684657
600,3.296904864,LIP,0.5,0.0,13.862677162666666,3.2957617493333333,6.908597589333333,0.0,18.58590212854946,3,19.0,0.28,5.32,0.8218719372053118,1.1231268528684657
600,3.296904864,LIP,0.5,0.0,13.862677162666666,3.2957617493333333,6.908597589333333,0.0,18.58590212854946,3,19.0,0.5,9.5,0.9173842040034019,1.1231268528684657
600,3.296904864,LIP,0.5,0.0,13.862677162666666,3.2957617493333333,6.908597589333333,0.0,18.58590212854946,3,19.0,0.75,14.25,0.9649591178502299,1.1231268528684657
600,3.296904864,LIP,0.5,0.0,13.862677162666666,3.2957617493333333,6.908597589333333,0.0,18.58590212854946,3,19.0,1.0,19.0,0.9906462340172535,1.1231268528684657
600,3.296904864,LIP,0.75,0.0,13.862671701333333,3.2957672106666664,10.358931456,0.0,18.585934202406563,3,15.0,0.05,0.75,0.2499229186409585,0.28400907817219384
600,3.296904864,LIP,0.75,0.0,13.862671701333333,3.2957672106666664,10.358931456,0.0,18.585934202406563,3,15.0,0.1,1.5,0.40483231293567695,0.502527946729712
600,3.296904864,LIP,0.75,0.0,13.862671701333333,3.2957672106666664,10.358931456,0.0,18.585934202406563,3,15.0,0.2,3.0,0.5866406711500132,0.8167255493436392
600,3.296904864,LIP,0.75,0.0,13.862671701333333,3.2957672106666664,10.358931456,0.0,18.585934202406563,3,15.0,0.28,4.2,0.6729946248538707,0.994355544240695
600,3.296904864,LIP,0.75,0.0,13.862671701333333,3.2957672106666664,10.358931456,0.0,18.585934202406563,3,15.0,0.5,7.5,0.8030203534035877,1.123127091511755
600,3.296904864,LIP,0.75,0.0,13.862671701333333,3.2957672106666664,10.358931456,0.0,18.585934202406563,3,15.0,0.75,11.25,0.8747170934879832,1.123127091511755
600,3.296904864,LIP,0.75,0.0,13.862671701333333,3.2957672106666664,10.358931456,0.0,18.585934202406563,3,15.0,1.0,15.0,0.9155908254928986,1.123127091511755
600,3.296904864,LIP,0.75,0.0,13.862671701333333,3.2957672106666664,10.358931456,0.0,18.585934202406563,3,17.7,0.05,0.885,0.28355157022573757,0.3282481283172798
600,3.296904864,LIP,0.75,0.0,13.862671701333333,3.2957672106666664,10.358931456,0.0,18.585934202406563,3,17.7,0.1,1.77,0.448596647309272,0.5717701415310058
600,3.296904864,LIP,0.75,0.0,13.862671701333333,3.2957672106666664,10.358931456,0.0,18.585934202406563,3,17.7,0.2,3.54,0.6327458411206592,0.9089306743714018
600,3.296904864,LIP,0.75,0.0,13.862671701333333,3.2957672106666664,10.358931456,0.0,18.585934202406563,3,17.7,0.28,4.956,0.716818538761674,1.0930948039653463
600,3.296904864,LIP,0.75,0.0,13.862671701333333,3.2957672106666664,10.358931456,0.0,18.585934202406563,3,17.7,0.5,8.85,0.8395198943815664,1.123127091511755
600,3.296904864,LIP,0.75,0.0,13.862671701333333,3.2957672106666664,10.358931456,0.0,18.585934202406563,3,17.7,0.75,13.274999999999999,0.9052595366714766,1.123127091511755
600,3.296904864,LIP,0.75,0.0,13.862671701333333,3.2957672106666664,10.358931456,0.0,18.585934202406563,3,17.7,1.0,17.7,0.9421475505047416,1.123127091511755
600,3.296904864,LIP,0.75,0.0,13.862671701333333,3.2957672106666664,10.358931456,0.0,18.585934202406563,3,19.0,0.05,0.9500000000000001,0.29883615910856276,0.3489066916815062
600,3.296904864,LIP,0.75,0.0,13.862671701333333,3.2957672106666664,10.358931456,0.0,18.585934202406563,3,19.0,0.1,1.9000000000000001,0.46782055645100296,0.6033720293016996
600,3.296904864,LIP,0.75,0.0,13.862671701333333,3.2957672106666664,10.358931456,0.0,18.585934202406563,3,19.0,0.2,3.8000000000000003,0.6522306388134287,0.9496851993295282
600,3.296904864,LIP,0.75,0.0,13.862671701333333,3.2957672106666664,10.358931456,0.0,18.585934202406563,3,19.0,0.28,5.32,0.7350118244056562,1.123127091511755
600,3.296904864,LIP,0.75,0.0,13.862671701333333,3.2957672106666664,10.358931456,0.0,18.585934202406563,3,19.0,0.5,9.5,0.854279615077434,1.123127091511755
600,3.296904864,LIP,0.75,0.0,13.862671701333333,3.2957672106666664,10.358931456,0.0,18.585934202406563,3,19.0,0.75,14.25,0.9174362278872705,1.123127091511755
600,3.296904864,LIP,0.75,0.0,13.862671701333333,3.2957672106666664,10.358931456,0.0,18.585934202406563,3,19.0,1.0,19.0,0.952650809419836,1.123127091511755
600,3.296904864,LIP,1.0,0.0,13.86266624,3.295772672,13.861617664,0.0,18.585966276263676,3,15.0,0.05,0.75,0.19854488185765315,0.21947029485489528
600,3.296904864,LIP,1.0,0.0,13.86266624,3.295772672,13.861617664,0.0,18.585966276263676,3,15.0,0.1,1.5,0.33468726166338514,0.39878058382778836
600,3.296904864,LIP,1.0,0.0,13.86266624,3.295772672,13.861617664,0.0,18.585966276263676,3,15.0,0.2,3.0,0.5093014678334175,0.6741932052359555
600,3.296904864,LIP,1.0,0.0,13.86266624,3.295772672,13.861617664,0.0,18.585966276263676,3,15.0,0.28,4.2,0.5985190197598923,0.8399328276553699
600,3.296904864,LIP,1.0,0.0,13.86266624,3.295772672,13.861617664,0.0,18.585966276263676,3,15.0,0.5,7.5,0.7413780848908091,1.1231273301551459
600,3.296904864,LIP,1.0,0.0,13.86266624,3.295772672,13.861617664,0.0,18.585966276263676,3,15.0,0.75,11.25,0.8249095877154817,1.1231273301551459
600,3.296904864,LIP,1.0,0.0,13.86266624,3.295772672,13.861617664,0.0,18.585966276263676,3,15.0,1.0,15.0,0.8741553873240699,1.1231273301551459
600,3.296904864,LIP,1.0,0.0,13.86266624,3.295772672,13.861617664,0.0,18.585966276263676,3,17.7,0.05,0.885,0.22705794306408134,0.25484570811296653
600,3.296904864,LIP,1.0,0.0,13.86266624,3.295772672,13.861617664,0.0,18.585966276263676,3,17.7,0.1,1.77,0.3748256046313299,0.45710355030525407
600,3.296904864,LIP,1.0,0.0,13.86266624,3.295772672,13.861617664,0.0,18.585966276263676,3,17.7,0.2,3.54,0.5556234635753061,0.7578279524262025
600,3.296904864,LIP,1.0,0.0,13.86266624,3.295772672,13.861617664,0.0,18.585966276263676,3,17.7,0.28,4.956,0.6444363577973405,0.933249927384217
600,3.296904864,LIP,1.0,0.0,13.86266624,3.295772672,13.861617664,0.0,18.585966276263676,3,17.7,0.5,8.85,0.7819197785892018,1.1231273301551459
600,3.296904864,LIP,1.0,0.0,13.86266624,3.295772672,13.861617664,0.0,18.585966276263676,3,17.7,0.75,13.274999999999999,0.8597319347584556,1.1231273301551459
600,3.296904864,LIP,1.0,0.0,13.86266624,3.295772672,13.861617664,0.0,18.585966276263676,3,17.7,1.0,17.7,0.9047496750273699,1.1231273301551459
600,3.296904864,LIP,1.0,0.0,13.86266624,3.295772672,13.861617664,0.0,18.585966276263676,3,19.0,0.05,0.9500000000000001,0.24016841382273352,0.2714790429699617
600,3.296904864,LIP,1.0,0.0,13.86266624,3.295772672,13.861617664,0.0,18.585966276263676,3,19.0,0.1,1.9000000000000001,0.39272878713661424,0.4840113635538286
600,3.296904864,LIP,1.0,0.0,13.86266624,3.295772672,13.861617664,0.0,18.585966276263676,3,19.0,0.2,3.8000000000000003,0.5755205941285166,0.7953310881951845
600,3.296904864,LIP,1.0,0.0,13.86266624,3.295772672,13.861617664,0.0,18.585966276263676,3,19.0,0.28,5.32,0.663793855713475,0.974400058642323
600,3.296904864,LIP,1.0,0.0,13.86266624,3.295772672,13.861617664,0.0,18.585966276263676,3,19.0,0.5,9.5,0.7985180994115839,1.1231273301551459
600,3.296904864,LIP,1.0,0.0,13.86266624,3.295772672,13.861617664,0.0,18.585966276263676,3,19.0,0.75,14.25,0.8737522323736546,1.1231273301551459
600,3.296904864,LIP,1.0,0.0,13.86266624,3.295772672,13.861617664,0.0,18.585966276263676,3,19.0,1.0,19.0,0.9169483832404294,1.1231273301551459
600,3.296904864,LIP,0.0,0.25,16.334241792,0.82419712,0.0,0.82419712,4.070653575401151,3,15.0,0.05,0.75,1.0119704440999993,1.024601376147656
600,3.296904864,LIP,0.0,0.25,16.334241792,0.82419712,0.0,0.82419712,4.070653575401151,3,15.0,0.1,1.5,1.0119704440999993,1.024601376147656
600,3.296904864,LIP,0.0,0.25,16.334241792,0.82419712,0.0,0.82419712,4.070653575401151,3,15.0,0.2,3.0,1.0119704440999993,1.024601376147656
600,3.296904864,LIP,0.0,0.25,16.334241792,0.82419712,0.0,0.82419712,4.070653575401151,3,15.0,0.28,4.2,1.0119704440999993,1.024601376147656
600,3.296904864,LIP,0.0,0.25,16.334241792,0.82419712,0.0,0.82419712,4.070653575401151,3,15.0,0.5,7.5,1.0119704440999993,1.024601376147656
600,3.296904864,LIP,0.0,0.25,16.334241792,0.82419712,0.0,0.82419712,4.070653575401151,3,15.0,0.75,11.25,1.0119704440999993,1.024601376147656
600,3.296904864,LIP,0.0,0.25,16.334241792,0.82419712,0.0,0.82419712,4.070653575401151,3,15.0,1.0,15.0,1.0119704440999993,1.024601376147656
600,3.296904864,LIP,0.0,0.25,16.334241792,0.82419712,0.0,0.82419712,4.070653575401151,3,17.7,0.05,0.885,1.0138770294225727,1.024601376147656
600,3.296904864,LIP,0.0,0.25,16.334241792,0.82419712,0.0,0.82419712,4.070653575401151,3,17.7,0.1,1.77,1.0138770294225727,1.024601376147656
600,3.296904864,LIP,0.0,0.25,16.334241792,0.82419712,0.0,0.82419712,4.070653575401151,3,17.7,0.2,3.54,1.0138770294225727,1.024601376147656
600,3.296904864,LIP,0.0,0.25,16.334241792,0.82419712,0.0,0.82419712,4.070653575401151,3,17.7,0.28,4.956,1.0138770294225727,1.024601376147656
600,3.296904864,LIP,0.0,0.25,16.334241792,0.82419712,0.0,0.82419712,4.070653575401151,3,17.7,0.5,8.85,1.0138770294225727,1.024601376147656
600,3.296904864,LIP,0.0,0.25,16.334241792,0.82419712,0.0,0.82419712,4.070653575401151,3,17.7,0.75,13.274999999999999,1.0138770294225727,1.024601376147656
600,3.296904864,LIP,0.0,0.25,16.334241792,0.82419712,0.0,0.82419712,4.070653575401151,3,17.7,1.0,17.7,1.0138770294225727,1.024601376147656
600,3.296904864,LIP,0.0,0.25,16.334241792,0.82419712,0.0,0.82419712,4.070653575401151,3,19.0,0.05,0.9500000000000001,1.014603640608503,1.024601376147656
600,3.296904864,LIP,0.0,0.25,16.334241792,0.82419712,0.0,0.82419712,4.070653575401151,3,19.0,0.1,1.9000000000000001,1.014603640608503,1.024601376147656
600,3.296904864,LIP,0.0,0.25,16.334241792,0.82419712,0.0,0.82419712,4.070653575401151,3,19.0,0.2,3.8000000000000003,1.014603640608503,1.024601376147656
600,3.296904864,LIP,0.0,0.25,16.334241792,0.82419712,0.0,0.82419712,4.070653575401151,3,19.0,0.28,5.32,1.014603640608503,1.024601376147656
600,3.296904864,LIP,0.0,0.25,16.334241792,0.82419712,0.0,0.82419712,4.070653575401151,3,19.0,0.5,9.5,1.014603640608503,1.024601376147656
600,3.296904864,LIP,0.0,0.25,16.334241792,0.82419712,0.0,0.82419712,4.070653575401151,3,19.0,0.75,14.25,1.014603640608503,1.024601376147656
600,3.296904864,LIP,0.0,0.25,16.334241792,0.82419712,0.0,0.82419712,4.070653575401151,3,19.0,1.0,19.0,1.014603640608503,1.024601376147656
600,3.296904864,LIP,0.02,0.25,13.862628010666667,3.2958109013333337,0.2848740693333333,0.82419712,18.58619079326347,3,15.0,0.05,0.75,0.9772374926623382,1.1231290006617205
600,3.296904864,LIP,0.02,0.25,13.862628010666667,3.2958109013333337,0.2848740693333333,0.82419712,18.58619079326347,3,15.0,0.1,1.5,1.0191730595247792,1.1231290006617205
600,3.296904864,LIP,0.02,0.25,13.862628010666667,3.2958109013333337,0.2848740693333333,0.82419712,18.58619079326347,3,15.0,0.2,3.0,1.0415201021893767,1.1231290006617205
600,3.296904864,LIP,0.02,0.25,13.862628010666667,3.2958109013333337,0.2848740693333333,0.82419712,18.58619079326347,3,15.0,0.28,4.2,1.0480861046608732,1.1231290006617205
600,3.296904864,LIP,0.02,0.25,13.862628010666667,3.2958109013333337,0.2848740693333333,0.82419712,18.58619079326347,3,15.0,0.5,7.5,1.0554049945864243,1.1231290006617205
600,3.296904864,LIP,0.02,0.25,13.862628010666667,3.2958109013333337,0.2848740693333333,0.82419712,18.58619079326347,3,15.0,0.75,11.25,1.0585409509578476,1.1231290006617205
600,3.296904864,LIP,0.02,0.25,13.862628010666667,3.2958109013333337,0.2848740693333333,0.82419712,18.58619079326347,3,15.0,1.0,15.0,1.0601159280121297,1.1231290006617205
600,3.296904864,LIP,0.02,0.25,13.862628010666667,3.2958109013333337,0.2848740693333333,0.82419712,18.58619079326347,3,17.7,0.05,0.885,0.9969927582892698,1.1231290006617205
600,3.296904864,LIP,0.02,0.25,13.862628010666667,3.2958109013333337,0.2848740693333333,0.82419712,18.58619079326347,3,17.7,0.1,1.77,1.0337690542711326,1.1231290006617205
600,3.296904864,LIP,0.02,0.25,13.862628010666667,3.2958109013333337,0.2848740693333333,0.82419712,18.58619079326347,3,17.7,0.2,3.54,1.0531937515986753,1.1231290006617205
600,3.296904864,LIP,0.02,0.25,13.862628010666667,3.2958109013333337,0.2848740693333333,0.82419712,18.58619079326347,3,17.7,0.28,4.956,1.058878468029055,1.1231290006617205
600,3.296904864,LIP,0.02,0.25,13.862628010666667,3.2958109013333337,0.2848740693333333,0.82419712,18.58619079326347,3,17.7,0.5,8.85,1.0652029590633718,1.1231290006617205
600,3.296904864,LIP,0.02,0.25,13.862628010666667,3.2958109013333337,0.2848740693333333,0.82419712,18.58619079326347,3,17.7,0.75,13.274999999999999,1.067908959048476,1.1231290006617205
600,3.296904864,LIP,0.02,0.25,13.862628010666667,3.2958109013333337,0.2848740693333333,0.82419712,18.58619079326347,3,17.7,1.0,17.7,1.069267121260468,1.1231290006617205
600,3.296904864,LIP,0.02,0.25,13.862628010666667,3.2958109013333337,0.2848740693333333,0.82419712,18.58619079326347,3,19.0,0.05,0.9500000000000001,1.0047131992605338,1.1231290006617205
600,3.296904864,LIP,0.02,0.25,13.862628010666667,3.2958109013333337,0.2848740693333333,0.82419712,18.58619079326347,3,19.0,0.1,1.9000000000000001,1.039427500751133,1.1231290006617205
600,3.296904864,LIP,0.02,0.25,13.862628010666667,3.2958109013333337,0.2848740693333333,0.82419712,18.58619079326347,3,19.0,0.2,3.8000000000000003,1.0577000376404122,1.1231290006617205
600,3.296904864,LIP,0.02,0.25,13.862628010666667,3.2958109013333337,0.2848740693333333,0.82419712,18.58619079326347,3,19.0,0.28,5.32,1.0630393575646202,1.1231290006617205
600,3.296904864,LIP,0.02,0.25,13.862628010666667,3.2958109013333337,0.2848740693333333,0.82419712,18.58619079326347,3,19.0,0.5,9.5,1.0689752188956012,1.1231290006617205
600,3.296904864,LIP,0.02,0.25,13.862628010666667,3.2958109013333337,0.2848740693333333,0.82419712,18.58619079326347,3,19.0,0.75,14.25,1.0715135376637042,1.1231290006617205
600,3.296904864,LIP,0.02,0.25,13.862628010666667,3.2958109013333337,0.2848740693333333,0.82419712,18.58619079326347,3,19.0,1.0,19.0,1.072787222915698,1.1231290006617205
600,3.296904864,LIP,0.05,0.25,13.862693546666666,3.2957453653333335,0.6801926826666667,0.82419712,18.585805906978127,3,15.0,0.05,0.75,0.8770759588129082,1.1231261369392063
600,3.296904864,LIP,0.05,0.25,13.862693546666666,3.2957453653333335,0.6801926826666667,0.82419712,18.585805906978127,3,15.0,0.1,1.5,0.9618917901315409,1.1231261369392063
600,3.296904864,LIP,0.05,0.25,13.862693546666666,3.2957453653333335,0.6801926826666667,0.82419712,18.585805906978127,3,15.0,0.2,3.0,1.0107637054323417,1.1231261369392063
600,3.296904864,LIP,0.05,0.25,13.862693546666666,3.2957453653333335,0.6801926826666667,0.82419712,18.585805906978127,3,15.0,0.28,4.2,1.025652701853556,1.1231261369392063
600,3.296904864,LIP,0.05,0.25,13.862693546666666,3.2957453653333335,0.6801926826666667,0.82419712,18.585805906978127,3,15.0,0.5,7.5,1.0425455750118087,1.1231261369392063
600,3.296904864,LIP,0.05,0.25,13.862693546666666,3.2957453653333335,0.6801926826666667,0.82419712,18.585805906978127,3,15.0,0.75,11.25,1.0498815457528048,1.1231261369392063
600,3.296904864,LIP,0.05,0.25,13.862693546666666,3.2957453653333335,0.6801926826666667,0.82419712,18.585805906978127,3,15.0,1.0,15.0,1.053588383005793,1.1231261369392063
600,3.296904864,LIP,0.05,0.25,13.862693546666666,3.2957453653333335,0.6801926826666667,0.82419712,18.585805906978127,3,17.7,0.05,0.885,0.9073998081784327,1.1231261369392063
600,3.296904864,LIP,0.05,0.25,13.862693546666666,3.2957453653333335,0.6801926826666667,0.82419712,18.585805906978127,3,17.7,0.1,1.77,0.9834276360235434,1.1231261369392063
600,3.296904864,LIP,0.05,0.25,13.862693546666666,3.2957453653333335,0.6801926826666667,0.82419712,18.585805906978127,3,17.7,0.2,3.54,1.0264280271638422,1.1231261369392063
600,3.296904864,LIP,0.05,0.25,13.862693546666666,3.2957453653333335,0.6801926826666667,0.82419712,18.585805906978127,3,17.7,0.28,4.956,1.0394132740709006,1.1231261369392063
600,3.296904864,LIP,0.05,0.25,13.862693546666666,3.2957453653333335,0.6801926826666667,0.82419712,18.585805906978127,3,17.7,0.5,8.85,1.0540818766153173,1.1231261369392063
600,3.296904864,LIP,0.05,0.25,13.862693546666666,3.2957453653333335,0.6801926826666667,0.82419712,18.585805906978127,3,17.7,0.75,13.274999999999999,1.060430753308653,1.1231261369392063
600,3.296904864,LIP,0.05,0.25,13.862693546666666,3.2957453653333335,0.6801926826666667,0.82419712,18.585805906978127,3,17.7,1.0,17.7,1.063633958390953,1.1231261369392063
600,3.296904864,LIP,0.05,0.25,13.862693546666666,3.2957453653333335,0.6801926826666667,0.82419712,18.585805906978127,3,19.0,0.05,0.9500000000000001,0.9194837444356896,1.1231261369392063
600,3.296904864,LIP,0.05,0.25,13.862693546666666,3.2957453653333335,0.6801926826666667,0.82419712,18.585805906978127,3,19.0,0.1,1.9000000000000001,0.9918688951862102,1.1231261369392063
600,3.296904864,LIP,0.05,0.25,13.862693546666666,3.2957453653333335,0.6801926826666667,0.82419712,18.585805906978127,3,19.0,0.2,3.8000000000000003,1.0325104084366923,1.1231261369392063
600,3.296904864,LIP,0.05,0.25,13.862693546666666,3.2957453653333335,0.6801926826666667,0.82419712,18.585805906978127,3,19.0,0.28,5.32,1.044741248768578,1.1231261369392063
600,3.296904864,LIP,0.05,0.25,13.862693546666666,3.2957453653333335,0.6801926826666667,0.82419712,18.585805906978127,3,19.0,0.5,9.5,1.0585342719833915,1.1231261369392063
600,3.296904864,LIP,0.05,0.25,13.862693546666666,3.2957453653333335,0.6801926826666667,0.82419712,18.585805906978127,3,19.0,0.75,14.25,1.0644965065972605,1.1231261369392063
600,3.296904864,LIP,0.05,0.25,13.862693546666666,3.2957453653333335,0.6801926826666667,0.82419712,18.585805906978127,3,19.0,1.0,19.0,1.067502881922775,1.1231261369392063
600,3.296904864,LIP,0.1,0.25,13.862644394666667,3.2957945173333334,1.4016293546666667,0.82419712,18.586094571692136,3,15.0,0.05,0.75,0.7388736896194009,1.123128284729723
600,3.296904864,LIP,0.1,0.25,13.862644394666667,3.2957945173333334,1.4016293546666667,0.82419712,18.586094571692136,3,15.0,0.1,1.5,0.8724122479646195,1.123128284729723
600,3.296904864,LIP,0.1,0.25,13.862644394666667,3.2957945173333334,1.4016293546666667,0.82419712,18.586094571692136,3,15.0,0.2,3.0,0.959080831048653,1.123128284729723
600,3.296904864,LIP,0.1,0.25,13.862644394666667,3.2957945173333334,1.4016293546666667,0.82419712,18.586094571692136,3,15.0,0.28,4.2,0.9870985259289592,1.123128284729723
600,3.296904864,LIP,0.1,0.25,13.862644394666667,3.2957945173333334,1.4016293546666667,0.82419712,18.586094571692136,3,15.0,0.5,7.5,1.019871459221121,1.123128284729723
600,3.296904864,LIP,0.1,0.25,13.862644394666667,3.2957945173333334,1.4016293546666667,0.82419712,18.586094571692136,3,15.0,0.75,11.25,1.0344419789362784,1.123128284729723
600,3.296904864,LIP,0.1,0.25,13.862644394666667,3.2957945173333334,1.4016293546666667,0.82419712,18.586094571692136,3,15.0,1.0,15.0,1.0418844846991218,1.123128284729723
600,3.296904864,LIP,0.1,0.25,13.862644394666667,3.2957945173333334,1.4016293546666667,0.82419712,18.586094571692136,3,17.7,0.05,0.885,0.7795581657260752,1.123128284729723
600,3.296904864,LIP,0.1,0.25,13.862644394666667,3.2957945173333334,1.4016293546666667,0.82419712,18.586094571692136,3,17.7,0.1,1.77,0.9031669324280612,1.123128284729723
600,3.296904864,LIP,0.1,0.25,13.862644394666667,3.2957945173333334,1.4016293546666667,0.82419712,18.586094571692136,3,17.7,0.2,3.54,0.9809368818068225,1.123128284729723
600,3.296904864,LIP,0.1,0.25,13.862644394666667,3.2957945173333334,1.4016293546666667,0.82419712,18.586094571692136,3,17.7,0.28,4.956,1.00567889766052,1.123128284729723
600,3.296904864,LIP,0.1,0.25,13.862644394666667,3.2957945173333334,1.4016293546666667,0.82419712,18.586094571692136,3,17.7,0.5,8.85,1.03437784125608,1.123128284729723
600,3.296904864,LIP,0.1,0.25,13.862644394666667,3.2957945173333334,1.4016293546666667,0.82419712,18.586094571692136,3,17.7,0.75,13.274999999999999,1.0470540614599955,1.123128284729723
600,3.296904864,LIP,0.1,0.25,13.862644394666667,3.2957945173333334,1.4016293546666667,0.82419712,18.586094571692136,3,17.7,1.0,17.7,1.0535093994426872,1.123128284729723
600,3.296904864,LIP,0.1,0.25,13.862644394666667,3.2957945173333334,1.4016293546666667,0.82419712,18.586094571692136,3,19.0,0.05,0.9500000000000001,0.7962233720032585,1.123128284729723
600,3.296904864,LIP,0.1,0.25,13.862644394666667,3.2957945173333334,1.4016293546666667,0.82419712,18.586094571692136,3,19.0,0.1,1.9000000000000001,0.9154338009880245,1.123128284729723
600,3.296904864,LIP,0.1,0.25,13.862644394666667,3.2957945173333334,1.4016293546666667,0.82419712,18.586094571692136,3,19.0,0.2,3.8000000000000003,0.9895083096124783,1.123128284729723
600,3.296904864,LIP,0.1,0.25,13.862644394666667,3.2957945173333334,1.4016293546666667,0.82419712,18.586094571692136,3,19.0,0.28,5.32,1.0129264112203553,1.123128284729723
600,3.296904864,LIP,0.1,0.25,13.862644394666667,3.2957945173333334,1.4016293546666667,0.82419712,18.586094571692136,3,19.0,0.5,9.5,1.04000079602822,1.123128284729723
600,3.296904864,LIP,0.1,0.25,13.862644394666667,3.2957945173333334,1.4016293546666667,0.82419712,18.586094571692136,3,19.0,0.75,14.25,1.0519291713817704,1.123128284729723
600,3.296904864,LIP,0.1,0.25,13.862644394666667,3.2957945173333334,1.4016293546666667,0.82419712,18.586094571692136,3,19.0,1.0,19.0,1.0579965610178084,1.123128284729723
600,3.296904864,LIP,0.2,0.25,13.862628010666667,3.2958109013333337,2.7557669546666665,0.82419712,18.58619079326347,3,15.0,0.05,0.75,0.5702227620718142,0.7852482377984509
600,3.296904864,LIP,0.2,0.25,13.862628010666667,3.2958109013333337,2.7557669546666665,0.82419712,18.58619079326347,3,15.0,0.1,1.5,0.7427259772543163,1.1231290006617205
600,3.296904864,LIP,0.2,0.25,13.862628010666667,3.2958109013333337,2.7557669546666665,0.82419712,18.58619079326347,3,15.0,0.2,3.0,0.8750919435828746,1.1231290006617205
600,3.296904864,LIP,0.2,0.25,13.862628010666667,3.2958109013333337,2.7557669546666665,0.82419712,18.58619079326347,3,15.0,0.28,4.2,0.9220413464000506,1.1231290006617205
600,3.296904864,LIP,0.2,0.25,13.862628010666667,3.2958109013333337,2.7557669546666665,0.82419712,18.58619079326347,3,15.0,0.5,7.5,0.9798692150062165,1.1231290006617205
600,3.296904864,LIP,0.2,0.25,13.862628010666667,3.2958109013333337,2.7557669546666665,0.82419712,18.58619079326347,3,15.0,0.75,11.25,1.0066535529440221,1.1231290006617205
600,3.296904864,LIP,0.2,0.25,13.862628010666667,3.2958109013333337,2.7557669546666665,0.82419712,18.58619079326347,3,15.0,1.0,15.0,1.0206024351543632,1.1231290006617205
600,3.296904864,LIP,0.2,0.25,13.862628010666667,3.2958109013333337,2.7557669546666665,0.82419712,18.58619079326347,3,17.7,0.05,0.885,0.6165205110986385,0.8758192576219053
600,3.296904864,LIP,0.2,0.25,13.862628010666667,3.2958109013333337,2.7557669546666665,0.82419712,18.58619079326347,3,17.7,0.1,1.77,0.7831902843177057,1.1231290006617205
600,3.296904864,LIP,0.2,0.25,13.862628010666667,3.2958109013333337,2.7557669546666665,0.82419712,18.58619079326347,3,17.7,0.2,3.54,0.9055999490565907,1.1231290006617205
600,3.296904864,LIP,0.2,0.25,13.862628010666667,3.2958109013333337,2.7557669546666665,0.82419712,18.58619079326347,3,17.7,0.28,4.956,0.9479308008681359,1.1231290006617205
600,3.296904864,LIP,0.2,0.25,13.862628010666667,3.2958109013333337,2.7557669546666665,0.82419712,18.58619079326347,3,17.7,0.5,8.85,0.9993132685006806,1.1231290006617205
600,3.296904864,LIP,0.2,0.25,13.862628010666667,3.2958109013333337,2.7557669546666665,0.82419712,18.58619079326347,3,17.7,0.75,13.274999999999999,1.022834374173386,1.1231290006617205
600,3.296904864,LIP,0.2,0.25,13.862628010666667,3.2958109013333337,2.7557669546666665,0.82419712,18.58619079326347,3,17.7,1.0,17.7,1.035015088690699,1.1231290006617205
600,3.296904864,LIP,0.2,0.25,13.862628010666667,3.2958109013333337,2.7557669546666665,0.82419712,18.58619079326347,3,19.0,0.05,0.9500000000000001,0.6361538765802714,0.9159784325533111
600,3.296904864,LIP,0.2,0.25,13.862628010666667,3.2958109013333337,2.7557669546666665,0.82419712,18.58619079326347,3,19.0,0.1,1.9000000000000001,0.7997524186269317,1.1231290006617205
600,3.296904864,LIP,0.2,0.25,13.862628010666667,3.2958109013333337,2.7557669546666665,0.82419712,18.58619079326347,3,19.0,0.2,3.8000000000000003,0.9177620178745177,1.1231290006617205
600,3.296904864,LIP,0.2,0.25,13.862628010666667,3.2958109013333337,2.7557669546666665,0.82419712,18.58619079326347,3,19.0,0.28,5.32,0.9581572899130913,1.1231290006617205
600,3.296904864,LIP,0.2,0.25,13.862628010666667,3.2958109013333337,2.7557669546666665,0.82419712,18.58619079326347,3,19.0,0.5,9.5,1.006908234475024,1.1231290006617205
600,3.296904864,LIP,0.2,0.25,13.862628010666667,3.2958109013333337,2.7557669546666665,0.82419712,18.58619079326347,3,19.0,0.75,14.25,1.029122261457448,1.1231290006617205
600,3.296904864,LIP,0.2,0.25,13.862628010666667,3.2958109013333337,2.7557669546666665,0.82419712,18.58619079326347,3,19.0,1.0,19.0,1.0406009327035242,1.1231290006617205
600,3.296904864,LIP,0.35,0.25,13.862655317333333,3.2957835946666667,4.792800597333333,0.82419712,18.586030423977896,3,15.0,0.05,0.75,0.4244737752348614,0.533151567409959
600,3.296904864,LIP,0.35,0.25,13.862655317333333,3.2957835946666667,4.792800597333333,0.82419712,18.586030423977896,3,15.0,0.1,1.5,0.6069910976358093,0.8567132408119217
600,3.296904864,LIP,0.35,0.25,13.862655317333333,3.2957835946666667,4.792800597333333,0.82419712,18.586030423977896,3,15.0,0.2,3.0,0.773229640240253,1.1231278074422315
600,3.296904864,LIP,0.35,0.25,13.862655317333333,3.2957835946666667,4.792800597333333,0.82419712,18.586030423977896,3,15.0,0.28,4.2,0.8388708309366709,1.1231278074422315
600,3.296904864,LIP,0.35,0.25,13.862655317333333,3.2957835946666667,4.792800597333333,0.82419712,18.586030423977896,3,15.0,0.5,7.5,0.9252742916561048,1.1231278074422315
600,3.296904864,LIP,0.35,0.25,13.862655317333333,3.2957835946666667,4.792800597333333,0.82419712,18.586030423977896,3,15.0,0.75,11.25,0.9675533250558821,1.1231278074422315
600,3.296904864,LIP,0.35,0.25,13.862655317333333,3.2957835946666667,4.792800597333333,0.82419712,18.586030423977896,3,15.0,1.0,15.0,0.9901756267741656,1.1231278074422315
600,3.296904864,LIP,0.35,0.25,13.862655317333333,3.2957835946666667,4.792800597333333,0.82419712,18.586030423977896,3,17.7,0.05,0.885,0.4689751376510789,0.6052937926833954
600,3.296904864,LIP,0.35,0.25,13.862655317333333,3.2957835946666667,4.792800597333333,0.82419712,18.586030423977896,3,17.7,0.1,1.77,0.6527496996172661,0.9507855481392476
600,3.296904864,LIP,0.35,0.25,13.862655317333333,3.2957835946666667,4.792800597333333,0.82419712,18.586030423977896,3,17.7,0.2,3.54,0.8118091707716815,1.1231278074422315
600,3.296904864,LIP,0.35,0.25,13.862655317333333,3.2957835946666667,4.792800597333333,0.82419712,18.586030423977896,3,17.7,0.28,4.956,0.8725581806218815,1.1231278074422315
600,3.296904864,LIP,0.35,0.25,13.862655317333333,3.2957835946666667,4.792800597333333,0.82419712,18.586030423977896,3,17.7,0.5,8.85,0.950825165481946,1.1231278074422315
600,3.296904864,LIP,0.35,0.25,13.862655317333333,3.2957835946666667,4.792800597333333,0.82419712,18.586030423977896,3,17.7,0.75,13.274999999999999,0.9884390511228268,1.1231278074422315
600,3.296904864,LIP,0.35,0.25,13.862655317333333,3.2957835946666667,4.792800597333333,0.82419712,18.586030423977896,3,17.7,1.0,17.7,1.008384494531511,1.1231278074422315
600,3.296904864,LIP,0.35,0.25,13.862655317333333,3.2957835946666667,4.792800597333333,0.82419712,18.586030423977896,3,19.0,0.05,0.9500000000000001,0.48843998017341783,0.6381150391516888
600,3.296904864,LIP,0.35,0.25,13.862655317333333,3.2957835946666667,4.792800597333333,0.82419712,18.586030423977896,3,19.0,0.1,1.9000000000000001,0.6720063638474651,0.9921990912825526
600,3.296904864,LIP,0.35,0.25,13.862655317333333,3.2957835946666667,4.792800597333333,0.82419712,18.586030423977896,3,19.0,0.2,3.8000000000000003,0.8275032337419604,1.1231278074422315
600,3.296904864,LIP,0.35,0.25,13.862655317333333,3.2957835946666667,4.792800597333333,0.82419712,18.586030423977896,3,19.0,0.28,5.32,0.8860840097553944,1.1231278074422315
600,3.296904864,LIP,0.35,0.25,13.862655317333333,3.2957835946666667,4.792800597333333,0.82419712,18.586030423977896,3,19.0,0.5,9.5,0.9609115594118287,1.1231278074422315
600,3.296904864,LIP,0.35,0.25,13.862655317333333,3.2957835946666667,4.792800597333333,0.82419712,18.586030423977896,3,19.0,0.75,14.25,0.9966165408071543,1.1231278074422315
600,3.296904864,LIP,0.35,0.25,13.862655317333333,3.2957835946666667,4.792800597333333,0.82419712,18.586030423977896,3,19.0,1.0,19.0,1.0154828961757059,1.1231278074422315
600,3.296904864,LIP,0.5,0.25,13.862660778666665,3.2957781333333336,6.917701632,0.82419712,18.585998350120793,3,15.0,0.05,0.75,0.33512184747890905,0.399397678728993
600,3.296904864,LIP,0.5,0.25,13.862660778666665,3.2957781333333336,6.917701632,0.82419712,18.585998350120793,3,15.0,0.1,1.5,0.5098044983995983,0.6750748826057079
600,3.296904864,LIP,0.5,0.25,13.862660778666665,3.2957781333333336,6.917701632,0.82419712,18.585998350120793,3,15.0,0.2,3.0,0.6895078917620957,1.0308315214646009
600,3.296904864,LIP,0.5,0.25,13.862660778666665,3.2957781333333336,6.917701632,0.82419712,18.585998350120793,3,15.0,0.28,4.2,0.7667271078673832,1.123127568798638
600,3.296904864,LIP,0.5,0.25,13.862660778666665,3.2957781333333336,6.917701632,0.82419712,18.585998350120793,3,15.0,0.5,7.5,0.8744516435351644,1.123127568798638
600,3.296904864,LIP,0.5,0.25,13.862660778666665,3.2957781333333336,6.917701632,0.82419712,18.585998350120793,3,15.0,0.75,11.25,0.9298776676096938,1.123127568798638
600,3.296904864,LIP,0.5,0.25,13.862660778666665,3.2957781333333336,6.917701632,0.82419712,18.585998350120793,3,15.0,1.0,15.0,0.9603117473091919,1.123127568798638
600,3.296904864,LIP,0.5,0.25,13.862660778666665,3.2957781333333336,6.917701632,0.82419712,18.585998350120793,3,17.7,0.05,0.885,0.3752875055094839,0.4577906375882129
600,3.296904864,LIP,0.5,0.25,13.862660778666665,3.2957781333333336,6.917701632,0.82419712,18.585998350120793,3,17.7,0.1,1.77,0.5561308033815285,0.7587719551697061
600,3.296904864,LIP,0.5,0.25,13.862660778666665,3.2957781333333336,6.917701632,0.82419712,18.585998350120793,3,17.7,0.2,3.54,0.7326569229760146,1.123127568798638
600,3.296904864,LIP,0.5,0.25,13.862660778666665,3.2957781333333336,6.917701632,0.82419712,18.585998350120793,3,17.7,0.28,4.956,0.8057292817421582,1.123127568798638
600,3.296904864,LIP,0.5,0.25,13.862660778666665,3.2957781333333336,6.917701632,0.82419712,18.585998350120793,3,17.7,0.5,8.85,0.9050186334412662,1.123127568798638
600,3.296904864,LIP,0.5,0.25,13.862660778666665,3.2957781333333336,6.917701632,0.82419712,18.585998350120793,3,17.7,0.75,13.274999999999999,0.9549420915130742,1.123127568798638
600,3.296904864,LIP,0.5,0.25,13.862660778666665,3.2957781333333336,6.917701632,0.82419712,18.585998350120793,3,17.7,1.0,17.7,0.9820278465523292,1.123127568798638
600,3.296904864,LIP,0.5,0.25,13.862660778666665,3.2957781333333336,6.917701632,0.82419712,18.585998350120793,3,19.0,0.05,0.9500000000000001,0.3932011594788339,0.48472900024690585
600,3.296904864,LIP,0.5,0.25,13.862660778666665,3.2957781333333336,6.917701632,0.82419712,18.585998350120793,3,19.0,0.1,1.9000000000000001,0.5760276653490015,0.7962996682562508
600,3.296904864,LIP,0.5,0.25,13.862660778666665,3.2957781333333336,6.917701632,0.82419712,18.585998350120793,3,19.0,0.2,3.8000000000000003,0.7505096824490485,1.123127568798638
600,3.296904864,LIP,0.5,0.25,13.862660778666665,3.2957781333333336,6.917701632,0.82419712,18.585998350120793,3,19.0,0.28,5.32,0.8216159976353008,1.123127568798638
600,3.296904864,LIP,0.5,0.25,13.862660778666665,3.2957781333333336,6.917701632,0.82419712,18.585998350120793,3,19.0,0.5,9.5,0.9172057478767338,1.123127568798638
600,3.296904864,LIP,0.5,0.25,13.862660778666665,3.2957781333333336,6.917701632,0.82419712,18.585998350120793,3,19.0,0.75,14.25,0.9648275967981133,1.123127568798638
600,3.296904864,LIP,0.5,0.25,13.862660778666665,3.2957781333333336,6.917701632,0.82419712,18.585998350120793,3,19.0,1.0,19.0,0.9905423607779468,1.123127568798638
600,3.296904864,LIP,0.75,0.25,13.862660778666665,3.2957781333333336,10.376391338666666,0.82419712,18.585998350120793,3,15.0,0.05,0.75,0.24960096973248544,0.28359336409603536
600,3.296904864,LIP,0.75,0.25,13.862660778666665,3.2957781333333336,10.376391338666666,0.82419712,18.585998350120793,3,15.0,0.1,1.5,0.40440985521248435,0.50187705673937
600,3.296904864,LIP,0.75,0.25,13.862660778666665,3.2957781333333336,10.376391338666666,0.82419712,18.585998350120793,3,15.0,0.2,3.0,0.586197026115485,0.8158656611255175
600,3.296904864,LIP,0.75,0.25,13.862660778666665,3.2957781333333336,10.376391338666666,0.82419712,18.585998350120793,3,15.0,0.28,4.2,0.6725775475493548,0.9934449468468194
600,3.296904864,LIP,0.75,0.25,13.862660778666665,3.2957781333333336,10.376391338666666,0.82419712,18.585998350120793,3,15.0,0.5,7.5,0.8026878137020731,1.123127568798638
600,3.296904864,LIP,0.75,0.25,13.862660778666665,3.2957781333333336,10.376391338666666,0.82419712,18.585998350120793,3,15.0,0.75,11.25,0.874454071340057,1.123127568798638
600,3.296904864,LIP,0.75,0.25,13.862660778666665,3.2957781333333336,10.376391338666666,0.82419712,18.585998350120793,3,15.0,1.0,15.0,0.9153747238957619,1.123127568798638
600,3.296904864,LIP,0.75,0.25,13.862660778666665,3.2957781333333336,10.376391338666666,0.82419712,18.585998350120793,3,17.7,0.05,0.885,0.2832003554997704,0.32777751322504217
600,3.296904864,LIP,0.75,0.25,13.862660778666665,3.2957781333333336,10.376391338666666,0.82419712,18.585998350120793,3,17.7,0.1,1.77,0.4481570256145723,0.5710560264322666
600,3.296904864,LIP,0.75,0.25,13.862660778666665,3.2957781333333336,10.376391338666666,0.82419712,18.585998350120793,3,17.7,0.2,3.54,0.6323084467466632,0.9080280745746995
600,3.296904864,LIP,0.75,0.25,13.862660778666665,3.2957781333333336,10.376391338666666,0.82419712,18.585998350120793,3,17.7,0.28,4.956,0.7164175576296948,1.0921621858291217
600,3.296904864,LIP,0.75,0.25,13.862660778666665,3.2957781333333336,10.376391338666666,0.82419712,18.585998350120793,3,17.7,0.5,8.85,0.8392119065454534,1.123127568798638
600,3.296904864,LIP,0.75,0.25,13.862660778666665,3.2957781333333336,10.376391338666666,0.82419712,18.585998350120793,3,17.7,0.75,13.274999999999999,0.9050208372559484,1.123127568798638
600,3.296904864,LIP,0.75,0.25,13.862660778666665,3.2957781333333336,10.376391338666666,0.82419712,18.585998350120793,3,17.7,1.0,17.7,0.9419536810621616,1.123127568798638
600,3.296904864,LIP,0.75,0.25,13.862660778666665,3.2957781333333336,10.376391338666666,0.82419712,18.585998350120793,3,19.0,0.05,0.9500000000000001,0.2984727451553737,0.3484113490653536
600,3.296904864,LIP,0.75,0.25,13.862660778666665,3.2957781333333336,10.376391338666666,0.82419712,18.585998350120793,3,19.0,0.1,1.9000000000000001,0.4673751546665357,0.6026311892248736
600,3.296904864,LIP,0.75,0.25,13.862660778666665,3.2957781333333336,10.376391338666666,0.82419712,18.585998350120793,3,19.0,0.2,3.8000000000000003,0.6517976890090329,0.9487672383731641
600,3.296904864,LIP,0.75,0.25,13.862660778666665,3.2957781333333336,10.376391338666666,0.82419712,18.585998350120793,3,19.0,0.28,5.32,0.7346190807066333,1.123127568798638
600,3.296904864,LIP,0.75,0.25,13.862660778666665,3.2957781333333336,10.376391338666666,0.82419712,18.585998350120793,3,19.0,0.5,9.5,0.8539825360290945,1.123127568798638
600,3.296904864,LIP,0.75,0.25,13.862660778666665,3.2957781333333336,10.376391338666666,0.82419712,18.585998350120793,3,19.0,0.75,14.25,0.9172078565688374,1.123127568798638
600,3.296904864,LIP,0.75,0.25,13.862660778666665,3.2957781333333336,10.376391338666666,0.82419712,18.585998350120793,3,19.0,1.0,19.0,0.9524661767253227,1.123127568798638
600,3.296904864,LIP,1.0,0.25,13.86266624,3.295772672,13.861617664,0.82419712,18.585966276263676,3,15.0,0.05,0.75,0.19854488185765315,0.21947029485489528
600,3.296904864,LIP,1.0,0.25,13.86266624,3.295772672,13.861617664,0.82419712,18.585966276263676,3,15.0,0.1,1.5,0.33468726166338514,0.39878058382778836
600,3.296904864,LIP,1.0,0.25,13.86266624,3.295772672,13.861617664,0.82419712,18.585966276263676,3,15.0,0.2,3.0,0.5093014678334175,0.6741932052359555
600,3.296904864,LIP,1.0,0.25,13.86266624,3.295772672,13.861617664,0.82419712,18.585966276263676,3,15.0,0.28,4.2,0.5985190197598923,0.8399328276553699
600,3.296904864,LIP,1.0,0.25,13.86266624,3.295772672,13.861617664,0.82419712,18.585966276263676,3,15.0,0.5,7.5,0.7413780848908091,1.1231273301551459
600,3.296904864,LIP,1.0,0.25,13.86266624,3.295772672,13.861617664,0.82419712,18.585966276263676,3,15.0,0.75,11.25,0.8249095877154817,1.1231273301551459
600,3.296904864,LIP,1.0,0.25,13.86266624,3.295772672,13.861617664,0.82419712,18.585966276263676,3,15.0,1.0,15.0,0.8741553873240699,1.1231273301551459
600,3.296904864,LIP,1.0,0.25,13.86266624,3.295772672,13.861617664,0.82419712,18.585966276263676,3,17.7,0.05,0.885,0.22705794306408134,0.25484570811296653
600,3.296904864,LIP,1.0,0.25,13.86266624,3.295772672,13.861617664,0.82419712,18.585966276263676,3,17.7,0.1,1.77,0.3748256046313299,0.45710355030525407
600,3.296904864,LIP,1.0,0.25,13.86266624,3.295772672,13.861617664,0.82419712,18.585966276263676,3,17.7,0.2,3.54,0.5556234635753061,0.7578279524262025
600,3.296904864,LIP,1.0,0.25,13.86266624,3.295772672,13.861617664,0.82419712,18.585966276263676,3,17.7,0.28,4.956,0.6444363577973405,0.933249927384217
600,3.296904864,LIP,1.0,0.25,13.86266624,3.295772672,13.861617664,0.82419712,18.585966276263676,3,17.7,0.5,8.85,0.7819197785892018,1.1231273301551459
600,3.296904864,LIP,1.0,0.25,13.86266624,3.295772672,13.861617664,0.82419712,18.585966276263676,3,17.7,0.75,13.274999999999999,0.8597319347584556,1.1231273301551459
600,3.296904864,LIP,1.0,0.25,13.86266624,3.295772672,13.861617664,0.82419712,18.585966276263676,3,17.7,1.0,17.7,0.9047496750273699,1.1231273301551459
600,3.296904864,LIP,1.0,0.25,13.86266624,3.295772672,13.861617664,0.82419712,18.585966276263676,3,19.0,0.05,0.9500000000000001,0.24016841382273352,0.2714790429699617
600,3.296904864,LIP,1.0,0.25,13.86266624,3.295772672,13.861617664,0.82419712,18.585966276263676,3,19.0,0.1,1.9000000000000001,0.39272878713661424,0.4840113635538286
600,3.296904864,LIP,1.0,0.25,13.86266624,3.295772672,13.861617664,0.82419712,18.585966276263676,3,19.0,0.2,3.8000000000000003,0.5755205941285166,0.7953310881951845
600,3.296904864,LIP,1.0,0.25,13.86266624,3.295772672,13.861617664,0.82419712,18.585966276263676,3,19.0,0.28,5.32,0.663793855713475,0.974400058642323
600,3.296904864,LIP,1.0,0.25,13.86266624,3.295772672,13.861617664,0.82419712,18.585966276263676,3,19.0,0.5,9.5,0.7985180994115839,1.1231273301551459
600,3.296904864,LIP,1.0,0.25,13.86266624,3.295772672,13.861617664,0.82419712,18.585966276263676,3,19.0,0.75,14.25,0.8737522323736546,1.1231273301551459
600,3.296904864,LIP,1.0,0.25,13.86266624,3.295772672,13.861617664,0.82419712,18.585966276263676,3,19.0,1.0,19.0,0.9169483832404294,1.1231273301551459
600,3.296904864,LIP,0.0,0.5,15.510028288,1.648410624,0.0,1.648410624,8.911175943067617,3,15.0,0.05,0.75,1.02901673965086,1.055478502911302
600,3.296904864,LIP,0.0,0.5,15.510028288,1.648410624,0.0,1.648410624,8.911175943067617,3,15.0,0.1,1.5,1.02901673965086,1.055478502911302
600,3.296904864,LIP,0.0,0.5,15.510028288,1.648410624,0.0,1.648410624,8.911175943067617,3,15.0,0.2,3.0,1.02901673965086,1.055478502911302
600,3.296904864,LIP,0.0,0.5,15.510028288,1.648410624,0.0,1.648410624,8.911175943067617,3,15.0,0.28,4.2,1.02901673965086,1.055478502911302
600,3.296904864,LIP,0.0,0.5,15.510028288,1.648410624,0.0,1.648410624,8.911175943067617,3,15.0,0.5,7.5,1.02901673965086,1.055478502911302
600,3.296904864,LIP,0.0,0.5,15.510028288,1.648410624,0.0,1.648410624,8.911175943067617,3,15.0,0.75,11.25,1.02901673965086,1.055478502911302
600,3.296904864,LIP,0.0,0.5,15.510028288,1.648410624,0.0,1.648410624,8.911175943067617,3,15.0,1.0,15.0,1.02901673965086,1.055478502911302
600,3.296904864,LIP,0.0,0.5,15.510028288,1.648410624,0.0,1.648410624,8.911175943067617,3,17.7,0.05,0.885,1.0329671882161457,1.055478502911302
600,3.296904864,LIP,0.0,0.5,15.510028288,1.648410624,0.0,1.648410624,8.911175943067617,3,17.7,0.1,1.77,1.0329671882161457,1.055478502911302
600,3.296904864,LIP,0.0,0.5,15.510028288,1.648410624,0.0,1.648410624,8.911175943067617,3,17.7,0.2,3.54,1.0329671882161457,1.055478502911302
600,3.296904864,LIP,0.0,0.5,15.510028288,1.648410624,0.0,1.648410624,8.911175943067617,3,17.7,0.28,4.956,1.0329671882161457,1.055478502911302
600,3.296904864,LIP,0.0,0.5,15.510028288,1.648410624,0.0,1.648410624,8.911175943067617,3,17.7,0.5,8.85,1.0329671882161457,1.055478502911302
600,3.296904864,LIP,0.0,0.5,15.510028288,1.648410624,0.0,1.648410624,8.911175943067617,3,17.7,0.75,13.274999999999999,1.0329671882161457,1.055478502911302
600,3.296904864,LIP,0.0,0.5,15.510028288,1.648410624,0.0,1.648410624,8.911175943067617,3,17.7,1.0,17.7,1.0329671882161457,1.055478502911302
600,3.296904864,LIP,0.0,0.5,15.510028288,1.648410624,0.0,1.648410624,8.911175943067617,3,19.0,0.05,0.9500000000000001,1.034476788499283,1.055478502911302
600,3.296904864,LIP,0.0,0.5,15.510028288,1.648410624,0.0,1.648410624,8.911175943067617,3,19.0,0.1,1.9000000000000001,1.034476788499283,1.055478502911302
600,3.296904864,LIP,0.0,0.5,15.510028288,1.648410624,0.0,1.648410624,8.911175943067617,3,19.0,0.2,3.8000000000000003,1.034476788499283,1.055478502911302
600,3.296904864,LIP,0.0,0.5,15.510028288,1.648410624,0.0,1.648410624,8.911175943067617,3,19.0,0.28,5.32,1.034476788499283,1.055478502911302
600,3.296904864,LIP,0.0,0.5,15.510028288,1.648410624,0.0,1.648410624,8.911175943067617,3,19.0,0.5,9.5,1.034476788499283,1.055478502911302
600,3.296904864,LIP,0.0,0.5,15.510028288,1.648410624,0.0,1.648410624,8.911175943067617,3,19.0,0.75,14.25,1.034476788499283,1.055478502911302
600,3.296904864,LIP,0.0,0.5,15.510028288,1.648410624,0.0,1.648410624,8.911175943067617,3,19.0,1.0,19.0,1.034476788499283,1.055478502911302
600,3.296904864,LIP,0.02,0.5,13.86266624,3.295772672,0.2880088746666667,1.648410624,18.585966276263676,3,15.0,0.05,0.75,0.9763526121591,1.1231273301551459
600,3.296904864,LIP,0.02,0.5,13.86266624,3.295772672,0.2880088746666667,1.648410624,18.585966276263676,3,15.0,0.1,1.5,1.0186912296473978,1.1231273301551459
600,3.296904864,LIP,0.02,0.5,13.86266624,3.295772672,0.2880088746666667,1.648410624,18.585966276263676,3,15.0,0.2,3.0,1.0412680367149665,1.1231273301551459
600,3.296904864,LIP,0.02,0.5,13.86266624,3.295772672,0.2880088746666667,1.648410624,18.585966276263676,3,15.0,0.28,4.2,1.0479035299925952,1.1231273301551459
600,3.296904864,LIP,0.02,0.5,13.86266624,3.295772672,0.2880088746666667,1.648410624,18.585966276263676,3,15.0,0.5,7.5,1.05530093992977,1.1231273301551459
600,3.296904864,LIP,0.02,0.5,13.86266624,3.295772672,0.2880088746666667,1.648410624,18.585966276263676,3,15.0,0.75,11.25,1.0584708825010911,1.1231273301551459
600,3.296904864,LIP,0.02,0.5,13.86266624,3.295772672,0.2880088746666667,1.648410624,18.585966276263676,3,15.0,1.0,15.0,1.060063006000587,1.1231273301551459
600,3.296904864,LIP,0.02,0.5,13.86266624,3.295772672,0.2880088746666667,1.648410624,18.585966276263676,3,17.7,0.05,0.885,0.9962119378670582,1.1231273301551459
600,3.296904864,LIP,0.02,0.5,13.86266624,3.295772672,0.2880088746666667,1.648410624,18.585966276263676,3,17.7,0.1,1.77,1.0333487007828892,1.1231273301551459
600,3.296904864,LIP,0.02,0.5,13.86266624,3.295772672,0.2880088746666667,1.648410624,18.585966276263676,3,17.7,0.2,3.54,1.0529750898992392,1.1231273301551459
600,3.296904864,LIP,0.02,0.5,13.86266624,3.295772672,0.2880088746666667,1.648410624,18.585966276263676,3,17.7,0.28,4.956,1.0587203104797005,1.1231273301551459
600,3.296904864,LIP,0.02,0.5,13.86266624,3.295772672,0.2880088746666667,1.648410624,18.585966276263676,3,17.7,0.5,8.85,1.0651129018001413,1.1231273301551459
600,3.296904864,LIP,0.02,0.5,13.86266624,3.295772672,0.2880088746666667,1.648410624,18.585966276263676,3,17.7,0.75,13.274999999999999,1.067848292395614,1.1231273301551459
600,3.296904864,LIP,0.02,0.5,13.86266624,3.295772672,0.2880088746666667,1.648410624,18.585966276263676,3,17.7,1.0,17.7,1.0692212631777878,1.1231273301551459
600,3.296904864,LIP,0.02,0.5,13.86266624,3.295772672,0.2880088746666667,1.648410624,18.585966276263676,3,19.0,0.05,0.9500000000000001,1.003974367518602,1.1231273301551459
600,3.296904864,LIP,0.02,0.5,13.86266624,3.295772672,0.2880088746666667,1.648410624,18.585966276263676,3,19.0,0.1,1.9000000000000001,1.0390315016958285,1.1231273301551459
600,3.296904864,LIP,0.02,0.5,13.86266624,3.295772672,0.2880088746666667,1.648410624,18.585966276263676,3,19.0,0.2,3.8000000000000003,1.0574944860551507,1.1231273301551459
600,3.296904864,LIP,0.02,0.5,13.86266624,3.295772672,0.2880088746666667,1.648410624,18.585966276263676,3,19.0,0.28,5.32,1.062890757320693,1.1231273301551459
600,3.296904864,LIP,0.02,0.5,13.86266624,3.295772672,0.2880088746666667,1.648410624,18.585966276263676,3,19.0,0.5,9.5,1.0688906241958,1.1231273301551459
600,3.296904864,LIP,0.02,0.5,13.86266624,3.295772672,0.2880088746666667,1.648410624,18.585966276263676,3,19.0,0.75,14.25,1.0714565354870915,1.1231273301551459
600,3.296904864,LIP,0.02,0.5,13.86266624,3.295772672,0.2880088746666667,1.648410624,18.585966276263676,3,19.0,1.0,19.0,1.0727441163576314,1.1231273301551459
600,3.296904864,LIP,0.05,0.5,13.86266624,3.295772672,0.6910498133333334,1.648410624,18.585966276263676,3,15.0,0.05,0.75,0.8746144179605824,1.1231273301551459
600,3.296904864,LIP,0.05,0.5,13.86266624,3.295772672,0.6910498133333334,1.648410624,18.585966276263676,3,15.0,0.1,1.5,0.9604098432863476,1.1231273301551459
600,3.296904864,LIP,0.05,0.5,13.86266624,3.295772672,0.6910498133333334,1.648410624,18.585966276263676,3,15.0,0.2,3.0,1.0099452021813637,1.1231273301551459
600,3.296904864,LIP,0.05,0.5,13.86266624,3.295772672,0.6910498133333334,1.648410624,18.585966276263676,3,15.0,0.28,4.2,1.0250507342810662,1.1231273301551459
600,3.296904864,LIP,0.05,0.5,13.86266624,3.295772672,0.6910498133333334,1.648410624,18.585966276263676,3,15.0,0.5,7.5,1.042197448454911,1.1231273301551459
600,3.296904864,LIP,0.05,0.5,13.86266624,3.295772672,0.6910498133333334,1.648410624,18.585966276263676,3,15.0,0.75,11.25,1.049646357065683,1.1231273301551459
600,3.296904864,LIP,0.05,0.5,13.86266624,3.295772672,0.6910498133333334,1.648410624,18.585966276263676,3,15.0,1.0,15.0,1.0534108843241967,1.1231273301551459
600,3.296904864,LIP,0.05,0.5,13.86266624,3.295772672,0.6910498133333334,1.648410624,18.585966276263676,3,17.7,0.05,0.885,0.9051663632605162,1.1231273301551459
600,3.296904864,LIP,0.05,0.5,13.86266624,3.295772672,0.6910498133333334,1.648410624,18.585966276263676,3,17.7,0.1,1.77,0.9821147520624259,1.1231273301551459
600,3.296904864,LIP,0.05,0.5,13.86266624,3.295772672,0.6910498133333334,1.648410624,18.585966276263676,3,17.7,0.2,3.54,1.0257127851964005,1.1231273301551459
600,3.296904864,LIP,0.05,0.5,13.86266624,3.295772672,0.6910498133333334,1.648410624,18.585966276263676,3,17.7,0.28,4.956,1.0388894640139363,1.1231273301551459
600,3.296904864,LIP,0.05,0.5,13.86266624,3.295772672,0.6910498133333334,1.648410624,18.585966276263676,3,17.7,0.5,8.85,1.0537804346493573,1.1231273301551459
600,3.296904864,LIP,0.05,0.5,13.86266624,3.295772672,0.6910498133333334,1.648410624,18.585966276263676,3,17.7,0.75,13.274999999999999,1.0602275709958096,1.1231273301551459
600,3.296904864,LIP,0.05,0.5,13.86266624,3.295772672,0.6910498133333334,1.648410624,18.585966276263676,3,17.7,1.0,17.7,1.0634808131222473,1.1231273301551459
600,3.296904864,LIP,0.05,0.5,13.86266624,3.295772672,0.6910498133333334,1.648410624,18.585966276263676,3,19.0,0.05,0.9500000000000001,0.9173470891159622,1.1231273301551459
600,3.296904864,LIP,0.05,0.5,13.86266624,3.295772672,0.6910498133333334,1.648410624,18.585966276263676,3,19.0,0.1,1.9000000000000001,0.9906247169548843,1.1231273301551459
600,3.296904864,LIP,0.05,0.5,13.86266624,3.295772672,0.6910498133333334,1.648410624,18.585966276263676,3,19.0,0.2,3.8000000000000003,1.0318362232966756,1.1231273301551459
600,3.296904864,LIP,0.05,0.5,13.86266624,3.295772672,0.6910498133333334,1.648410624,18.585966276263676,3,19.0,0.28,5.32,1.0442483176706396,1.1231273301551459
600,3.296904864,LIP,0.05,0.5,13.86266624,3.295772672,0.6910498133333334,1.648410624,18.585966276263676,3,19.0,0.5,9.5,1.0582511449257521,1.1231273301551459
600,3.296904864,LIP,0.05,0.5,13.86266624,3.295772672,0.6910498133333334,1.648410624,18.585966276263676,3,19.0,0.75,14.25,1.0643058429693757,1.1231273301551459
600,3.296904864,LIP,0.05,0.5,13.86266624,3.295772672,0.6910498133333334,1.648410624,18.585966276263676,3,19.0,1.0,19.0,1.0673592476264055,1.1231273301551459
600,3.296904864,LIP,0.1,0.5,13.862677162666666,3.2957617493333333,1.396768768,1.648410624,18.58590212854946,3,15.0,0.05,0.75,0.7396585727027952,1.1231268528684657
600,3.296904864,LIP,0.1,0.5,13.862677162666666,3.2957617493333333,1.396768768,1.648410624,18.58590212854946,3,15.0,0.1,1.5,0.8729588763349562,1.1231268528684657
600,3.296904864,LIP,0.1,0.5,13.862677162666666,3.2957617493333333,1.396768768,1.648410624,18.58590212854946,3,15.0,0.2,3.0,0.9594107539507842,1.1231268528684657
600,3.296904864,LIP,0.1,0.5,13.862677162666666,3.2957617493333333,1.396768768,1.648410624,18.58590212854946,3,15.0,0.28,4.2,0.9873479509056823,1.1231268528684657
600,3.296904864,LIP,0.1,0.5,13.862677162666666,3.2957617493333333,1.396768768,1.648410624,18.58590212854946,3,15.0,0.5,7.5,1.0200202523442665,1.1231268528684657
600,3.296904864,LIP,0.1,0.5,13.862677162666666,3.2957617493333333,1.396768768,1.648410624,18.58590212854946,3,15.0,0.75,11.25,1.0345437919316551,1.1231268528684657
600,3.296904864,LIP,0.1,0.5,13.862677162666666,3.2957617493333333,1.396768768,1.648410624,18.58590212854946,3,15.0,1.0,15.0,1.0419617686634652,1.1231268528684657
600,3.296904864,LIP,0.1,0.5,13.862677162666666,3.2957617493333333,1.396768768,1.648410624,18.58590212854946,3,17.7,0.05,0.885,0.7802983995304175,1.1231268528684657
600,3.296904864,LIP,0.1,0.5,13.862677162666666,3.2957617493333333,1.396768768,1.648410624,18.58590212854946,3,17.7,0.1,1.77,0.9036632339598513,1.1231268528684657
600,3.296904864,LIP,0.1,0.5,13.862677162666666,3.2957617493333333,1.396768768,1.648410624,18.58590212854946,3,17.7,0.2,3.54,0.9812291857204734,1.1231268528684657
600,3.296904864,LIP,0.1,0.5,13.862677162666666,3.2957617493333333,1.396768768,1.648410624,18.58590212854946,3,17.7,0.28,4.956,1.0058981244726253,1.1231268528684657
600,3.296904864,LIP,0.1,0.5,13.862677162666666,3.2957617493333333,1.396768768,1.648410624,18.58590212854946,3,17.7,0.5,8.85,1.0345073617735454,1.1231268528684657
600,3.296904864,LIP,0.1,0.5,13.862677162666666,3.2957617493333333,1.396768768,1.648410624,18.58590212854946,3,17.7,0.75,13.274999999999999,1.0471422693158436,1.1231268528684657
600,3.296904864,LIP,0.1,0.5,13.862677162666666,3.2957617493333333,1.396768768,1.648410624,18.58590212854946,3,17.7,1.0,17.7,1.0535761710948168,1.1231268528684657
600,3.296904864,LIP,0.1,0.5,13.862677162666666,3.2957617493333333,1.396768768,1.648410624,18.58590212854946,3,19.0,0.05,0.9500000000000001,0.7969426745342147,1.1231268528684657
600,3.296904864,LIP,0.1,0.5,13.862677162666666,3.2957617493333333,1.396768768,1.648410624,18.58590212854946,3,19.0,0.1,1.9000000000000001,0.9159087097977762,1.1231268528684657
600,3.296904864,LIP,0.1,0.5,13.862677162666666,3.2957617493333333,1.396768768,1.648410624,18.58590212854946,3,19.0,0.2,3.8000000000000003,0.9897853122994509,1.1231268528684657
600,3.296904864,LIP,0.1,0.5,13.862677162666666,3.2957617493333333,1.396768768,1.648410624,18.58590212854946,3,19.0,0.28,5.32,1.0131335099640304,1.1231268528684657
600,3.296904864,LIP,0.1,0.5,13.862677162666666,3.2957617493333333,1.396768768,1.648410624,18.58590212854946,3,19.0,0.5,9.5,1.040122685007873,1.1231268528684657
600,3.296904864,LIP,0.1,0.5,13.862677162666666,3.2957617493333333,1.396768768,1.648410624,18.58590212854946,3,19.0,0.75,14.25,1.0520120245365325,1.1231268528684657
600,3.296904864,LIP,0.1,0.5,13.862677162666666,3.2957617493333333,1.396768768,1.648410624,18.58590212854946,3,19.0,1.0,19.0,1.0580592078858135,1.1231268528684657
600,3.296904864,LIP,0.2,0.5,13.862688085333334,3.2957508266666666,2.754740224,1.648410624,18.58583798083523,3,15.0,0.05,0.75,0.5703210774349835,0.7854359768071261
600,3.296904864,LIP,0.2,0.5,13.862688085333334,3.2957508266666666,2.754740224,1.648410624,18.58583798083523,3,15.0,0.1,1.5,0.7428090418193404,1.1231263755821914
600,3.296904864,LIP,0.2,0.5,13.862688085333334,3.2957508266666666,2.754740224,1.648410624,18.58583798083523,3,15.0,0.2,3.0,0.8751491388915297,1.1231263755821914
600,3.296904864,LIP,0.2,0.5,13.862688085333334,3.2957508266666666,2.754740224,1.648410624,18.58583798083523,3,15.0,0.28,4.2,0.9220864108860842,1.1231263755821914
600,3.296904864,LIP,0.2,0.5,13.862688085333334,3.2957508266666666,2.754740224,1.648410624,18.58583798083523,3,15.0,0.5,7.5,0.979897211210111,1.1231263755821914
600,3.296904864,LIP,0.2,0.5,13.862688085333334,3.2957508266666666,2.754740224,1.648410624,18.58583798083523,3,15.0,0.75,11.25,1.0066728481627027,1.1231263755821914
600,3.296904864,LIP,0.2,0.5,13.862688085333334,3.2957508266666666,2.754740224,1.648410624,18.58583798083523,3,15.0,1.0,15.0,1.0206169996190042,1.1231263755821914
600,3.296904864,LIP,0.2,0.5,13.862688085333334,3.2957508266666666,2.754740224,1.648410624,18.58583798083523,3,17.7,0.05,0.885,0.6166177859390545,0.876017174058519
600,3.296904864,LIP,0.2,0.5,13.862688085333334,3.2957508266666666,2.754740224,1.648410624,18.58583798083523,3,17.7,0.1,1.77,0.7832683614774373,1.1231263755821914
600,3.296904864,LIP,0.2,0.5,13.862688085333334,3.2957508266666666,2.754740224,1.648410624,18.58583798083523,3,17.7,0.2,3.54,0.905651597402541,1.1231263755821914
600,3.296904864,LIP,0.2,0.5,13.862688085333334,3.2957508266666666,2.754740224,1.648410624,18.58583798083523,3,17.7,0.28,4.956,0.9479708803324196,1.1231263755821914
600,3.296904864,LIP,0.2,0.5,13.862688085333334,3.2957508266666666,2.754740224,1.648410624,18.58583798083523,3,17.7,0.5,8.85,0.9993376279132451,1.1231263755821914
600,3.296904864,LIP,0.2,0.5,13.862688085333334,3.2957508266666666,2.754740224,1.648410624,18.58583798083523,3,17.7,0.75,13.274999999999999,1.022850923786151,1.1231263755821914
600,3.296904864,LIP,0.2,0.5,13.862688085333334,3.2957508266666666,2.754740224,1.648410624,18.58583798083523,3,17.7,1.0,17.7,1.0350274424172734,1.1231263755821914
600,3.296904864,LIP,0.2,0.5,13.862688085333334,3.2957508266666666,2.754740224,1.648410624,18.58583798083523,3,19.0,0.05,0.9500000000000001,0.636250301058513,0.9161801021924459
600,3.296904864,LIP,0.2,0.5,13.862688085333334,3.2957508266666666,2.754740224,1.648410624,18.58583798083523,3,19.0,0.1,1.9000000000000001,0.7998281709918023,1.1231263755821914
600,3.296904864,LIP,0.2,0.5,13.862688085333334,3.2957508266666666,2.754740224,1.648410624,18.58583798083523,3,19.0,0.2,3.8000000000000003,0.9178113133031095,1.1231263755821914
600,3.296904864,LIP,0.2,0.5,13.862688085333334,3.2957508266666666,2.754740224,1.648410624,18.58583798083523,3,19.0,0.28,5.32,0.9581953062213288,1.1231263755821914
600,3.296904864,LIP,0.2,0.5,13.862688085333334,3.2957508266666666,2.754740224,1.648410624,18.58583798083523,3,19.0,0.5,9.5,1.0069311290361096,1.1231263755821914
600,3.296904864,LIP,0.2,0.5,13.862688085333334,3.2957508266666666,2.754740224,1.648410624,18.58583798083523,3,19.0,0.75,14.25,1.0291377180440116,1.1231263755821914
600,3.296904864,LIP,0.2,0.5,13.862688085333334,3.2957508266666666,2.754740224,1.648410624,18.58583798083523,3,19.0,1.0,19.0,1.0406124115325048,1.1231263755821914
600,3.296904864,LIP,0.35,0.5,13.86266624,3.295772672,4.787940010666667,1.648410624,18.585966276263676,3,15.0,0.05,0.75,0.4247327761470591,0.5335603414017377
600,3.296904864,LIP,0.35,0.5,13.86266624,3.295772672,4.787940010666667,1.648410624,18.585966276263676,3,15.0,0.1,1.5,0.6072558214918657,0.8572409640424353
600,3.296904864,LIP,0.35,0.5,13.86266624,3.295772672,4.787940010666667,1.648410624,18.585966276263676,3,15.0,0.2,3.0,0.773444332026375,1.1231273301551459
600,3.296904864,LIP,0.35,0.5,13.86266624,3.295772672,4.787940010666667,1.648410624,18.585966276263676,3,15.0,0.28,4.2,0.8390512691179082,1.1231273301551459
600,3.296904864,LIP,0.35,0.5,13.86266624,3.295772672,4.787940010666667,1.648410624,18.585966276263676,3,15.0,0.5,7.5,0.925397132465023,1.1231273301551459
600,3.296904864,LIP,0.35,0.5,13.86266624,3.295772672,4.787940010666667,1.648410624,18.585966276263676,3,15.0,0.75,11.25,0.9676428026438266,1.1231273301551459
600,3.296904864,LIP,0.35,0.5,13.86266624,3.295772672,4.787940010666667,1.648410624,18.585966276263676,3,15.0,1.0,15.0,0.9902458550638847,1.1231273301551459
600,3.296904864,LIP,0.35,0.5,13.86266624,3.295772672,4.787940010666667,1.648410624,18.585966276263676,3,17.7,0.05,0.885,0.46924304197146083,0.6057402908692141
600,3.296904864,LIP,0.35,0.5,13.86266624,3.295772672,4.787940010666667,1.648410624,18.585966276263676,3,17.7,0.1,1.77,0.6530091066798939,0.9513363589772681
600,3.296904864,LIP,0.35,0.5,13.86266624,3.295772672,4.787940010666667,1.648410624,18.585966276263676,3,17.7,0.2,3.54,0.8120096773485376,1.1231273301551459
600,3.296904864,LIP,0.35,0.5,13.86266624,3.295772672,4.787940010666667,1.648410624,18.585966276263676,3,17.7,0.28,4.956,0.8727235741636392,1.1231273301551459
600,3.296904864,LIP,0.35,0.5,13.86266624,3.295772672,4.787940010666667,1.648410624,18.585966276263676,3,17.7,0.5,8.85,0.9509350426130757,1.1231273301551459
600,3.296904864,LIP,0.35,0.5,13.86266624,3.295772672,4.787940010666667,1.648410624,18.585966276263676,3,17.7,0.75,13.274999999999999,0.9885181312227713,1.1231273301551459
600,3.296904864,LIP,0.35,0.5,13.86266624,3.295772672,4.787940010666667,1.648410624,18.585966276263676,3,17.7,1.0,17.7,1.0084461597856822,1.1231273301551459
600,3.296904864,LIP,0.35,0.5,13.86266624,3.295772672,4.787940010666667,1.648410624,18.585966276263676,3,19.0,0.05,0.9500000000000001,0.4887106905181593,0.638577312810522
600,3.296904864,LIP,0.35,0.5,13.86266624,3.295772672,4.787940010666667,1.648410624,18.585966276263676,3,19.0,0.1,1.9000000000000001,0.6722624746909373,0.9927578800187336
600,3.296904864,LIP,0.35,0.5,13.86266624,3.295772672,4.787940010666667,1.648410624,18.585966276263676,3,19.0,0.2,3.8000000000000003,0.8276972931415283,1.1231273301551459
600,3.296904864,LIP,0.35,0.5,13.86266624,3.295772672,4.787940010666667,1.648410624,18.585966276263676,3,19.0,0.28,5.32,0.886242878768112,1.1231273301551459
600,3.296904864,LIP,0.35,0.5,13.86266624,3.295772672,4.787940010666667,1.648410624,18.585966276263676,3,19.0,0.5,9.5,0.9610160771977098,1.1231273301551459
600,3.296904864,LIP,0.35,0.5,13.86266624,3.295772672,4.787940010666667,1.648410624,18.585966276263676,3,19.0,0.75,14.25,0.9966914080772349,1.1231273301551459
600,3.296904864,LIP,0.35,0.5,13.86266624,3.295772672,4.787940010666667,1.648410624,18.585966276263676,3,19.0,1.0,19.0,1.0155411269239911,1.1231273301551459
600,3.296904864,LIP,0.5,0.5,13.862677162666666,3.2957617493333333,6.913135957333333,1.648410624,18.58590212854946,3,15.0,0.05,0.75,0.3352734525352234,0.39961312535524884
600,3.296904864,LIP,0.5,0.5,13.862677162666666,3.2957617493333333,6.913135957333333,1.648410624,18.58590212854946,3,15.0,0.1,1.5,0.5099798596860305,0.6753826652901767
600,3.296904864,LIP,0.5,0.5,13.862677162666666,3.2957617493333333,6.913135957333333,1.648410624,18.58590212854946,3,15.0,0.2,3.0,0.6896681856272068,1.0311904389858153
600,3.296904864,LIP,0.5,0.5,13.862677162666666,3.2957617493333333,6.913135957333333,1.648410624,18.58590212854946,3,15.0,0.28,4.2,0.7668686231974249,1.1231268528684657
600,3.296904864,LIP,0.5,0.5,13.862677162666666,3.2957617493333333,6.913135957333333,1.648410624,18.58590212854946,3,15.0,0.5,7.5,0.8745546088301719,1.1231268528684657
600,3.296904864,LIP,0.5,0.5,13.862677162666666,3.2957617493333333,6.913135957333333,1.648410624,18.58590212854946,3,15.0,0.75,11.25,0.929955192219109,1.1231268528684657
600,3.296904864,LIP,0.5,0.5,13.862677162666666,3.2957617493333333,6.913135957333333,1.648410624,18.58590212854946,3,15.0,1.0,15.0,0.9603736828213447,1.1231268528684657
600,3.296904864,LIP,0.5,0.5,13.862677162666666,3.2957617493333333,6.913135957333333,1.648410624,18.58590212854946,3,17.7,0.05,0.885,0.37544861142803626,0.45803050636513204
600,3.296904864,LIP,0.5,0.5,13.862677162666666,3.2957617493333333,6.913135957333333,1.648410624,18.58590212854946,3,17.7,0.1,1.77,0.5563076192347958,0.7591014673086535
600,3.296904864,LIP,0.5,0.5,13.862677162666666,3.2957617493333333,6.913135957333333,1.648410624,18.58590212854946,3,17.7,0.2,3.54,0.7328102490478549,1.1231268528684657
600,3.296904864,LIP,0.5,0.5,13.862677162666666,3.2957617493333333,6.913135957333333,1.648410624,18.58590212854946,3,17.7,0.28,4.956,0.8058616625278017,1.1231268528684657
600,3.296904864,LIP,0.5,0.5,13.862677162666666,3.2957617493333333,6.913135957333333,1.648410624,18.58590212854946,3,17.7,0.5,8.85,0.9051120268713977,1.1231268528684657
600,3.296904864,LIP,0.5,0.5,13.862677162666666,3.2957617493333333,6.913135957333333,1.648410624,18.58590212854946,3,17.7,0.75,13.274999999999999,0.9550113001191937,1.1231268528684657
600,3.296904864,LIP,0.5,0.5,13.862677162666666,3.2957617493333333,6.913135957333333,1.648410624,18.58590212854946,3,17.7,1.0,17.7,0.9820826510127376,1.1231268528684657
600,3.296904864,LIP,0.5,0.5,13.862677162666666,3.2957617493333333,6.913135957333333,1.648410624,18.58590212854946,3,19.0,0.05,0.9500000000000001,0.39336590447142716,0.48497952721600207
600,3.296904864,LIP,0.5,0.5,13.862677162666666,3.2957617493333333,6.913135957333333,1.648410624,18.58590212854946,3,19.0,0.1,1.9000000000000001,0.5762043655796867,0.7966377466352865
600,3.296904864,LIP,0.5,0.5,13.862677162666666,3.2957617493333333,6.913135957333333,1.648410624,18.58590212854946,3,19.0,0.2,3.8000000000000003,0.7506595402627944,1.1231268528684657
600,3.296904864,LIP,0.5,0.5,13.862677162666666,3.2957617493333333,6.913135957333333,1.648410624,18.58590212854946,3,19.0,0.28,5.32,0.8217442046267597,1.1231268528684657
600,3.296904864,LIP,0.5,0.5,13.862677162666666,3.2957617493333333,6.913135957333333,1.648410624,18.58590212854946,3,19.0,0.5,9.5,0.9172950770163334,1.1231268528684657
600,3.296904864,LIP,0.5,0.5,13.862677162666666,3.2957617493333333,6.913135957333333,1.648410624,18.58590212854946,3,19.0,0.75,14.25,0.9648933754002577,1.1231268528684657
600,3.296904864,LIP,0.5,0.5,13.862677162666666,3.2957617493333333,6.913135957333333,1.648410624,18.58590212854946,3,19.0,1.0,19.0,0.9905942663392935,1.1231268528684657
600,3.296904864,LIP,0.75,0.5,13.862655317333333,3.2957835946666667,10.369712128,1.648410624,18.586030423977896,3,15.0,0.05,0.75,0.24972404397328815,0.28375223862839616
600,3.296904864,LIP,0.75,0.5,13.862655317333333,3.2957835946666667,10.369712128,1.648410624,18.586030423977896,3,15.0,0.1,1.5,0.40457139194696967,0.5021258170360295
600,3.296904864,LIP,0.75,0.5,13.862655317333333,3.2957835946666667,10.369712128,1.648410624,18.586030423977896,3,15.0,0.2,3.0,0.586366727365973,0.8161942991968959
600,3.296904864,LIP,0.75,0.5,13.862655317333333,3.2957835946666667,10.369712128,1.648410624,18.586030423977896,3,15.0,0.28,4.2,0.6727371244408141,0.9937929546087579
600,3.296904864,LIP,0.75,0.5,13.862655317333333,3.2957835946666667,10.369712128,1.648410624,18.586030423977896,3,15.0,0.5,7.5,0.8028151163426549,1.1231278074422315
600,3.296904864,LIP,0.75,0.5,13.862655317333333,3.2957835946666667,10.369712128,1.648410624,18.586030423977896,3,15.0,0.75,11.25,0.8745548171967086,1.1231278074422315
600,3.296904864,LIP,0.75,0.5,13.862655317333333,3.2957835946666667,10.369712128,1.648410624,18.586030423977896,3,15.0,1.0,15.0,0.9154575411292046,1.1231278074422315
600,3.296904864,LIP,0.75,0.5,13.862655317333333,3.2957835946666667,10.369712128,1.648410624,18.586030423977896,3,17.7,0.05,0.885,0.28333462564749995,0.3279573727622743
600,3.296904864,LIP,0.75,0.5,13.862655317333333,3.2957835946666667,10.369712128,1.648410624,18.586030423977896,3,17.7,0.1,1.77,0.4483251422442514,0.571328958220796
600,3.296904864,LIP,0.75,0.5,13.862655317333333,3.2957835946666667,10.369712128,1.648410624,18.586030423977896,3,17.7,0.2,3.54,0.6324757841191788,0.9083730492155581
600,3.296904864,LIP,0.75,0.5,13.862655317333333,3.2957835946666667,10.369712128,1.648410624,18.586030423977896,3,17.7,0.28,4.956,0.7165710078863918,1.0925186231651374
600,3.296904864,LIP,0.75,0.5,13.862655317333333,3.2957835946666667,10.369712128,1.648410624,18.586030423977896,3,17.7,0.5,8.85,0.8393298495961071,1.1231278074422315
600,3.296904864,LIP,0.75,0.5,13.862655317333333,3.2957835946666667,10.369712128,1.648410624,18.586030423977896,3,17.7,0.75,13.274999999999999,0.9051123105770991,1.1231278074422315
600,3.296904864,LIP,0.75,0.5,13.862655317333333,3.2957835946666667,10.369712128,1.648410624,18.586030423977896,3,17.7,1.0,17.7,0.9420280248319468,1.1231278074422315
600,3.296904864,LIP,0.75,0.5,13.862655317333333,3.2957835946666667,10.369712128,1.648410624,18.586030423977896,3,19.0,0.05,0.9500000000000001,0.29861168306730523,0.3486006606022858
600,3.296904864,LIP,0.75,0.5,13.862655317333333,3.2957835946666667,10.369712128,1.648410624,18.586030423977896,3,19.0,0.1,1.9000000000000001,0.4675454896065256,0.6029143388870888
600,3.296904864,LIP,0.75,0.5,13.862655317333333,3.2957835946666667,10.369712128,1.648410624,18.586030423977896,3,19.0,0.2,3.8000000000000003,0.6519633385125113,0.9491180898027636
600,3.296904864,LIP,0.75,0.5,13.862655317333333,3.2957835946666667,10.369712128,1.648410624,18.586030423977896,3,19.0,0.28,5.32,0.7347693932699297,1.1231278074422315
600,3.296904864,LIP,0.75,0.5,13.862655317333333,3.2957835946666667,10.369712128,1.648410624,18.586030423977896,3,19.0,0.5,9.5,0.8540963196092867,1.1231278074422315
600,3.296904864,LIP,0.75,0.5,13.862655317333333,3.2957835946666667,10.369712128,1.648410624,18.586030423977896,3,19.0,0.75,14.25,0.9172953920406158,1.1231278074422315
600,3.296904864,LIP,0.75,0.5,13.862655317333333,3.2957835946666667,10.369712128,1.648410624,18.586030423977896,3,19.0,1.0,19.0,0.952536999724056,1.1231278074422315
600,3.296904864,LIP,1.0,0.5,13.86266624,3.295772672,13.861617664,1.648410624,18.585966276263676,3,15.0,0.05,0.75,0.19854488185765315,0.21947029485489528
600,3.296904864,LIP,1.0,0.5,13.86266624,3.295772672,13.861617664,1.648410624,18.585966276263676,3,15.0,0.1,1.5,0.33468726166338514,0.39878058382778836
600,3.296904864,LIP,1.0,0.5,13.86266624,3.295772672,13.861617664,1.648410624,18.585966276263676,3,15.0,0.2,3.0,0.5093014678334175,0.6741932052359555
600,3.296904864,LIP,1.0,0.5,13.86266624,3.295772672,13.861617664,1.648410624,18.585966276263676,3,15.0,0.28,4.2,0.5985190197598923,0.8399328276553699
600,3.296904864,LIP,1.0,0.5,13.86266624,3.295772672,13.861617664,1.648410624,18.585966276263676,3,15.0,0.5,7.5,0.7413780848908091,1.1231273301551459
600,3.296904864,LIP,1.0,0.5,13.86266624,3.295772672,13.861617664,1.648410624,18.585966276263676,3,15.0,0.75,11.25,0.8249095877154817,1.1231273301551459
600,3.296904864,LIP,1.0,0.5,13.86266624,3.295772672,13.861617664,1.648410624,18.585966276263676,3,15.0,1.0,15.0,0.8741553873240699,1.1231273301551459
600,3.296904864,LIP,1.0,0.5,13.86266624,3.295772672,13.861617664,1.648410624,18.585966276263676,3,17.7,0.05,0.885,0.22705794306408134,0.25484570811296653
600,3.296904864,LIP,1.0,0.5,13.86266624,3.295772672,13.861617664,1.648410624,18.585966276263676,3,17.7,0.1,1.77,0.3748256046313299,0.45710355030525407
600,3.296904864,LIP,1.0,0.5,13.86266624,3.295772672,13.861617664,1.648410624,18.585966276263676,3,17.7,0.2,3.54,0.5556234635753061,0.7578279524262025
600,3.296904864,LIP,1.0,0.5,13.86266624,3.295772672,13.861617664,1.648410624,18.585966276263676,3,17.7,0.28,4.956,0.6444363577973405,0.933249927384217
600,3.296904864,LIP,1.0,0.5,13.86266624,3.295772672,13.861617664,1.648410624,18.585966276263676,3,17.7,0.5,8.85,0.7819197785892018,1.1231273301551459
600,3.296904864,LIP,1.0,0.5,13.86266624,3.295772672,13.861617664,1.648410624,18.585966276263676,3,17.7,0.75,13.274999999999999,0.8597319347584556,1.1231273301551459
600,3.296904864,LIP,1.0,0.5,13.86266624,3.295772672,13.861617664,1.648410624,18.585966276263676,3,17.7,1.0,17.7,0.9047496750273699,1.1231273301551459
600,3.296904864,LIP,1.0,0.5,13.86266624,3.295772672,13.861617664,1.648410624,18.585966276263676,3,19.0,0.05,0.9500000000000001,0.24016841382273352,0.2714790429699617
600,3.296904864,LIP,1.0,0.5,13.86266624,3.295772672,13.861617664,1.648410624,18.585966276263676,3,19.0,0.1,1.9000000000000001,0.39272878713661424,0.4840113635538286
600,3.296904864,LIP,1.0,0.5,13.86266624,3.295772672,13.861617664,1.648410624,18.585966276263676,3,19.0,0.2,3.8000000000000003,0.5755205941285166,0.7953310881951845
600,3.296904864,LIP,1.0,0.5,13.86266624,3.295772672,13.861617664,1.648410624,18.585966276263676,3,19.0,0.28,5.32,0.663793855713475,0.974400058642323
600,3.296904864,LIP,1.0,0.5,13.86266624,3.295772672,13.861617664,1.648410624,18.585966276263676,3,19.0,0.5,9.5,0.7985180994115839,1.1231273301551459
600,3.296904864,LIP,1.0,0.5,13.86266624,3.295772672,13.861617664,1.648410624,18.585966276263676,3,19.0,0.75,14.25,0.8737522323736546,1.1231273301551459
600,3.296904864,LIP,1.0,0.5,13.86266624,3.295772672,13.861617664,1.648410624,18.585966276263676,3,19.0,1.0,19.0,0.9169483832404294,1.1231273301551459
600,3.296904864,LIP,0.0,0.75,14.685814784,2.472624128,0.0,2.472624128,13.751698310734096,3,15.0,0.05,0.75,1.0466471524782612,1.088274465725833
600,3.296904864,LIP,0.0,0.75,14.685814784,2.472624128,0.0,2.472624128,13.751698310734096,3,15.0,0.1,1.5,1.0466471524782612,1.088274465725833
600,3.296904864,LIP,0.0,0.75,14.685814784,2.472624128,0.0,2.472624128,13.751698310734096,3,15.0,0.2,3.0,1.0466471524782612,1.088274465725833
600,3.296904864,LIP,0.0,0.75,14.685814784,2.472624128,0.0,2.472624128,13.751698310734096,3,15.0,0.28,4.2,1.0466471524782612,1.088274465725833
600,3.296904864,LIP,0.0,0.75,14.685814784,2.472624128,0.0,2.472624128,13.751698310734096,3,15.0,0.5,7.5,1.0466471524782612,1.088274465725833
600,3.296904864,LIP,0.0,0.75,14.685814784,2.472624128,0.0,2.472624128,13.751698310734096,3,15.0,0.75,11.25,1.0466471524782612,1.088274465725833
600,3.296904864,LIP,0.0,0.75,14.685814784,2.472624128,0.0,2.472624128,13.751698310734096,3,15.0,1.0,15.0,1.0466471524782612,1.088274465725833
600,3.296904864,LIP,0.0,0.75,14.685814784,2.472624128,0.0,2.472624128,13.751698310734096,3,17.7,0.05,0.885,1.0527900349321746,1.088274465725833
600,3.296904864,LIP,0.0,0.75,14.685814784,2.472624128,0.0,2.472624128,13.751698310734096,3,17.7,0.1,1.77,1.0527900349321746,1.088274465725833
600,3.296904864,LIP,0.0,0.75,14.685814784,2.472624128,0.0,2.472624128,13.751698310734096,3,17.7,0.2,3.54,1.0527900349321746,1.088274465725833
600,3.296904864,LIP,0.0,0.75,14.685814784,2.472624128,0.0,2.472624128,13.751698310734096,3,17.7,0.28,4.956,1.0527900349321746,1.088274465725833
600,3.296904864,LIP,0.0,0.75,14.685814784,2.472624128,0.0,2.472624128,13.751698310734096,3,17.7,0.5,8.85,1.0527900349321746,1.088274465725833
600,3.296904864,LIP,0.0,0.75,14.685814784,2.472624128,0.0,2.472624128,13.751698310734096,3,17.7,0.75,13.274999999999999,1.0527900349321746,1.088274465725833
600,3.296904864,LIP,0.0,0.75,14.685814784,2.472624128,0.0,2.472624128,13.751698310734096,3,17.7,1.0,17.7,1.0527900349321746,1.088274465725833
600,3.296904864,LIP,0.0,0.75,14.685814784,2.472624128,0.0,2.472624128,13.751698310734096,3,19.0,0.05,0.9500000000000001,1.0551440047532628,1.088274465725833
600,3.296904864,LIP,0.0,0.75,14.685814784,2.472624128,0.0,2.472624128,13.751698310734096,3,19.0,0.1,1.9000000000000001,1.0551440047532628,1.088274465725833
600,3.296904864,LIP,0.0,0.75,14.685814784,2.472624128,0.0,2.472624128,13.751698310734096,3,19.0,0.2,3.8000000000000003,1.0551440047532628,1.088274465725833
600,3.296904864,LIP,0.0,0.75,14.685814784,2.472624128,0.0,2.472624128,13.751698310734096,3,19.0,0.28,5.32,1.0551440047532628,1.088274465725833
600,3.296904864,LIP,0.0,0.75,14.685814784,2.472624128,0.0,2.472624128,13.751698310734096,3,19.0,0.5,9.5,1.0551440047532628,1.088274465725833
600,3.296904864,LIP,0.0,0.75,14.685814784,2.472624128,0.0,2.472624128,13.751698310734096,3,19.0,0.75,14.25,1.0551440047532628,1.088274465725833
600,3.296904864,LIP,0.0,0.75,14.685814784,2.472624128,0.0,2.472624128,13.751698310734096,3,19.0,1.0,19.0,1.0551440047532628,1.088274465725833
600,3.296904864,LIP,0.02,0.75,13.862649856,3.295789056,0.2852235946666667,2.472624128,18.58606249783501,3,15.0,0.05,0.75,0.9771384171595088,1.1231280460859265
600,3.296904864,LIP,0.02,0.75,13.862649856,3.295789056,0.2852235946666667,2.472624128,18.58606249783501,3,15.0,0.1,1.5,1.019118951064211,1.1231280460859265
600,3.296904864,LIP,0.02,0.75,13.862649856,3.295789056,0.2852235946666667,2.472624128,18.58606249783501,3,15.0,0.2,3.0,1.04149161249163,1.1231280460859265
600,3.296904864,LIP,0.02,0.75,13.862649856,3.295789056,0.2852235946666667,2.472624128,18.58606249783501,3,15.0,0.28,4.2,1.0480653611636386,1.1231280460859265
600,3.296904864,LIP,0.02,0.75,13.862649856,3.295789056,0.2852235946666667,2.472624128,18.58606249783501,3,15.0,0.5,7.5,1.0553930026859564,1.1231280460859265
600,3.296904864,LIP,0.02,0.75,13.862649856,3.295789056,0.2852235946666667,2.472624128,18.58606249783501,3,15.0,0.75,11.25,1.058532746698579,1.1231280460859265
600,3.296904864,LIP,0.02,0.75,13.862649856,3.295789056,0.2852235946666667,2.472624128,18.58606249783501,3,15.0,1.0,15.0,1.0601096345827292,1.1231280460859265
600,3.296904864,LIP,0.02,0.75,13.862649856,3.295789056,0.2852235946666667,2.472624128,18.58606249783501,3,17.7,0.05,0.885,0.9969052510980528,1.1231280460859265
600,3.296904864,LIP,0.02,0.75,13.862649856,3.295789056,0.2852235946666667,2.472624128,18.58606249783501,3,17.7,0.1,1.77,1.0337217531282485,1.1231280460859265
600,3.296904864,LIP,0.02,0.75,13.862649856,3.295789056,0.2852235946666667,2.472624128,18.58606249783501,3,17.7,0.2,3.54,1.053168935398341,1.1231280460859265
600,3.296904864,LIP,0.02,0.75,13.862649856,3.295789056,0.2852235946666667,2.472624128,18.58606249783501,3,17.7,0.28,4.956,1.0588603954195124,1.1231280460859265
600,3.296904864,LIP,0.02,0.75,13.862649856,3.295789056,0.2852235946666667,2.472624128,18.58606249783501,3,17.7,0.5,8.85,1.0651924758733398,1.1231280460859265
600,3.296904864,LIP,0.02,0.75,13.862649856,3.295789056,0.2852235946666667,2.472624128,18.58606249783501,3,17.7,0.75,13.274999999999999,1.067901751025948,1.1231280460859265
600,3.296904864,LIP,0.02,0.75,13.862649856,3.295789056,0.2852235946666667,2.472624128,18.58606249783501,3,17.7,1.0,17.7,1.0692615633842457,1.1231280460859265
600,3.296904864,LIP,0.02,0.75,13.862649856,3.295789056,0.2852235946666667,2.472624128,18.58606249783501,3,19.0,0.05,0.9500000000000001,1.004630359276965,1.1231280460859265
600,3.296904864,LIP,0.02,0.75,13.862649856,3.295789056,0.2852235946666667,2.472624128,18.58606249783501,3,19.0,0.1,1.9000000000000001,1.0393828962305194,1.1231280460859265
600,3.296904864,LIP,0.02,0.75,13.862649856,3.295789056,0.2852235946666667,2.472624128,18.58606249783501,3,19.0,0.2,3.8000000000000003,1.057676663178027,1.1231280460859265
600,3.296904864,LIP,0.02,0.75,13.862649856,3.295789056,0.2852235946666667,2.472624128,18.58606249783501,3,19.0,0.28,5.32,1.0630223303984052,1.1231280460859265
600,3.296904864,LIP,0.02,0.75,13.862649856,3.295789056,0.2852235946666667,2.472624128,18.58606249783501,3,19.0,0.5,9.5,1.0689653245130533,1.1231280460859265
600,3.296904864,LIP,0.02,0.75,13.862649856,3.295789056,0.2852235946666667,2.472624128,18.58606249783501,3,19.0,0.75,14.25,1.0715067179649922,1.1231280460859265
600,3.296904864,LIP,0.02,0.75,13.862649856,3.295789056,0.2852235946666667,2.472624128,18.58606249783501,3,19.0,1.0,19.0,1.0727819515785533,1.1231280460859265
600,3.296904864,LIP,0.05,0.75,13.862655317333333,3.2957835946666667,0.6952277333333333,2.472624128,18.586030423977896,3,15.0,0.05,0.75,0.8736708789549281,1.1231278074422315
600,3.296904864,LIP,0.05,0.75,13.862655317333333,3.2957835946666667,0.6952277333333333,2.472624128,18.586030423977896,3,15.0,0.1,1.5,0.9598408005629986,1.1231278074422315
600,3.296904864,LIP,0.05,0.75,13.862655317333333,3.2957835946666667,0.6952277333333333,2.472624128,18.586030423977896,3,15.0,0.2,3.0,1.0096305963765821,1.1231278074422315
600,3.296904864,LIP,0.05,0.75,13.862655317333333,3.2957835946666667,0.6952277333333333,2.472624128,18.586030423977896,3,15.0,0.28,4.2,1.024819288709954,1.1231278074422315
600,3.296904864,LIP,0.05,0.75,13.862655317333333,3.2957835946666667,0.6952277333333333,2.472624128,18.586030423977896,3,15.0,0.5,7.5,1.0420635571583652,1.1231278074422315
600,3.296904864,LIP,0.05,0.75,13.862655317333333,3.2957835946666667,0.6952277333333333,2.472624128,18.586030423977896,3,15.0,0.75,11.25,1.0495558915252983,1.1231278074422315
600,3.296904864,LIP,0.05,0.75,13.862655317333333,3.2957835946666667,0.6952277333333333,2.472624128,18.586030423977896,3,15.0,1.0,15.0,1.0533426063352482,1.1231278074422315
600,3.296904864,LIP,0.05,0.75,13.862655317333333,3.2957835946666667,0.6952277333333333,2.472624128,18.586030423977896,3,17.7,0.05,0.885,0.904309848067465,1.1231278074422315
600,3.296904864,LIP,0.05,0.75,13.862655317333333,3.2957835946666667,0.6952277333333333,2.472624128,18.586030423977896,3,17.7,0.1,1.77,0.9816104850474794,1.1231278074422315
600,3.296904864,LIP,0.05,0.75,13.862655317333333,3.2957835946666667,0.6952277333333333,2.472624128,18.586030423977896,3,17.7,0.2,3.54,1.0254378289210393,1.1231278074422315
600,3.296904864,LIP,0.05,0.75,13.862655317333333,3.2957835946666667,0.6952277333333333,2.472624128,18.586030423977896,3,17.7,0.28,4.956,1.0386880478046057,1.1231278074422315
600,3.296904864,LIP,0.05,0.75,13.862655317333333,3.2957835946666667,0.6952277333333333,2.472624128,18.586030423977896,3,17.7,0.5,8.85,1.053664493229686,1.1231278074422315
600,3.296904864,LIP,0.05,0.75,13.862655317333333,3.2957835946666667,0.6952277333333333,2.472624128,18.586030423977896,3,17.7,0.75,13.274999999999999,1.0601494156978002,1.1231278074422315
600,3.296904864,LIP,0.05,0.75,13.862655317333333,3.2957835946666667,0.6952277333333333,2.472624128,18.586030423977896,3,17.7,1.0,17.7,1.0634219035912402,1.1231278074422315
600,3.296904864,LIP,0.05,0.75,13.862655317333333,3.2957835946666667,0.6952277333333333,2.472624128,18.586030423977896,3,19.0,0.05,0.9500000000000001,0.916527536690851,1.1231278074422315
600,3.296904864,LIP,0.05,0.75,13.862655317333333,3.2957835946666667,0.6952277333333333,2.472624128,18.586030423977896,3,19.0,0.1,1.9000000000000001,0.9901467867579736,1.1231278074422315
600,3.296904864,LIP,0.05,0.75,13.862655317333333,3.2957835946666667,0.6952277333333333,2.472624128,18.586030423977896,3,19.0,0.2,3.8000000000000003,1.0315770355522544,1.1231278074422315
600,3.296904864,LIP,0.05,0.75,13.862655317333333,3.2957835946666667,0.6952277333333333,2.472624128,18.586030423977896,3,19.0,0.28,5.32,1.0440587677216808,1.1231278074422315
600,3.296904864,LIP,0.05,0.75,13.862655317333333,3.2957835946666667,0.6952277333333333,2.472624128,18.586030423977896,3,19.0,0.5,9.5,1.058142246147652,1.1231278074422315
600,3.296904864,LIP,0.05,0.75,13.862655317333333,3.2957835946666667,0.6952277333333333,2.472624128,18.586030423977896,3,19.0,0.75,14.25,1.0642325029072535,1.1231278074422315
600,3.296904864,LIP,0.05,0.75,13.862655317333333,3.2957835946666667,0.6952277333333333,2.472624128,18.586030423977896,3,19.0,1.0,19.0,1.067303997031098,1.1231278074422315
600,3.296904864,LIP,0.1,0.75,13.86266624,3.295772672,1.4110829226666668,2.472624128,18.585966276263676,3,15.0,0.05,0.75,0.7373509727029997,1.1231273301551459
600,3.296904864,LIP,0.1,0.75,13.86266624,3.295772672,1.4110829226666668,2.472624128,18.585966276263676,3,15.0,0.1,1.5,0.8713497541856391,1.1231273301551459
600,3.296904864,LIP,0.1,0.75,13.86266624,3.295772672,1.4110829226666668,2.472624128,18.585966276263676,3,15.0,0.2,3.0,0.9584382376381535,1.1231273301551459
600,3.296904864,LIP,0.1,0.75,13.86266624,3.295772672,1.4110829226666668,2.472624128,18.585966276263676,3,15.0,0.28,4.2,0.9866121146466907,1.1231273301551459
600,3.296904864,LIP,0.1,0.75,13.86266624,3.295772672,1.4110829226666668,2.472624128,18.585966276263676,3,15.0,0.5,7.5,1.0195804223807179,1.1231273301551459
600,3.296904864,LIP,0.1,0.75,13.86266624,3.295772672,1.4110829226666668,2.472624128,18.585966276263676,3,15.0,0.75,11.25,1.0342421977190184,1.1231273301551459
600,3.296904864,LIP,0.1,0.75,13.86266624,3.295772672,1.4110829226666668,2.472624128,18.585966276263676,3,15.0,1.0,15.0,1.0417323600892423,1.1231273301551459
600,3.296904864,LIP,0.1,0.75,13.86266624,3.295772672,1.4110829226666668,2.472624128,18.585966276263676,3,17.7,0.05,0.885,0.7781213214193983,1.1231273301551459
600,3.296904864,LIP,0.1,0.75,13.86266624,3.295772672,1.4110829226666668,2.472624128,18.585966276263676,3,17.7,0.1,1.77,0.9022016728920618,1.1231273301551459
600,3.296904864,LIP,0.1,0.75,13.86266624,3.295772672,1.4110829226666668,2.472624128,18.585966276263676,3,17.7,0.2,3.54,0.9803670465697111,1.1231273301551459
600,3.296904864,LIP,0.1,0.75,13.86266624,3.295772672,1.4110829226666668,2.472624128,18.585966276263676,3,17.7,0.28,4.956,1.0052508748545168,1.1231273301551459
600,3.296904864,LIP,0.1,0.75,13.86266624,3.295772672,1.4110829226666668,2.472624128,18.585966276263676,3,17.7,0.5,8.85,1.0341240000222471,1.1231273301551459
600,3.296904864,LIP,0.1,0.75,13.86266624,3.295772672,1.4110829226666668,2.472624128,18.585966276263676,3,17.7,0.75,13.274999999999999,1.0468804704843637,1.1231273301551459
600,3.296904864,LIP,0.1,0.75,13.86266624,3.295772672,1.4110829226666668,2.472624128,18.585966276263676,3,17.7,1.0,17.7,1.0533774565370448,1.1231273301551459
600,3.296904864,LIP,0.1,0.75,13.86266624,3.295772672,1.4110829226666668,2.472624128,18.585966276263676,3,19.0,0.05,0.9500000000000001,0.7948268391025906,1.1231273301551459
600,3.296904864,LIP,0.1,0.75,13.86266624,3.295772672,1.4110829226666668,2.472624128,18.585966276263676,3,19.0,0.1,1.9000000000000001,0.9145098948788039,1.1231273301551459
600,3.296904864,LIP,0.1,0.75,13.86266624,3.295772672,1.4110829226666668,2.472624128,18.585966276263676,3,19.0,0.2,3.8000000000000003,0.9889680759381111,1.1231273301551459
600,3.296904864,LIP,0.1,0.75,13.86266624,3.295772672,1.4110829226666668,2.472624128,18.585966276263676,3,19.0,0.28,5.32,1.0125218427036171,1.1231273301551459
600,3.296904864,LIP,0.1,0.75,13.86266624,3.295772672,1.4110829226666668,2.472624128,18.585966276263676,3,19.0,0.5,9.5,1.039761685225851,1.1231273301551459
600,3.296904864,LIP,0.1,0.75,13.86266624,3.295772672,1.4110829226666668,2.472624128,18.585966276263676,3,19.0,0.75,14.25,1.051765889280582,1.1231273301551459
600,3.296904864,LIP,0.1,0.75,13.86266624,3.295772672,1.4110829226666668,2.472624128,18.585966276263676,3,19.0,1.0,19.0,1.0578725375564149,1.1231273301551459
600,3.296904864,LIP,0.2,0.75,13.862655317333333,3.2957835946666667,2.7687266986666663,2.472624128,18.586030423977896,3,15.0,0.05,0.75,0.5689796487498874,0.7828933415659258
600,3.296904864,LIP,0.2,0.75,13.862655317333333,3.2957835946666667,2.7687266986666663,2.472624128,18.586030423977896,3,15.0,0.1,1.5,0.7416705202599878,1.1231278074422315
600,3.296904864,LIP,0.2,0.75,13.862655317333333,3.2957835946666667,2.7687266986666663,2.472624128,18.586030423977896,3,15.0,0.2,3.0,0.8743587187636619,1.1231278074422315
600,3.296904864,LIP,0.2,0.75,13.862655317333333,3.2957835946666667,2.7687266986666663,2.472624128,18.586030423977896,3,15.0,0.28,4.2,0.9214596574459596,1.1231278074422315
600,3.296904864,LIP,0.2,0.75,13.862655317333333,3.2957835946666667,2.7687266986666663,2.472624128,18.586030423977896,3,15.0,0.5,7.5,0.97950100520748,1.1231278074422315
600,3.296904864,LIP,0.2,0.75,13.862655317333333,3.2957835946666667,2.7687266986666663,2.472624128,18.586030423977896,3,15.0,0.75,11.25,1.0063942627271012,1.1231278074422315
600,3.296904864,LIP,0.2,0.75,13.862655317333333,3.2957835946666667,2.7687266986666663,2.472624128,18.586030423977896,3,15.0,1.0,15.0,1.0204023872869799,1.1231278074422315
600,3.296904864,LIP,0.2,0.75,13.862655317333333,3.2957835946666667,2.7687266986666663,2.472624128,18.586030423977896,3,17.7,0.05,0.885,0.6152887308924324,0.8733362607050306
600,3.296904864,LIP,0.2,0.75,13.862655317333333,3.2957835946666667,2.7687266986666663,2.472624128,18.586030423977896,3,17.7,0.1,1.77,0.7821954744459884,1.1231278074422315
600,3.296904864,LIP,0.2,0.75,13.862655317333333,3.2957835946666667,2.7687266986666663,2.472624128,18.586030423977896,3,17.7,0.2,3.54,0.9049343044470581,1.1231278074422315
600,3.296904864,LIP,0.2,0.75,13.862655317333333,3.2957835946666667,2.7687266986666663,2.472624128,18.586030423977896,3,17.7,0.28,4.956,0.9474096007592308,1.1231278074422315
600,3.296904864,LIP,0.2,0.75,13.862655317333333,3.2957835946666667,2.7687266986666663,2.472624128,18.586030423977896,3,17.7,0.5,8.85,0.9989885588390615,1.1231278074422315
600,3.296904864,LIP,0.2,0.75,13.862655317333333,3.2957835946666667,2.7687266986666663,2.472624128,18.586030423977896,3,17.7,0.75,13.274999999999999,1.0226073568524472,1.1231278074422315
600,3.296904864,LIP,0.2,0.75,13.862655317333333,3.2957835946666667,2.7687266986666663,2.472624128,18.586030423977896,3,17.7,1.0,17.7,1.034840575295086,1.1231278074422315
600,3.296904864,LIP,0.2,0.75,13.862655317333333,3.2957835946666667,2.7687266986666663,2.472624128,18.586030423977896,3,19.0,0.05,0.9500000000000001,0.6349320063448023,0.9134481500543369
600,3.296904864,LIP,0.2,0.75,13.862655317333333,3.2957835946666667,2.7687266986666663,2.472624128,18.586030423977896,3,19.0,0.1,1.9000000000000001,0.7987859634241019,1.1231278074422315
600,3.296904864,LIP,0.2,0.75,13.862655317333333,3.2957835946666667,2.7687266986666663,2.472624128,18.586030423977896,3,19.0,0.2,3.8000000000000003,0.9171250692057549,1.1231278074422315
600,3.296904864,LIP,0.2,0.75,13.862655317333333,3.2957835946666667,2.7687266986666663,2.472624128,18.586030423977896,3,19.0,0.28,5.32,0.9576611428682955,1.1231278074422315
600,3.296904864,LIP,0.2,0.75,13.862655317333333,3.2957835946666667,2.7687266986666663,2.472624128,18.586030423977896,3,19.0,0.5,9.5,1.0066010546160442,1.1231278074422315
600,3.296904864,LIP,0.2,0.75,13.862655317333333,3.2957835946666667,2.7687266986666663,2.472624128,18.586030423977896,3,19.0,0.75,14.25,1.0289080972030855,1.1231278074422315
600,3.296904864,LIP,0.2,0.75,13.862655317333333,3.2957835946666667,2.7687266986666663,2.472624128,18.586030423977896,3,19.0,1.0,19.0,1.0404365283730608,1.1231278074422315
600,3.296904864,LIP,0.35,0.75,13.86266624,3.295772672,4.818015573333333,2.472624128,18.585966276263676,3,15.0,0.05,0.75,0.42313498500122526,0.5310412894125393
600,3.296904864,LIP,0.35,0.75,13.86266624,3.295772672,4.818015573333333,2.472624128,18.585966276263676,3,15.0,0.1,1.5,0.6056210090920244,0.8539867258336276
600,3.296904864,LIP,0.35,0.75,13.86266624,3.295772672,4.818015573333333,2.472624128,18.585966276263676,3,15.0,0.2,3.0,0.7721170063751088,1.1231273301551459
600,3.296904864,LIP,0.35,0.75,13.86266624,3.295772672,4.818015573333333,2.472624128,18.585966276263676,3,15.0,0.28,4.2,0.8379350842110265,1.1231273301551459
600,3.296904864,LIP,0.35,0.75,13.86266624,3.295772672,4.818015573333333,2.472624128,18.585966276263676,3,15.0,0.5,7.5,0.9246364131537005,1.1231273301551459
600,3.296904864,LIP,0.35,0.75,13.86266624,3.295772672,4.818015573333333,2.472624128,18.585966276263676,3,15.0,0.75,11.25,0.9670881575494289,1.1231273301551459
600,3.296904864,LIP,0.35,0.75,13.86266624,3.295772672,4.818015573333333,2.472624128,18.585966276263676,3,15.0,1.0,15.0,0.9898101523741668,1.1231273301551459
600,3.296904864,LIP,0.35,0.75,13.86266624,3.295772672,4.818015573333333,2.472624128,18.585966276263676,3,17.7,0.05,0.885,0.46758991478115147,0.6029883526662487
600,3.296904864,LIP,0.35,0.75,13.86266624,3.295772672,4.818015573333333,2.472624128,18.585966276263676,3,17.7,0.1,1.77,0.6514066557997571,0.9479391064388256
600,3.296904864,LIP,0.35,0.75,13.86266624,3.295772672,4.818015573333333,2.472624128,18.585966276263676,3,17.7,0.2,3.54,0.8107696194223389,1.1231273301551459
600,3.296904864,LIP,0.35,0.75,13.86266624,3.295772672,4.818015573333333,2.472624128,18.585966276263676,3,17.7,0.28,4.956,0.8717000477795188,1.1231273301551459
600,3.296904864,LIP,0.35,0.75,13.86266624,3.295772672,4.818015573333333,2.472624128,18.585966276263676,3,17.7,0.5,8.85,0.9502542200334297,1.1231273301551459
600,3.296904864,LIP,0.35,0.75,13.86266624,3.295772672,4.818015573333333,2.472624128,18.585966276263676,3,17.7,0.75,13.274999999999999,0.9880275558645571,1.1231273301551459
600,3.296904864,LIP,0.35,0.75,13.86266624,3.295772672,4.818015573333333,2.472624128,18.585966276263676,3,17.7,1.0,17.7,1.008063199469069,1.1231273301551459
600,3.296904864,LIP,0.35,0.75,13.86266624,3.295772672,4.818015573333333,2.472624128,18.585966276263676,3,19.0,0.05,0.9500000000000001,0.4870400635634929,0.6357279500222389
600,3.296904864,LIP,0.35,0.75,13.86266624,3.295772672,4.818015573333333,2.472624128,18.585966276263676,3,19.0,0.1,1.9000000000000001,0.6706801802434614,0.9893111346408807
600,3.296904864,LIP,0.35,0.75,13.86266624,3.295772672,4.818015573333333,2.472624128,18.585966276263676,3,19.0,0.2,3.8000000000000003,0.8264969214597855,1.1231273301551459
600,3.296904864,LIP,0.35,0.75,13.86266624,3.295772672,4.818015573333333,2.472624128,18.585966276263676,3,19.0,0.28,5.32,0.8852595509848549,1.1231273301551459
600,3.296904864,LIP,0.35,0.75,13.86266624,3.295772672,4.818015573333333,2.472624128,18.585966276263676,3,19.0,0.5,9.5,0.9603682913984758,1.1231273301551459
600,3.296904864,LIP,0.35,0.75,13.86266624,3.295772672,4.818015573333333,2.472624128,18.585966276263676,3,19.0,0.75,14.25,0.9962267958533626,1.1231273301551459
600,3.296904864,LIP,0.35,0.75,13.86266624,3.295772672,4.818015573333333,2.472624128,18.585966276263676,3,19.0,1.0,19.0,1.0151793230261583,1.1231273301551459
600,3.296904864,LIP,0.5,0.75,13.862671701333333,3.2957672106666664,6.938656768,2.472624128,18.585934202406563,3,15.0,0.05,0.75,0.33442758759901503,0.39841201524574427
600,3.296904864,LIP,0.5,0.75,13.862671701333333,3.2957672106666664,6.938656768,2.472624128,18.585934202406563,3,15.0,0.1,1.5,0.5090007418540935,0.6736664170324647
600,3.296904864,LIP,0.5,0.75,13.862671701333333,3.2957672106666664,6.938656768,2.472624128,18.585934202406563,3,15.0,0.2,3.0,0.6887723322795921,1.0291887412225411
600,3.296904864,LIP,0.5,0.75,13.862671701333333,3.2957672106666664,6.938656768,2.472624128,18.585934202406563,3,15.0,0.28,4.2,0.7660772587286768,1.123127091511755
600,3.296904864,LIP,0.5,0.75,13.862671701333333,3.2957672106666664,6.938656768,2.472624128,18.585934202406563,3,15.0,0.5,7.5,0.8739780667323509,1.123127091511755
600,3.296904864,LIP,0.5,0.75,13.862671701333333,3.2957672106666664,6.938656768,2.472624128,18.585934202406563,3,15.0,0.75,11.25,0.9295205398148816,1.123127091511755
600,3.296904864,LIP,0.5,0.75,13.862671701333333,3.2957672106666664,6.938656768,2.472624128,18.585934202406563,3,15.0,1.0,15.0,0.9600260071074752,1.123127091511755
600,3.296904864,LIP,0.5,0.75,13.862671701333333,3.2957672106666664,6.938656768,2.472624128,18.585934202406563,3,17.7,0.05,0.885,0.37454957848229237,0.45669314878275785
600,3.296904864,LIP,0.5,0.75,13.862671701333333,3.2957672106666664,6.938656768,2.472624128,18.585934202406563,3,17.7,0.1,1.77,0.5553201217235262,0.7572638699327284
600,3.296904864,LIP,0.5,0.75,13.862671701333333,3.2957672106666664,6.938656768,2.472624128,18.585934202406563,3,17.7,0.2,3.54,0.7319530021605742,1.123127091511755
600,3.296904864,LIP,0.5,0.75,13.862671701333333,3.2957672106666664,6.938656768,2.472624128,18.585934202406563,3,17.7,0.28,4.956,0.8051210148262268,1.123127091511755
600,3.296904864,LIP,0.5,0.75,13.862671701333333,3.2957672106666664,6.938656768,2.472624128,18.585934202406563,3,17.7,0.5,8.85,0.9045886730206026,1.123127091511755
600,3.296904864,LIP,0.5,0.75,13.862671701333333,3.2957672106666664,6.938656768,2.472624128,18.585934202406563,3,17.7,0.75,13.274999999999999,0.9546228368317559,1.123127091511755
600,3.296904864,LIP,0.5,0.75,13.862671701333333,3.2957672106666664,6.938656768,2.472624128,18.585934202406563,3,17.7,1.0,17.7,0.9817745524387584,1.123127091511755
600,3.296904864,LIP,0.5,0.75,13.862671701333333,3.2957672106666664,6.938656768,2.472624128,18.585934202406563,3,19.0,0.05,0.9500000000000001,0.392446489278569,0.48358270069879716
600,3.296904864,LIP,0.5,0.75,13.862671701333333,3.2957672106666664,6.938656768,2.472624128,18.585934202406563,3,19.0,0.1,1.9000000000000001,0.5752173956414831,0.7947522939839234
600,3.296904864,LIP,0.5,0.75,13.862671701333333,3.2957672106666664,6.938656768,2.472624128,18.585934202406563,3,19.0,0.2,3.8000000000000003,0.7498215325966163,1.123127091511755
600,3.296904864,LIP,0.5,0.75,13.862671701333333,3.2957672106666664,6.938656768,2.472624128,18.585934202406563,3,19.0,0.28,5.32,0.8210267435348552,1.123127091511755
600,3.296904864,LIP,0.5,0.75,13.862671701333333,3.2957672106666664,6.938656768,2.472624128,18.585934202406563,3,19.0,0.5,9.5,0.9167943129689489,1.123127091511755
600,3.296904864,LIP,0.5,0.75,13.862671701333333,3.2957672106666664,6.938656768,2.472624128,18.585934202406563,3,19.0,0.75,14.25,0.9645239663746404,1.123127091511755
600,3.296904864,LIP,0.5,0.75,13.862671701333333,3.2957672106666664,6.938656768,2.472624128,18.585934202406563,3,19.0,1.0,19.0,0.9903022586836174,1.123127091511755
600,3.296904864,LIP,0.75,0.75,13.862677162666666,3.2957617493333333,10.383731370666666,2.472624128,18.58590212854946,3,15.0,0.05,0.75,0.2494658458913487,0.28341898837093965
600,3.296904864,LIP,0.75,0.75,13.862677162666666,3.2957617493333333,10.383731370666666,2.472624128,18.58590212854946,3,15.0,0.1,1.5,0.40423245152345744,0.5016040075544584
600,3.296904864,LIP,0.75,0.75,13.862677162666666,3.2957617493333333,10.383731370666666,2.472624128,18.58590212854946,3,15.0,0.2,3.0,0.5860105775628247,0.8155049157160649
600,3.296904864,LIP,0.75,0.75,13.862677162666666,3.2957617493333333,10.383731370666666,2.472624128,18.58590212854946,3,15.0,0.28,4.2,0.6724021766508812,0.9930629405463479
600,3.296904864,LIP,0.75,0.75,13.862677162666666,3.2957617493333333,10.383731370666666,2.472624128,18.58590212854946,3,15.0,0.5,7.5,0.8025478298569728,1.1231268528684657
600,3.296904864,LIP,0.75,0.75,13.862677162666666,3.2957617493333333,10.383731370666666,2.472624128,18.58590212854946,3,15.0,0.75,11.25,0.8743432271152479,1.1231268528684657
600,3.296904864,LIP,0.75,0.75,13.862677162666666,3.2957617493333333,10.383731370666666,2.472624128,18.58590212854946,3,15.0,1.0,15.0,0.9152835575044735,1.1231268528684657
600,3.296904864,LIP,0.75,0.75,13.862677162666666,3.2957617493333333,10.383731370666666,2.472624128,18.58590212854946,3,17.7,0.05,0.885,0.28305292935648796,0.3275801002566713
600,3.296904864,LIP,0.75,0.75,13.862677162666666,3.2957617493333333,10.383731370666666,2.472624128,18.58590212854946,3,17.7,0.1,1.77,0.44797237529712536,0.5707564345286784
600,3.296904864,LIP,0.75,0.75,13.862677162666666,3.2957617493333333,10.383731370666666,2.472624128,18.58590212854946,3,17.7,0.2,3.54,0.6321245638525179,0.9076493783643496
600,3.296904864,LIP,0.75,0.75,13.862677162666666,3.2957617493333333,10.383731370666666,2.472624128,18.58590212854946,3,17.7,0.28,4.956,0.7162488834438492,1.0917709067827386
600,3.296904864,LIP,0.75,0.75,13.862677162666666,3.2957617493333333,10.383731370666666,2.472624128,18.58590212854946,3,17.7,0.5,8.85,0.8390821711209229,1.1231268528684657
600,3.296904864,LIP,0.75,0.75,13.862677162666666,3.2957617493333333,10.383731370666666,2.472624128,18.58590212854946,3,17.7,0.75,13.274999999999999,0.904920147132078,1.1231268528684657
600,3.296904864,LIP,0.75,0.75,13.862677162666666,3.2957617493333333,10.383731370666666,2.472624128,18.58590212854946,3,17.7,1.0,17.7,0.9418717917784252,1.1231268528684657
600,3.296904864,LIP,0.75,0.75,13.862677162666666,3.2957617493333333,10.383731370666666,2.472624128,18.58590212854946,3,19.0,0.05,0.9500000000000001,0.2983201889454426,0.34820355928886043
600,3.296904864,LIP,0.75,0.75,13.862677162666666,3.2957617493333333,10.383731370666666,2.472624128,18.58590212854946,3,19.0,0.1,1.9000000000000001,0.4671880583146538,0.6023203760907044
600,3.296904864,LIP,0.75,0.75,13.862677162666666,3.2957617493333333,10.383731370666666,2.472624128,18.58590212854946,3,19.0,0.2,3.8000000000000003,0.6516156464151104,0.9483820827401526
600,3.296904864,LIP,0.75,0.75,13.862677162666666,3.2957617493333333,10.383731370666666,2.472624128,18.58590212854946,3,19.0,0.28,5.32,0.7344538389171357,1.1231268528684657
600,3.296904864,LIP,0.75,0.75,13.862677162666666,3.2957617493333333,10.383731370666666,2.472624128,18.58590212854946,3,19.0,0.5,9.5,0.8538573561069949,1.1231268528684657
600,3.296904864,LIP,0.75,0.75,13.862677162666666,3.2957617493333333,10.383731370666666,2.472624128,18.58590212854946,3,19.0,0.75,14.25,0.9171114792538267,1.1231268528684657
600,3.296904864,LIP,0.75,0.75,13.862677162666666,3.2957617493333333,10.383731370666666,2.472624128,18.58590212854946,3,19.0,1.0,19.0,0.9523881425157916,1.1231268528684657
600,3.296904864,LIP,1.0,0.75,13.86266624,3.295772672,13.861617664,2.472624128,18.585966276263676,3,15.0,0.05,0.75,0.19854488185765315,0.21947029485489528
600,3.296904864,LIP,1.0,0.75,13.86266624,3.295772672,13.861617664,2.472624128,18.585966276263676,3,15.0,0.1,1.5,0.33468726166338514,0.39878058382778836
600,3.296904864,LIP,1.0,0.75,13.86266624,3.295772672,13.861617664,2.472624128,18.585966276263676,3,15.0,0.2,3.0,0.5093014678334175,0.6741932052359555
600,3.296904864,LIP,1.0,0.75,13.86266624,3.295772672,13.861617664,2.472624128,18.585966276263676,3,15.0,0.28,4.2,0.5985190197598923,0.8399328276553699
600,3.296904864,LIP,1.0,0.75,13.86266624,3.295772672,13.861617664,2.472624128,18.585966276263676,3,15.0,0.5,7.5,0.7413780848908091,1.1231273301551459
600,3.296904864,LIP,1.0,0.75,13.86266624,3.295772672,13.861617664,2.472624128,18.585966276263676,3,15.0,0.75,11.25,0.8249095877154817,1.1231273301551459
600,3.296904864,LIP,1.0,0.75,13.86266624,3.295772672,13.861617664,2.472624128,18.585966276263676,3,15.0,1.0,15.0,0.8741553873240699,1.1231273301551459
600,3.296904864,LIP,1.0,0.75,13.86266624,3.295772672,13.861617664,2.472624128,18.585966276263676,3,17.7,0.05,0.885,0.22705794306408134,0.25484570811296653
600,3.296904864,LIP,1.0,0.75,13.86266624,3.295772672,13.861617664,2.472624128,18.585966276263676,3,17.7,0.1,1.77,0.3748256046313299,0.45710355030525407
600,3.296904864,LIP,1.0,0.75,13.86266624,3.295772672,13.861617664,2.472624128,18.585966276263676,3,17.7,0.2,3.54,0.5556234635753061,0.7578279524262025
600,3.296904864,LIP,1.0,0.75,13.86266624,3.295772672,13.861617664,2.472624128,18.585966276263676,3,17.7,0.28,4.956,0.6444363577973405,0.933249927384217
600,3.296904864,LIP,1.0,0.75,13.86266624,3.295772672,13.861617664,2.472624128,18.585966276263676,3,17.7,0.5,8.85,0.7819197785892018,1.1231273301551459
600,3.296904864,LIP,1.0,0.75,13.86266624,3.295772672,13.861617664,2.472624128,18.585966276263676,3,17.7,0.75,13.274999999999999,0.8597319347584556,1.1231273301551459
600,3.296904864,LIP,1.0,0.75,13.86266624,3.295772672,13.861617664,2.472624128,18.585966276263676,3,17.7,1.0,17.7,0.9047496750273699,1.1231273301551459
600,3.296904864,LIP,1.0,0.75,13.86266624,3.295772672,13.861617664,2.472624128,18.585966276263676,3,19.0,0.05,0.9500000000000001,0.24016841382273352,0.2714790429699617
600,3.296904864,LIP,1.0,0.75,13.86266624,3.295772672,13.861617664,2.472624128,18.585966276263676,3,19.0,0.1,1.9000000000000001,0.39272878713661424,0.4840113635538286
600,3.296904864,LIP,1.0,0.75,13.86266624,3.295772672,13.861617664,2.472624128,18.585966276263676,3,19.0,0.2,3.8000000000000003,0.5755205941285166,0.7953310881951845
600,3.296904864,LIP,1.0,0.75,13.86266624,3.295772672,13.861617664,2.472624128,18.585966276263676,3,19.0,0.28,5.32,0.663793855713475,0.974400058642323
600,3.296904864,LIP,1.0,0.75,13.86266624,3.295772672,13.861617664,2.472624128,18.585966276263676,3,19.0,0.5,9.5,0.7985180994115839,1.1231273301551459
600,3.296904864,LIP,1.0,0.75,13.86266624,3.295772672,13.861617664,2.472624128,18.585966276263676,3,19.0,0.75,14.25,0.8737522323736546,1.1231273301551459
600,3.296904864,LIP,1.0,0.75,13.86266624,3.295772672,13.861617664,2.472624128,18.585966276263676,3,19.0,1.0,19.0,0.9169483832404294,1.1231273301551459
600,3.296904864,LIP,0.0,1.0,13.861617664,3.296821248,0.0,3.296821248,18.59212445682923,3,15.0,0.05,0.75,1.0648918604476945,1.1231731515652508
600,3.296904864,LIP,0.0,1.0,13.861617664,3.296821248,0.0,3.296821248,18.59212445682923,3,15.0,0.1,1.5,1.0648918604476945,1.1231731515652508
600,3.296904864,LIP,0.0,1.0,13.861617664,3.296821248,0.0,3.296821248,18.59212445682923,3,15.0,0.2,3.0,1.0648918604476945,1.1231731515652508
600,3.296904864,LIP,0.0,1.0,13.861617664,3.296821248,0.0,3.296821248,18.59212445682923,3,15.0,0.28,4.2,1.0648918604476945,1.1231731515652508
600,3.296904864,LIP,0.0,1.0,13.861617664,3.296821248,0.0,3.296821248,18.59212445682923,3,15.0,0.5,7.5,1.0648918604476945,1.1231731515652508
600,3.296904864,LIP,0.0,1.0,13.861617664,3.296821248,0.0,3.296821248,18.59212445682923,3,15.0,0.75,11.25,1.0648918604476945,1.1231731515652508
600,3.296904864,LIP,0.0,1.0,13.861617664,3.296821248,0.0,3.296821248,18.59212445682923,3,15.0,1.0,15.0,1.0648918604476945,1.1231731515652508
600,3.296904864,LIP,0.0,1.0,13.861617664,3.296821248,0.0,3.296821248,18.59212445682923,3,17.7,0.05,0.885,1.0733881586823226,1.1231731515652508
600,3.296904864,LIP,0.0,1.0,13.861617664,3.296821248,0.0,3.296821248,18.59212445682923,3,17.7,0.1,1.77,1.0733881586823226,1.1231731515652508
600,3.296904864,LIP,0.0,1.0,13.861617664,3.296821248,0.0,3.296821248,18.59212445682923,3,17.7,0.2,3.54,1.0733881586823226,1.1231731515652508
600,3.296904864,LIP,0.0,1.0,13.861617664,3.296821248,0.0,3.296821248,18.59212445682923,3,17.7,0.28,4.956,1.0733881586823226,1.1231731515652508
600,3.296904864,LIP,0.0,1.0,13.861617664,3.296821248,0.0,3.296821248,18.59212445682923,3,17.7,0.5,8.85,1.0733881586823226,1.1231731515652508
600,3.296904864,LIP,0.0,1.0,13.861617664,3.296821248,0.0,3.296821248,18.59212445682923,3,17.7,0.75,13.274999999999999,1.0733881586823226,1.1231731515652508
600,3.296904864,LIP,0.0,1.0,13.861617664,3.296821248,0.0,3.296821248,18.59212445682923,3,17.7,1.0,17.7,1.0733881586823226,1.1231731515652508
600,3.296904864,LIP,0.0,1.0,13.861617664,3.296821248,0.0,3.296821248,18.59212445682923,3,19.0,0.05,0.9500000000000001,1.076653415988609,1.1231731515652508
600,3.296904864,LIP,0.0,1.0,13.861617664,3.296821248,0.0,3.296821248,18.59212445682923,3,19.0,0.1,1.9000000000000001,1.076653415988609,1.1231731515652508
600,3.296904864,LIP,0.0,1.0,13.861617664,3.296821248,0.0,3.296821248,18.59212445682923,3,19.0,0.2,3.8000000000000003,1.076653415988609,1.1231731515652508
600,3.296904864,LIP,0.0,1.0,13.861617664,3.296821248,0.0,3.296821248,18.59212445682923,3,19.0,0.28,5.32,1.076653415988609,1.1231731515652508
600,3.296904864,LIP,0.0,1.0,13.861617664,3.296821248,0.0,3.296821248,18.59212445682923,3,19.0,0.5,9.5,1.076653415988609,1.1231731515652508
600,3.296904864,LIP,0.0,1.0,13.861617664,3.296821248,0.0,3.296821248,18.59212445682923,3,19.0,0.75,14.25,1.076653415988609,1.1231731515652508
600,3.296904864,LIP,0.0,1.0,13.861617664,3.296821248,0.0,3.296821248,18.59212445682923,3,19.0,1.0,19.0,1.076653415988609,1.1231731515652508
600,3.296904864,LIP,0.02,1.0,13.861563050666666,3.2968758613333335,1.6384e-05,3.296821248,18.59244519540035,3,15.0,0.05,0.75,1.064887598326507,1.1231755381994644
600,3.296904864,LIP,0.02,1.0,13.861563050666666,3.2968758613333335,1.6384e-05,3.296821248,18.59244519540035,3,15.0,0.1,1.5,1.0648903443872553,1.1231755381994644
600,3.296904864,LIP,0.02,1.0,13.861563050666666,3.2968758613333335,1.6384e-05,3.296821248,18.59244519540035,3,15.0,0.2,3.0,1.06489171742294,1.1231755381994644
600,3.296904864,LIP,0.02,1.0,13.861563050666666,3.2968758613333335,1.6384e-05,3.296821248,18.59244519540035,3,15.0,0.28,4.2,1.0648921097195008,1.1231755381994644
600,3.296904864,LIP,0.02,1.0,13.861563050666666,3.2968758613333335,1.6384e-05,3.296821248,18.59244519540035,3,15.0,0.5,7.5,1.064892541246051,1.1231755381994644
600,3.296904864,LIP,0.02,1.0,13.861563050666666,3.2968758613333335,1.6384e-05,3.296821248,18.59244519540035,3,15.0,0.75,11.25,1.0648927243180264,1.1231755381994644
600,3.296904864,LIP,0.02,1.0,13.861563050666666,3.2968758613333335,1.6384e-05,3.296821248,18.59244519540035,3,15.0,1.0,15.0,1.0648928158540376,1.1231755381994644
600,3.296904864,LIP,0.02,1.0,13.861563050666666,3.2968758613333335,1.6384e-05,3.296821248,18.59244519540035,3,17.7,0.05,0.885,1.0733848213474504,1.1231755381994644
600,3.296904864,LIP,0.02,1.0,13.861563050666666,3.2968758613333335,1.6384e-05,3.296821248,18.59244519540035,3,17.7,0.1,1.77,1.0733871858039623,1.1231755381994644
600,3.296904864,LIP,0.02,1.0,13.861563050666666,3.2968758613333335,1.6384e-05,3.296821248,18.59244519540035,3,17.7,0.2,3.54,1.0733883680361247,1.1231755381994644
600,3.296904864,LIP,0.02,1.0,13.861563050666666,3.2968758613333335,1.6384e-05,3.296821248,18.59244519540035,3,17.7,0.28,4.956,1.0733887058172207,1.1231755381994644
600,3.296904864,LIP,0.02,1.0,13.861563050666666,3.2968758613333335,1.6384e-05,3.296821248,18.59244519540035,3,17.7,0.5,8.85,1.0733890773766719,1.1231755381994644
600,3.296904864,LIP,0.02,1.0,13.861563050666666,3.2968758613333335,1.6384e-05,3.296821248,18.59244519540035,3,17.7,0.75,13.274999999999999,1.0733892350080319,1.1231755381994644
600,3.296904864,LIP,0.02,1.0,13.861563050666666,3.2968758613333335,1.6384e-05,3.296821248,18.59244519540035,3,17.7,1.0,17.7,1.0733893138237294,1.1231755381994644
600,3.296904864,LIP,0.02,1.0,13.861563050666666,3.2968758613333335,1.6384e-05,3.296821248,18.59244519540035,3,19.0,0.05,0.9500000000000001,1.0766504381012822,1.1231755381994644
600,3.296904864,LIP,0.02,1.0,13.861563050666666,3.2968758613333335,1.6384e-05,3.296821248,18.59244519540035,3,19.0,0.1,1.9000000000000001,1.0766526542019108,1.1231755381994644
600,3.296904864,LIP,0.02,1.0,13.861563050666666,3.2968758613333335,1.6384e-05,3.296821248,18.59244519540035,3,19.0,0.2,3.8000000000000003,1.0766537622556462,1.1231755381994644
600,3.296904864,LIP,0.02,1.0,13.861563050666666,3.2968758613333335,1.6384e-05,3.296821248,18.59244519540035,3,19.0,0.28,5.32,1.0766540788428465,1.1231755381994644
600,3.296904864,LIP,0.02,1.0,13.861563050666666,3.2968758613333335,1.6384e-05,3.296821248,18.59244519540035,3,19.0,0.5,9.5,1.076654427088982,1.1231755381994644
600,3.296904864,LIP,0.02,1.0,13.861563050666666,3.2968758613333335,1.6384e-05,3.296821248,18.59244519540035,3,19.0,0.75,14.25,1.0766545748298348,1.1231755381994644
600,3.296904864,LIP,0.02,1.0,13.861563050666666,3.2968758613333335,1.6384e-05,3.296821248,18.59244519540035,3,19.0,1.0,19.0,1.0766546487002766,1.1231755381994644
600,3.296904864,LIP,0.05,1.0,13.861541205333333,3.2968977066666665,1.6384e-05,3.296821248,18.5925734908288,3,15.0,0.05,0.75,1.064888090328016,1.1231764928559897
600,3.296904864,LIP,0.05,1.0,13.861541205333333,3.2968977066666665,1.6384e-05,3.296821248,18.5925734908288,3,15.0,0.1,1.5,1.0648908363913019,1.1231764928559897
600,3.296904864,LIP,0.05,1.0,13.861541205333333,3.2968977066666665,1.6384e-05,3.296821248,18.5925734908288,3,15.0,0.2,3.0,1.0648922094282556,1.1231764928559897
600,3.296904864,LIP,0.05,1.0,13.861541205333333,3.2968977066666665,1.6384e-05,3.296821248,18.5925734908288,3,15.0,0.28,4.2,1.0648926017251785,1.1231764928559897
600,3.296904864,LIP,0.05,1.0,13.861541205333333,3.2968977066666665,1.6384e-05,3.296821248,18.5925734908288,3,15.0,0.5,7.5,1.0648930332521276,1.1231764928559897
600,3.296904864,LIP,0.05,1.0,13.861541205333333,3.2968977066666665,1.6384e-05,3.296821248,18.5925734908288,3,15.0,0.75,11.25,1.0648932163242721,1.1231764928559897
600,3.296904864,LIP,0.05,1.0,13.861541205333333,3.2968977066666665,1.6384e-05,3.296821248,18.5925734908288,3,15.0,1.0,15.0,1.0648933078603682,1.1231764928559897
600,3.296904864,LIP,0.05,1.0,13.861541205333333,3.2968977066666665,1.6384e-05,3.296821248,18.5925734908288,3,17.7,0.05,0.885,1.0733853779789835,1.1231764928559897
600,3.296904864,LIP,0.05,1.0,13.861541205333333,3.2968977066666665,1.6384e-05,3.296821248,18.5925734908288,3,17.7,0.1,1.77,1.0733877424379474,1.1231764928559897
600,3.296904864,LIP,0.05,1.0,13.861541205333333,3.2968977066666665,1.6384e-05,3.296821248,18.5925734908288,3,17.7,0.2,3.54,1.073388924671336,1.1231764928559897
600,3.296904864,LIP,0.05,1.0,13.861541205333333,3.2968977066666665,1.6384e-05,3.296821248,18.5925734908288,3,17.7,0.28,4.956,1.0733892624527823,1.1231764928559897
600,3.296904864,LIP,0.05,1.0,13.861541205333333,3.2968977066666665,1.6384e-05,3.296821248,18.5925734908288,3,17.7,0.5,8.85,1.0733896340126188,1.1231764928559897
600,3.296904864,LIP,0.05,1.0,13.861541205333333,3.2968977066666665,1.6384e-05,3.296821248,18.5925734908288,3,17.7,0.75,13.274999999999999,1.0733897916441426,1.1231764928559897
600,3.296904864,LIP,0.05,1.0,13.861541205333333,3.2968977066666665,1.6384e-05,3.296821248,18.5925734908288,3,17.7,1.0,17.7,1.0733898704599216,1.1231764928559897
600,3.296904864,LIP,0.05,1.0,13.861541205333333,3.2968977066666665,1.6384e-05,3.296821248,18.5925734908288,3,19.0,0.05,0.9500000000000001,1.0766510198268142,1.1231764928559897
600,3.296904864,LIP,0.05,1.0,13.861541205333333,3.2968977066666665,1.6384e-05,3.296821248,18.5925734908288,3,19.0,0.1,1.9000000000000001,1.0766532359298373,1.1231764928559897
600,3.296904864,LIP,0.05,1.0,13.861541205333333,3.2968977066666665,1.6384e-05,3.296821248,18.5925734908288,3,19.0,0.2,3.8000000000000003,1.0766543439847702,1.1231764928559897
600,3.296904864,LIP,0.05,1.0,13.861541205333333,3.2968977066666665,1.6384e-05,3.296821248,18.5925734908288,3,19.0,0.28,5.32,1.0766546605723126,1.1231764928559897
600,3.296904864,LIP,0.05,1.0,13.861541205333333,3.2968977066666665,1.6384e-05,3.296821248,18.5925734908288,3,19.0,0.5,9.5,1.0766550088188245,1.1231764928559897
600,3.296904864,LIP,0.05,1.0,13.861541205333333,3.2968977066666665,1.6384e-05,3.296821248,18.5925734908288,3,19.0,0.75,14.25,1.076655156559837,1.1231764928559897
600,3.296904864,LIP,0.05,1.0,13.861541205333333,3.2968977066666665,1.6384e-05,3.296821248,18.5925734908288,3,19.0,1.0,19.0,1.0766552304303585,1.1231764928559897
600,3.296904864,LIP,0.1,1.0,13.861557589333334,3.2968813226666667,8.192e-05,3.296821248,18.592477269257458,3,15.0,0.05,0.75,1.064865753345627,1.1231757768634436
600,3.296904864,LIP,0.1,1.0,13.861557589333334,3.2968813226666667,8.192e-05,3.296821248,18.592477269257458,3,15.0,0.1,1.5,1.0648794832276691,1.1231757768634436
600,3.296904864,LIP,0.1,1.0,13.861557589333334,3.2968813226666667,8.192e-05,3.296821248,18.592477269257458,3,15.0,0.2,3.0,1.0648863483014612,1.1231757768634436
600,3.296904864,LIP,0.1,1.0,13.861557589333334,3.2968813226666667,8.192e-05,3.296821248,18.592477269257458,3,15.0,0.28,4.2,1.064888309767374,1.1231757768634436
600,3.296904864,LIP,0.1,1.0,13.861557589333334,3.2968813226666667,8.192e-05,3.296821248,18.592477269257458,3,15.0,0.5,7.5,1.0648904673882242,1.1231757768634436
600,3.296904864,LIP,0.1,1.0,13.861557589333334,3.2968813226666667,8.192e-05,3.296821248,18.592477269257458,3,15.0,0.75,11.25,1.0648913827451654,1.1231757768634436
600,3.296904864,LIP,0.1,1.0,13.861557589333334,3.2968813226666667,8.192e-05,3.296821248,18.592477269257458,3,15.0,1.0,15.0,1.0648918404242265,1.1231757768634436
600,3.296904864,LIP,0.1,1.0,13.861557589333334,3.2968813226666667,8.192e-05,3.296821248,18.592477269257458,3,17.7,0.05,0.885,1.073366045223281,1.1231757768634436
600,3.296904864,LIP,0.1,1.0,13.861557589333334,3.2968813226666667,8.192e-05,3.296821248,18.592477269257458,3,17.7,0.1,1.77,1.073377867196406,1.1231757768634436
600,3.296904864,LIP,0.1,1.0,13.861557589333334,3.2968813226666667,8.192e-05,3.296821248,18.592477269257458,3,17.7,0.2,3.54,1.0733837782806235,1.1231757768634436
600,3.296904864,LIP,0.1,1.0,13.861557589333334,3.2968813226666667,8.192e-05,3.296821248,18.592477269257458,3,17.7,0.28,4.956,1.0733854671737866,1.1231757768634436
600,3.296904864,LIP,0.1,1.0,13.861557589333334,3.2968813226666667,8.192e-05,3.296821248,18.592477269257458,3,17.7,0.5,8.85,1.0733873249624044,1.1231757768634436
600,3.296904864,LIP,0.1,1.0,13.861557589333334,3.2968813226666667,8.192e-05,3.296821248,18.592477269257458,3,17.7,0.75,13.274999999999999,1.0733881131170941,1.1231757768634436
600,3.296904864,LIP,0.1,1.0,13.861557589333334,3.2968813226666667,8.192e-05,3.296821248,18.592477269257458,3,17.7,1.0,17.7,1.0733885071948732,1.1231757768634436
600,3.296904864,LIP,0.1,1.0,13.861557589333334,3.2968813226666667,8.192e-05,3.296821248,18.592477269257458,3,19.0,0.05,0.9500000000000001,1.0766328550512083,1.1231757768634436
600,3.296904864,LIP,0.1,1.0,13.861557589333334,3.2968813226666667,8.192e-05,3.296821248,18.592477269257458,3,19.0,0.1,1.9000000000000001,1.0766439352836619,1.1231757768634436
600,3.296904864,LIP,0.1,1.0,13.861557589333334,3.2968813226666667,8.192e-05,3.296821248,18.592477269257458,3,19.0,0.2,3.8000000000000003,1.076649475485414,1.1231757768634436
600,3.296904864,LIP,0.1,1.0,13.861557589333334,3.2968813226666667,8.192e-05,3.296821248,18.592477269257458,3,19.0,0.28,5.32,1.076651058410673,1.1231757768634436
600,3.296904864,LIP,0.1,1.0,13.861557589333334,3.2968813226666667,8.192e-05,3.296821248,18.592477269257458,3,19.0,0.5,9.5,1.0766527996338335,1.1231757768634436
600,3.296904864,LIP,0.1,1.0,13.861557589333334,3.2968813226666667,8.192e-05,3.296821248,18.592477269257458,3,19.0,0.75,14.25,1.0766535383362699,1.1231757768634436
600,3.296904864,LIP,0.1,1.0,13.861557589333334,3.2968813226666667,8.192e-05,3.296821248,18.592477269257458,3,19.0,1.0,19.0,1.0766539076878683,1.1231757768634436
600,3.296904864,LIP,0.2,1.0,13.861552128,3.296886784,8.738133333333333e-05,3.296821248,18.59250934311457,3,15.0,0.05,0.75,1.0648640457163034,1.123176015527524
600,3.296904864,LIP,0.2,1.0,13.861552128,3.296886784,8.738133333333333e-05,3.296821248,18.59250934311457,3,15.0,0.1,1.5,1.0648786908894334,1.123176015527524
600,3.296904864,LIP,0.2,1.0,13.861552128,3.296886784,8.738133333333333e-05,3.296821248,18.59250934311457,3,15.0,0.2,3.0,1.0648860136270615,1.123176015527524
600,3.296904864,LIP,0.2,1.0,13.861552128,3.296886784,8.738133333333333e-05,3.296821248,18.59250934311457,3,15.0,0.28,4.2,1.0648881058563104,1.123176015527524
600,3.296904864,LIP,0.2,1.0,13.861552128,3.296886784,8.738133333333333e-05,3.296821248,18.59250934311457,3,15.0,0.5,7.5,1.06489040731798,1.123176015527524
600,3.296904864,LIP,0.2,1.0,13.861552128,3.296886784,8.738133333333333e-05,3.296821248,18.59250934311457,3,15.0,0.75,11.25,1.064891383698663,1.123176015527524
600,3.296904864,LIP,0.2,1.0,13.861552128,3.296886784,8.738133333333333e-05,3.296821248,18.59250934311457,3,15.0,1.0,15.0,1.0648918718896765,1.123176015527524
600,3.296904864,LIP,0.2,1.0,13.861552128,3.296886784,8.738133333333333e-05,3.296821248,18.59250934311457,3,17.7,0.05,0.885,1.073364608132425,1.123176015527524
600,3.296904864,LIP,0.2,1.0,13.861552128,3.296886784,8.738133333333333e-05,3.296821248,18.59250934311457,3,17.7,0.1,1.77,1.073377218212584,1.123176015527524
600,3.296904864,LIP,0.2,1.0,13.861552128,3.296886784,8.738133333333333e-05,3.296821248,18.59250934311457,3,17.7,0.2,3.54,1.0733835233637732,1.123176015527524
600,3.296904864,LIP,0.2,1.0,13.861552128,3.296886784,8.738133333333333e-05,3.296821248,18.59250934311457,3,17.7,0.28,4.956,1.0733853248491474,1.123176015527524
600,3.296904864,LIP,0.2,1.0,13.861552128,3.296886784,8.738133333333333e-05,3.296821248,18.59250934311457,3,17.7,0.5,8.85,1.0733873064900428,1.123176015527524
600,3.296904864,LIP,0.2,1.0,13.861552128,3.296886784,8.738133333333333e-05,3.296821248,18.59250934311457,3,17.7,0.75,13.274999999999999,1.0733881471883908,1.123176015527524
600,3.296904864,LIP,0.2,1.0,13.861552128,3.296886784,8.738133333333333e-05,3.296821248,18.59250934311457,3,17.7,1.0,17.7,1.0733885675380588,1.123176015527524
600,3.296904864,LIP,0.2,1.0,13.861552128,3.296886784,8.738133333333333e-05,3.296821248,18.59250934311457,3,19.0,0.05,0.9500000000000001,1.0766315231302876,1.123176015527524
600,3.296904864,LIP,0.2,1.0,13.861552128,3.296886784,8.738133333333333e-05,3.296821248,18.59250934311457,3,19.0,0.1,1.9000000000000001,1.0766433420237709,1.123176015527524
600,3.296904864,LIP,0.2,1.0,13.861552128,3.296886784,8.738133333333333e-05,3.296821248,18.59250934311457,3,19.0,0.2,3.8000000000000003,1.0766492515678205,1.123176015527524
600,3.296904864,LIP,0.2,1.0,13.861552128,3.296886784,8.738133333333333e-05,3.296821248,18.59250934311457,3,19.0,0.28,5.32,1.0766509400208932,1.123176015527524
600,3.296904864,LIP,0.2,1.0,13.861552128,3.296886784,8.738133333333333e-05,3.296821248,18.59250934311457,3,19.0,0.5,9.5,1.07665279732539,1.123176015527524
600,3.296904864,LIP,0.2,1.0,13.861552128,3.296886784,8.738133333333333e-05,3.296821248,18.59250934311457,3,19.0,0.75,14.25,1.0766535852746881,1.123176015527524
600,3.296904864,LIP,0.2,1.0,13.861552128,3.296886784,8.738133333333333e-05,3.296821248,18.59250934311457,3,19.0,1.0,19.0,1.0766539792497698,1.123176015527524
600,3.296904864,LIP,0.35,1.0,13.861568512,3.2968704,0.000180224,3.296821248,18.592413121543238,3,15.0,0.05,0.75,1.0648325570979313,1.1231752995355866
600,3.296904864,LIP,0.35,1.0,13.861568512,3.2968704,0.000180224,3.296821248,18.592413121543238,3,15.0,0.1,1.5,1.0648627614224813,1.1231752995355866
600,3.296904864,LIP,0.35,1.0,13.861568512,3.2968704,0.000180224,3.296821248,18.592413121543238,3,15.0,0.2,3.0,1.0648778642273322,1.1231752995355866
600,3.296904864,LIP,0.35,1.0,13.861568512,3.2968704,0.000180224,3.296821248,18.592413121543238,3,15.0,0.28,4.2,1.0648821793931187,1.1231752995355866
600,3.296904864,LIP,0.35,1.0,13.861568512,3.2968704,0.000180224,3.296821248,18.592413121543238,3,15.0,0.5,7.5,1.0648869261158773,1.1231752995355866
600,3.296904864,LIP,0.35,1.0,13.861568512,3.2968704,0.000180224,3.296821248,18.592413121543238,3,15.0,0.75,11.25,1.0648889398898322,1.1231752995355866
600,3.296904864,LIP,0.35,1.0,13.861568512,3.2968704,0.000180224,3.296821248,18.592413121543238,3,15.0,1.0,15.0,1.0648899467796655,1.1231752995355866
600,3.296904864,LIP,0.35,1.0,13.861568512,3.2968704,0.000180224,3.296821248,18.592413121543238,3,17.7,0.05,0.885,1.0733373952591239,1.1231752995355866
600,3.296904864,LIP,0.35,1.0,13.861568512,3.2968704,0.000180224,3.296821248,18.592413121543238,3,17.7,0.1,1.77,1.0733634025553178,1.1231752995355866
600,3.296904864,LIP,0.35,1.0,13.861568512,3.2968704,0.000180224,3.296821248,18.592413121543238,3,17.7,0.2,3.54,1.073376406676044,1.1231752995355866
600,3.296904864,LIP,0.35,1.0,13.861568512,3.2968704,0.000180224,3.296821248,18.592413121543238,3,17.7,0.28,4.956,1.0733801221969839,1.1231752995355866
600,3.296904864,LIP,0.35,1.0,13.861568512,3.2968704,0.000180224,3.296821248,18.592413121543238,3,17.7,0.5,8.85,1.0733842092997279,1.1231752995355866
600,3.296904864,LIP,0.35,1.0,13.861568512,3.2968704,0.000180224,3.296821248,18.592413121543238,3,17.7,0.75,13.274999999999999,1.0733859432315072,1.1231752995355866
600,3.296904864,LIP,0.35,1.0,13.861568512,3.2968704,0.000180224,3.296821248,18.592413121543238,3,17.7,1.0,17.7,1.0733868101994974,1.1231752995355866
600,3.296904864,LIP,0.35,1.0,13.861568512,3.2968704,0.000180224,3.296821248,18.592413121543238,3,19.0,0.05,0.9500000000000001,1.0766059725851331,1.1231752995355866
600,3.296904864,LIP,0.35,1.0,13.861568512,3.2968704,0.000180224,3.296821248,18.592413121543238,3,19.0,0.1,1.9000000000000001,1.0766303481802526,1.1231752995355866
600,3.296904864,LIP,0.35,1.0,13.861568512,3.2968704,0.000180224,3.296821248,18.592413121543238,3,19.0,0.2,3.8000000000000003,1.0766425363917356,1.1231752995355866
600,3.296904864,LIP,0.35,1.0,13.861568512,3.2968704,0.000180224,3.296821248,18.592413121543238,3,19.0,0.28,5.32,1.07664601878856,1.1231752995355866
600,3.296904864,LIP,0.35,1.0,13.861568512,3.2968704,0.000180224,3.296821248,18.592413121543238,3,19.0,0.5,9.5,1.0766498494510863,1.1231752995355866
600,3.296904864,LIP,0.35,1.0,13.861568512,3.2968704,0.000180224,3.296821248,18.592413121543238,3,19.0,0.75,14.25,1.076651474588878,1.1231752995355866
600,3.296904864,LIP,0.35,1.0,13.861568512,3.2968704,0.000180224,3.296821248,18.592413121543238,3,19.0,1.0,19.0,1.0766522871596138,1.1231752995355866
600,3.296904864,LIP,0.5,1.0,13.861568512,3.2968704,0.00023483733333333335,3.296821248,18.592413121543238,3,15.0,0.05,0.75,1.064814252280591,1.1231752995355866
600,3.296904864,LIP,0.5,1.0,13.861568512,3.2968704,0.00023483733333333335,3.296821248,18.592413121543238,3,15.0,0.1,1.5,1.0648536084159124,1.1231752995355866
600,3.296904864,LIP,0.5,1.0,13.861568512,3.2968704,0.00023483733333333335,3.296821248,18.592413121543238,3,15.0,0.2,3.0,1.064873287574562,1.1231752995355866
600,3.296904864,LIP,0.5,1.0,13.861568512,3.2968704,0.00023483733333333335,3.296821248,18.592413121543238,3,15.0,0.28,4.2,1.0648789103249174,1.1231752995355866
600,3.296904864,LIP,0.5,1.0,13.861568512,3.2968704,0.00023483733333333335,3.296821248,18.592413121543238,3,15.0,0.5,7.5,1.064885095418891,1.1231752995355866
600,3.296904864,LIP,0.5,1.0,13.861568512,3.2968704,0.00023483733333333335,3.296821248,18.592413121543238,3,15.0,0.75,11.25,1.0648877194198594,1.1231752995355866
600,3.296904864,LIP,0.5,1.0,13.861568512,3.2968704,0.00023483733333333335,3.296821248,18.592413121543238,3,15.0,1.0,15.0,1.0648890314251929,1.1231752995355866
600,3.296904864,LIP,0.5,1.0,13.861568512,3.2968704,0.00023483733333333335,3.296821248,18.592413121543238,3,17.7,0.05,0.885,1.0733216338747906,1.1231752995355866
600,3.296904864,LIP,0.5,1.0,13.861568512,3.2968704,0.00023483733333333335,3.296821248,18.592413121543238,3,17.7,0.1,1.77,1.0733555214233796,1.1231752995355866
600,3.296904864,LIP,0.5,1.0,13.861568512,3.2968704,0.00023483733333333335,3.296821248,18.592413121543238,3,17.7,0.2,3.54,1.0733724660001251,1.1231752995355866
600,3.296904864,LIP,0.5,1.0,13.861568512,3.2968704,0.00023483733333333335,3.296821248,18.592413121543238,3,17.7,0.28,4.956,1.0733773074060309,1.1231752995355866
600,3.296904864,LIP,0.5,1.0,13.861568512,3.2968704,0.00023483733333333335,3.296821248,18.592413121543238,3,17.7,0.5,8.85,1.0733826330029712,1.1231752995355866
600,3.296904864,LIP,0.5,1.0,13.861568512,3.2968704,0.00023483733333333335,3.296821248,18.592413121543238,3,17.7,0.75,13.274999999999999,1.0733848923630933,1.1231752995355866
600,3.296904864,LIP,0.5,1.0,13.861568512,3.2968704,0.00023483733333333335,3.296821248,18.592413121543238,3,17.7,1.0,17.7,1.073386022046721,1.1231752995355866
600,3.296904864,LIP,0.5,1.0,13.861568512,3.2968704,0.00023483733333333335,3.296821248,18.592413121543238,3,19.0,0.05,0.9500000000000001,1.076591200034357,1.1231752995355866
600,3.296904864,LIP,0.5,1.0,13.861568512,3.2968704,0.00023483733333333335,3.296821248,18.592413121543238,3,19.0,0.1,1.9000000000000001,1.076622961519717,1.1231752995355866
600,3.296904864,LIP,0.5,1.0,13.861568512,3.2968704,0.00023483733333333335,3.296821248,18.592413121543238,3,19.0,0.2,3.8000000000000003,1.0766388429651752,1.1231752995355866
600,3.296904864,LIP,0.5,1.0,13.861568512,3.2968704,0.00023483733333333335,3.296821248,18.592413121543238,3,19.0,0.28,5.32,1.076643380607079,1.1231752995355866
600,3.296904864,LIP,0.5,1.0,13.861568512,3.2968704,0.00023483733333333335,3.296821248,18.592413121543238,3,19.0,0.5,9.5,1.0766483720573512,1.1231752995355866
600,3.296904864,LIP,0.5,1.0,13.861568512,3.2968704,0.00023483733333333335,3.296821248,18.592413121543238,3,19.0,0.75,14.25,1.0766504896562974,1.1231752995355866
600,3.296904864,LIP,0.5,1.0,13.861568512,3.2968704,0.00023483733333333335,3.296821248,18.592413121543238,3,19.0,1.0,19.0,1.0766515484588943,1.1231752995355866
600,3.296904864,LIP,0.75,1.0,13.86160128,3.296837632,0.000344064,3.296821248,18.59222067840056,3,15.0,0.05,0.75,1.064776906684824,1.1231738675544498
600,3.296904864,LIP,0.75,1.0,13.86160128,3.296837632,0.000344064,3.296821248,18.59222067840056,3,15.0,0.1,1.5,1.0648345649458848,1.1231738675544498
600,3.296904864,LIP,0.75,1.0,13.86160128,3.296837632,0.000344064,3.296821248,18.59222067840056,3,15.0,0.2,3.0,1.0648633964181489,1.1231738675544498
600,3.296904864,LIP,0.75,1.0,13.86160128,3.296837632,0.000344064,3.296821248,18.59222067840056,3,15.0,0.28,4.2,1.064871634268421,1.1231738675544498
600,3.296904864,LIP,0.75,1.0,13.86160128,3.296837632,0.000344064,3.296821248,18.59222067840056,3,15.0,0.5,7.5,1.0648806960509347,1.1231738675544498
600,3.296904864,LIP,0.75,1.0,13.86160128,3.296837632,0.000344064,3.296821248,18.59222067840056,3,15.0,0.75,11.25,1.0648845404901104,1.1231738675544498
600,3.296904864,LIP,0.75,1.0,13.86160128,3.296837632,0.000344064,3.296821248,18.59222067840056,3,15.0,1.0,15.0,1.0648864627201078,1.1231738675544498
600,3.296904864,LIP,0.75,1.0,13.86160128,3.296837632,0.000344064,3.296821248,18.59222067840056,3,17.7,0.05,0.885,1.0732892776958853,1.1231738675544498
600,3.296904864,LIP,0.75,1.0,13.86160128,3.296837632,0.000344064,3.296821248,18.59222067840056,3,17.7,0.1,1.77,1.0733389246305847,1.1231738675544498
600,3.296904864,LIP,0.75,1.0,13.86160128,3.296837632,0.000344064,3.296821248,18.59222067840056,3,17.7,0.2,3.54,1.073363749820356,1.1231738675544498
600,3.296904864,LIP,0.75,1.0,13.86160128,3.296837632,0.000344064,3.296821248,18.59222067840056,3,17.7,0.28,4.956,1.0733708429426438,1.1231738675544498
600,3.296904864,LIP,0.75,1.0,13.86160128,3.296837632,0.000344064,3.296821248,18.59222067840056,3,17.7,0.5,8.85,1.0733786454854395,1.1231738675544498
600,3.296904864,LIP,0.75,1.0,13.86160128,3.296837632,0.000344064,3.296821248,18.59222067840056,3,17.7,0.75,13.274999999999999,1.0733819556893809,1.1231738675544498
600,3.296904864,LIP,0.75,1.0,13.86160128,3.296837632,0.000344064,3.296821248,18.59222067840056,3,17.7,1.0,17.7,1.0733836107990078,1.1231738675544498
600,3.296904864,LIP,0.75,1.0,13.86160128,3.296837632,0.000344064,3.296821248,18.59222067840056,3,19.0,0.05,0.9500000000000001,1.0765607837057567,1.1231738675544498
600,3.296904864,LIP,0.75,1.0,13.86160128,3.296837632,0.000344064,3.296821248,18.59222067840056,3,19.0,0.1,1.9000000000000001,1.076607315984079,1.1231738675544498
600,3.296904864,LIP,0.75,1.0,13.86160128,3.296837632,0.000344064,3.296821248,18.59222067840056,3,19.0,0.2,3.8000000000000003,1.0766305836317243,1.1231738675544498
600,3.296904864,LIP,0.75,1.0,13.86160128,3.296837632,0.000344064,3.296821248,18.59222067840056,3,19.0,0.28,5.32,1.0766372317157766,1.1231738675544498
600,3.296904864,LIP,0.75,1.0,13.86160128,3.296837632,0.000344064,3.296821248,18.59222067840056,3,19.0,0.5,9.5,1.0766445447030637,1.1231738675544498
600,3.296904864,LIP,0.75,1.0,13.86160128,3.296837632,0.000344064,3.296821248,18.59222067840056,3,19.0,0.75,14.25,1.0766476472125326,1.1231738675544498
600,3.296904864,LIP,0.75,1.0,13.86160128,3.296837632,0.000344064,3.296821248,18.59222067840056,3,19.0,1.0,19.0,1.0766491984739721,1.1231738675544498
600,3.296904864,LIP,1.0,1.0,13.86160128,3.296837632,0.000475136,3.296821248,18.59222067840056,3,15.0,0.05,0.75,1.0647329807720476,1.1231738675544498
600,3.296904864,LIP,1.0,1.0,13.86160128,3.296837632,0.000475136,3.296821248,18.59222067840056,3,15.0,0.1,1.5,1.06481259915776,1.1231738675544498
600,3.296904864,LIP,1.0,1.0,13.86160128,3.296837632,0.000475136,3.296821248,18.59222067840056,3,15.0,0.2,3.0,1.0648524128160486,1.1231738675544498
600,3.296904864,LIP,1.0,1.0,13.86160128,3.296837632,0.000475136,3.296821248,18.59222067840056,3,15.0,0.28,4.2,1.064863788693843,1.1231738675544498
600,3.296904864,LIP,1.0,1.0,13.86160128,3.296837632,0.000475136,3.296821248,18.59222067840056,3,15.0,0.5,7.5,1.0648763024401524,1.1231738675544498
600,3.296904864,LIP,1.0,1.0,13.86160128,3.296837632,0.000475136,3.296821248,18.59222067840056,3,15.0,0.75,11.25,1.0648816113910782,1.1231738675544498
600,3.296904864,LIP,1.0,1.0,13.86160128,3.296837632,0.000475136,3.296821248,18.59222067840056,3,15.0,1.0,15.0,1.0648842658863917,1.1231738675544498
600,3.296904864,LIP,1.0,1.0,13.86160128,3.296837632,0.000475136,3.296821248,18.59222067840056,3,17.7,0.05,0.885,1.0732514545425138,1.1231738675544498
600,3.296904864,LIP,1.0,1.0,13.86160128,3.296837632,0.000475136,3.296821248,18.59222067840056,3,17.7,0.1,1.77,1.0733200109710332,1.1231738675544498
600,3.296904864,LIP,1.0,1.0,13.86160128,3.296837632,0.000475136,3.296821248,18.59222067840056,3,17.7,0.2,3.54,1.0733542924697987,1.1231738675544498
600,3.296904864,LIP,1.0,1.0,13.86160128,3.296837632,0.000475136,3.296821248,18.59222067840056,3,17.7,0.28,4.956,1.0733640875859585,1.1231738675544498
600,3.296904864,LIP,1.0,1.0,13.86160128,3.296837632,0.000475136,3.296821248,18.59222067840056,3,17.7,0.5,8.85,1.0733748624202206,1.1231738675544498
600,3.296904864,LIP,1.0,1.0,13.86160128,3.296837632,0.000475136,3.296821248,18.59222067840056,3,17.7,0.75,13.274999999999999,1.0733794336273832,1.1231738675544498
600,3.296904864,LIP,1.0,1.0,13.86160128,3.296837632,0.000475136,3.296821248,18.59222067840056,3,17.7,1.0,17.7,1.073381719245565,1.1231738675544498
600,3.296904864,LIP,1.0,1.0,13.86160128,3.296837632,0.000475136,3.296821248,18.59222067840056,3,19.0,0.05,0.9500000000000001,1.0765253332410494,1.1231738675544498
600,3.296904864,LIP,1.0,1.0,13.86160128,3.296837632,0.000475136,3.296821248,18.59222067840056,3,19.0,0.1,1.9000000000000001,1.0765895889275563,1.1231738675544498
600,3.296904864,LIP,1.0,1.0,13.86160128,3.296837632,0.000475136,3.296821248,18.59222067840056,3,19.0,0.2,3.8000000000000003,1.076621719647367,1.1231738675544498
600,3.296904864,LIP,1.0,1.0,13.86160128,3.296837632,0.000475136,3.296821248,18.59222067840056,3,19.0,0.28,5.32,1.0766309002052936,1.1231738675544498
600,3.296904864,LIP,1.0,1.0,13.86160128,3.296837632,0.000475136,3.296821248,18.59222067840056,3,19.0,0.5,9.5,1.076640998999851,1.1231738675544498
600,3.296904864,LIP,1.0,1.0,13.86160128,3.296837632,0.000475136,3.296821248,18.59222067840056,3,19.0,0.75,14.25,1.0766452833941726,1.1231738675544498
600,3.296904864,LIP,1.0,1.0,13.86160128,3.296837632,0.000475136,3.296821248,18.59222067840056,3,19.0,1.0,19.0,1.0766474256041203,1.1231738675544498
600,3.296904864,LRU,0.0,0.0,17.158438912,0.0,0.0,0.0,-0.769772570693994,3,15.0,0.05,0.75,0.9954800325494156,0.9954800325494156
600,3.296904864,LRU,0.0,0.0,17.158438912,0.0,0.0,0.0,-0.769772570693994,3,15.0,0.1,1.5,0.9954800325494156,0.9954800325494156
600,3.296904864,LRU,0.0,0.0,17.158438912,0.0,0.0,0.0,-0.769772570693994,3,15.0,0.2,3.0,0.9954800325494156,0.9954800325494156
600,3.296904864,LRU,0.0,0.0,17.158438912,0.0,0.0,0.0,-0.769772570693994,3,15.0,0.28,4.2,0.9954800325494156,0.9954800325494156
600,3.296904864,LRU,0.0,0.0,17.158438912,0.0,0.0,0.0,-0.769772570693994,3,15.0,0.5,7.5,0.9954800325494156,0.9954800325494156
600,3.296904864,LRU,0.0,0.0,17.158438912,0.0,0.0,0.0,-0.769772570693994,3,15.0,0.75,11.25,0.9954800325494156,0.9954800325494156
600,3.296904864,LRU,0.0,0.0,17.158438912,0.0,0.0,0.0,-0.769772570693994,3,15.0,1.0,15.0,0.9954800325494156,0.9954800325494156
600,3.296904864,LRU,0.0,0.0,17.158438912,0.0,0.0,0.0,-0.769772570693994,3,17.7,0.05,0.885,0.9954800325494156,0.9954800325494156
600,3.296904864,LRU,0.0,0.0,17.158438912,0.0,0.0,0.0,-0.769772570693994,3,17.7,0.1,1.77,0.9954800325494156,0.9954800325494156
600,3.296904864,LRU,0.0,0.0,17.158438912,0.0,0.0,0.0,-0.769772570693994,3,17.7,0.2,3.54,0.9954800325494156,0.9954800325494156
600,3.296904864,LRU,0.0,0.0,17.158438912,0.0,0.0,0.0,-0.769772570693994,3,17.7,0.28,4.956,0.9954800325494156,0.9954800325494156
600,3.296904864,LRU,0.0,0.0,17.158438912,0.0,0.0,0.0,-0.769772570693994,3,17.7,0.5,8.85,0.9954800325494156,0.9954800325494156
600,3.296904864,LRU,0.0,0.0,17.158438912,0.0,0.0,0.0,-0.769772570693994,3,17.7,0.75,13.274999999999999,0.9954800325494156,0.9954800325494156
600,3.296904864,LRU,0.0,0.0,17.158438912,0.0,0.0,0.0,-0.769772570693994,3,17.7,1.0,17.7,0.9954800325494156,0.9954800325494156
600,3.296904864,LRU,0.0,0.0,17.158438912,0.0,0.0,0.0,-0.769772570693994,3,19.0,0.05,0.9500000000000001,0.9954800325494156,0.9954800325494156
600,3.296904864,LRU,0.0,0.0,17.158438912,0.0,0.0,0.0,-0.769772570693994,3,19.0,0.1,1.9000000000000001,0.9954800325494156,0.9954800325494156
600,3.296904864,LRU,0.0,0.0,17.158438912,0.0,0.0,0.0,-0.769772570693994,3,19.0,0.2,3.8000000000000003,0.9954800325494156,0.9954800325494156
600,3.296904864,LRU,0.0,0.0,17.158438912,0.0,0.0,0.0,-0.769772570693994,3,19.0,0.28,5.32,0.9954800325494156,0.9954800325494156
600,3.296904864,LRU,0.0,0.0,17.158438912,0.0,0.0,0.0,-0.769772570693994,3,19.0,0.5,9.5,0.9954800325494156,0.9954800325494156
600,3.296904864,LRU,0.0,0.0,17.158438912,0.0,0.0,0.0,-0.769772570693994,3,19.0,0.75,14.25,0.9954800325494156,0.9954800325494156
600,3.296904864,LRU,0.0,0.0,17.158438912,0.0,0.0,0.0,-0.769772570693994,3,19.0,1.0,19.0,0.9954800325494156,0.9954800325494156
600,3.296904864,LRU,0.02,0.0,14.143362389333333,3.0150765226666665,0.2817283413333333,0.0,16.937466242265387,3,15.0,0.05,0.75,0.9728208762146867,1.1109942770089913
600,3.296904864,LRU,0.02,0.0,14.143362389333333,3.0150765226666665,0.2817283413333333,0.0,16.937466242265387,3,15.0,0.1,1.5,1.0138920071926818,1.1109942770089913
600,3.296904864,LRU,0.02,0.0,14.143362389333333,3.0150765226666665,0.2817283413333333,0.0,16.937466242265387,3,15.0,0.2,3.0,1.035756090863793,1.1109942770089913
600,3.296904864,LRU,0.02,0.0,14.143362389333333,3.0150765226666665,0.2817283413333333,0.0,16.937466242265387,3,15.0,0.28,4.2,1.0421772454224911,1.1109942770089913
600,3.296904864,LRU,0.02,0.0,14.143362389333333,3.0150765226666665,0.2817283413333333,0.0,16.937466242265387,3,15.0,0.5,7.5,1.049333102971279,1.1109942770089913
600,3.296904864,LRU,0.02,0.0,14.143362389333333,3.0150765226666665,0.2817283413333333,0.0,16.937466242265387,3,15.0,0.75,11.25,1.0523986959796143,1.1109942770089913
600,3.296904864,LRU,0.02,0.0,14.143362389333333,3.0150765226666665,0.2817283413333333,0.0,16.937466242265387,3,15.0,1.0,15.0,1.0539382193336657,1.1109942770089913
600,3.296904864,LRU,0.02,0.0,14.143362389333333,3.0150765226666665,0.2817283413333333,0.0,16.937466242265387,3,17.7,0.05,0.885,0.9916337182257595,1.1109942770089913
600,3.296904864,LRU,0.02,0.0,14.143362389333333,3.0150765226666665,0.2817283413333333,0.0,16.937466242265387,3,17.7,0.1,1.77,1.0275922696287534,1.1109942770089913
600,3.296904864,LRU,0.02,0.0,14.143362389333333,3.0150765226666665,0.2817283413333333,0.0,16.937466242265387,3,17.7,0.2,3.54,1.0465675486574033,1.1109942770089913
600,3.296904864,LRU,0.02,0.0,14.143362389333333,3.0150765226666665,0.2817283413333333,0.0,16.937466242265387,3,17.7,0.28,4.956,1.0521184554723886,1.1109942770089913
600,3.296904864,LRU,0.02,0.0,14.143362389333333,3.0150765226666665,0.2817283413333333,0.0,16.937466242265387,3,17.7,0.5,8.85,1.0582928620594954,1.1109942770089913
600,3.296904864,LRU,0.02,0.0,14.143362389333333,3.0150765226666665,0.2817283413333333,0.0,16.937466242265387,3,17.7,0.75,13.274999999999999,1.060934255858345,1.1109942770089913
600,3.296904864,LRU,0.02,0.0,14.143362389333333,3.0150765226666665,0.2817283413333333,0.0,16.937466242265387,3,17.7,1.0,17.7,1.062259903428254,1.1109942770089913
600,3.296904864,LRU,0.02,0.0,14.143362389333333,3.0150765226666665,0.2817283413333333,0.0,16.937466242265387,3,19.0,0.05,0.9500000000000001,0.9989770693110164,1.1109942770089913
600,3.296904864,LRU,0.02,0.0,14.143362389333333,3.0150765226666665,0.2817283413333333,0.0,16.937466242265387,3,19.0,0.1,1.9000000000000001,1.0328975910151459,1.1109942770089913
600,3.296904864,LRU,0.02,0.0,14.143362389333333,3.0150765226666665,0.2817283413333333,0.0,16.937466242265387,3,19.0,0.2,3.8000000000000003,1.0507366060158945,1.1109942770089913
600,3.296904864,LRU,0.02,0.0,14.143362389333333,3.0150765226666665,0.2817283413333333,0.0,16.937466242265387,3,19.0,0.28,5.32,1.0559472064025768,1.1109942770089913
600,3.296904864,LRU,0.02,0.0,14.143362389333333,3.0150765226666665,0.2817283413333333,0.0,16.937466242265387,3,19.0,0.5,9.5,1.0617388831211754,1.1109942770089913
600,3.296904864,LRU,0.02,0.0,14.143362389333333,3.0150765226666665,0.2817283413333333,0.0,16.937466242265387,3,19.0,0.75,14.25,1.0642151968123819,1.1109942770089913
600,3.296904864,LRU,0.02,0.0,14.143362389333333,3.0150765226666665,0.2817283413333333,0.0,16.937466242265387,3,19.0,1.0,19.0,1.0654576903802608,1.1109942770089913
600,3.296904864,LRU,0.05,0.0,14.610322773333333,2.5481161386666664,0.7490491733333333,0.0,14.19505523759671,3,15.0,0.05,0.75,0.8508067465643244,1.0913805158212844
600,3.296904864,LRU,0.05,0.0,14.610322773333333,2.5481161386666664,0.7490491733333333,0.0,14.19505523759671,3,15.0,0.1,1.5,0.9392813210553622,1.0913805158212844
600,3.296904864,LRU,0.05,0.0,14.610322773333333,2.5481161386666664,0.7490491733333333,0.0,14.19505523759671,3,15.0,0.2,3.0,0.9907973524694067,1.0913805158212844
600,3.296904864,LRU,0.05,0.0,14.610322773333333,2.5481161386666664,0.7490491733333333,0.0,14.19505523759671,3,15.0,0.28,4.2,1.006570666109267,1.0913805158212844
600,3.296904864,LRU,0.05,0.0,14.610322773333333,2.5481161386666664,0.7490491733333333,0.0,14.19505523759671,3,15.0,0.5,7.5,1.0245117102003378,1.0913805158212844
600,3.296904864,LRU,0.05,0.0,14.610322773333333,2.5481161386666664,0.7490491733333333,0.0,14.19505523759671,3,15.0,0.75,11.25,1.0323177531334222,1.0913805158212844
600,3.296904864,LRU,0.05,0.0,14.610322773333333,2.5481161386666664,0.7490491733333333,0.0,14.19505523759671,3,15.0,1.0,15.0,1.0362655525155449,1.0913805158212844
600,3.296904864,LRU,0.05,0.0,14.610322773333333,2.5481161386666664,0.7490491733333333,0.0,14.19505523759671,3,17.7,0.05,0.885,0.8804105711967297,1.0913805158212844
600,3.296904864,LRU,0.05,0.0,14.610322773333333,2.5481161386666664,0.7490491733333333,0.0,14.19505523759671,3,17.7,0.1,1.77,0.9596831492362787,1.0913805158212844
600,3.296904864,LRU,0.05,0.0,14.610322773333333,2.5481161386666664,0.7490491733333333,0.0,14.19505523759671,3,17.7,0.2,3.54,1.0049251118853342,1.0913805158212844
600,3.296904864,LRU,0.05,0.0,14.610322773333333,2.5481161386666664,0.7490491733333333,0.0,14.19505523759671,3,17.7,0.28,4.956,1.018645570376323,1.0913805158212844
600,3.296904864,LRU,0.05,0.0,14.610322773333333,2.5481161386666664,0.7490491733333333,0.0,14.19505523759671,3,17.7,0.5,8.85,1.034177401288665,1.0913805158212844
600,3.296904864,LRU,0.05,0.0,14.610322773333333,2.5481161386666664,0.7490491733333333,0.0,14.19505523759671,3,17.7,0.75,13.274999999999999,1.0409106881403427,1.0913805158212844
600,3.296904864,LRU,0.05,0.0,14.610322773333333,2.5481161386666664,0.7490491733333333,0.0,14.19505523759671,3,17.7,1.0,17.7,1.044310318090246,1.0913805158212844
600,3.296904864,LRU,0.05,0.0,14.610322773333333,2.5481161386666664,0.7490491733333333,0.0,14.19505523759671,3,19.0,0.05,0.9500000000000001,0.8922111081729805,1.0913805158212844
600,3.296904864,LRU,0.05,0.0,14.610322773333333,2.5481161386666664,0.7490491733333333,0.0,14.19505523759671,3,19.0,0.1,1.9000000000000001,0.9676726401682145,1.0913805158212844
600,3.296904864,LRU,0.05,0.0,14.610322773333333,2.5481161386666664,0.7490491733333333,0.0,14.19505523759671,3,19.0,0.2,3.8000000000000003,1.0104015692568955,1.0913805158212844
600,3.296904864,LRU,0.05,0.0,14.610322773333333,2.5481161386666664,0.7490491733333333,0.0,14.19505523759671,3,19.0,0.28,5.32,1.0233117843302968,1.0913805158212844
600,3.296904864,LRU,0.05,0.0,14.610322773333333,2.5481161386666664,0.7490491733333333,0.0,14.19505523759671,3,19.0,0.5,9.5,1.0378995055631293,1.0913805158212844
600,3.296904864,LRU,0.05,0.0,14.610322773333333,2.5481161386666664,0.7490491733333333,0.0,14.19505523759671,3,19.0,0.75,14.25,1.044214651021128,1.0913805158212844
600,3.296904864,LRU,0.05,0.0,14.610322773333333,2.5481161386666664,0.7490491733333333,0.0,14.19505523759671,3,19.0,1.0,19.0,1.0474011302780917,1.0913805158212844
600,3.296904864,LRU,0.1,0.0,15.3841664,1.774272512,1.524318208,0.0,9.65035005407653,3,15.0,0.05,0.75,0.7042761442171676,1.0603581570820841
600,3.296904864,LRU,0.1,0.0,15.3841664,1.774272512,1.524318208,0.0,9.65035005407653,3,15.0,0.1,1.5,0.8371005149087907,1.0603581570820841
600,3.296904864,LRU,0.1,0.0,15.3841664,1.774272512,1.524318208,0.0,9.65035005407653,3,15.0,0.2,3.0,0.9242565201603886,1.0603581570820841
600,3.296904864,LRU,0.1,0.0,15.3841664,1.774272512,1.524318208,0.0,9.65035005407653,3,15.0,0.28,4.2,0.9525938843665556,1.0603581570820841
600,3.296904864,LRU,0.1,0.0,15.3841664,1.774272512,1.524318208,0.0,9.65035005407653,3,15.0,0.5,7.5,0.985841991632214,1.0603581570820841
600,3.296904864,LRU,0.1,0.0,15.3841664,1.774272512,1.524318208,0.0,9.65035005407653,3,15.0,0.75,11.25,1.0006589589093273,1.0603581570820841
600,3.296904864,LRU,0.1,0.0,15.3841664,1.774272512,1.524318208,0.0,9.65035005407653,3,15.0,1.0,15.0,1.0082357287810544,1.0603581570820841
600,3.296904864,LRU,0.1,0.0,15.3841664,1.774272512,1.524318208,0.0,9.65035005407653,3,17.7,0.05,0.885,0.7423010389850877,1.0603581570820841
600,3.296904864,LRU,0.1,0.0,15.3841664,1.774272512,1.524318208,0.0,9.65035005407653,3,17.7,0.1,1.77,0.8648784081850777,1.0603581570820841
600,3.296904864,LRU,0.1,0.0,15.3841664,1.774272512,1.524318208,0.0,9.65035005407653,3,17.7,0.2,3.54,0.9427143822834667,1.0603581570820841
600,3.296904864,LRU,0.1,0.0,15.3841664,1.774272512,1.524318208,0.0,9.65035005407653,3,17.7,0.28,4.956,0.9675943956741799,1.0603581570820841
600,3.296904864,LRU,0.1,0.0,15.3841664,1.774272512,1.524318208,0.0,9.65035005407653,3,17.7,0.5,8.85,0.9965245784027577,1.0603581570820841
600,3.296904864,LRU,0.1,0.0,15.3841664,1.774272512,1.524318208,0.0,9.65035005407653,3,17.7,0.75,13.274999999999999,1.0093273491695922,1.0603581570820841
600,3.296904864,LRU,0.1,0.0,15.3841664,1.774272512,1.524318208,0.0,9.65035005407653,3,17.7,1.0,17.7,1.0158528940569456,1.0603581570820841
600,3.296904864,LRU,0.1,0.0,15.3841664,1.774272512,1.524318208,0.0,9.65035005407653,3,19.0,0.05,0.9500000000000001,0.7578545394138481,1.0603581570820841
600,3.296904864,LRU,0.1,0.0,15.3841664,1.774272512,1.524318208,0.0,9.65035005407653,3,19.0,0.1,1.9000000000000001,0.8759269981081736,1.0603581570820841
600,3.296904864,LRU,0.1,0.0,15.3841664,1.774272512,1.524318208,0.0,9.65035005407653,3,19.0,0.2,3.8000000000000003,0.9499253842505619,1.0603581570820841
600,3.296904864,LRU,0.1,0.0,15.3841664,1.774272512,1.524318208,0.0,9.65035005407653,3,19.0,0.28,5.32,0.973421009504393,1.0603581570820841
600,3.296904864,LRU,0.1,0.0,15.3841664,1.774272512,1.524318208,0.0,9.65035005407653,3,19.0,0.5,9.5,1.0006461885255875,1.0603581570820841
600,3.296904864,LRU,0.1,0.0,15.3841664,1.774272512,1.524318208,0.0,9.65035005407653,3,19.0,0.75,14.25,1.0126618749048455,1.0603581570820841
600,3.296904864,LRU,0.1,0.0,15.3841664,1.774272512,1.524318208,0.0,9.65035005407653,3,19.0,1.0,19.0,1.0187785843370454,1.0603581570820841
600,3.296904864,LRU,0.2,0.0,17.158438912,0.0,3.4191714986666666,0.0,-0.769772570693994,3,15.0,0.05,0.75,0.49621287138119946,0.7037915033175012
600,3.296904864,LRU,0.2,0.0,17.158438912,0.0,3.4191714986666666,0.0,-0.769772570693994,3,15.0,0.1,1.5,0.6622945031814297,0.9954800325494156
600,3.296904864,LRU,0.2,0.0,17.158438912,0.0,3.4191714986666666,0.0,-0.769772570693994,3,15.0,0.2,3.0,0.7954048507491275,0.9954800325494156
600,3.296904864,LRU,0.2,0.0,17.158438912,0.0,3.4191714986666666,0.0,-0.769772570693994,3,15.0,0.28,4.2,0.8438627330055277,0.9954800325494156
600,3.296904864,LRU,0.2,0.0,17.158438912,0.0,3.4191714986666666,0.0,-0.769772570693994,3,15.0,0.5,7.5,0.9044757359871579,0.9954800325494156
600,3.296904864,LRU,0.2,0.0,17.158438912,0.0,3.4191714986666666,0.0,-0.769772570693994,3,15.0,0.75,11.25,0.9329036424460988,0.9954800325494156
600,3.296904864,LRU,0.2,0.0,17.158438912,0.0,3.4191714986666666,0.0,-0.769772570693994,3,15.0,1.0,15.0,0.947798417217017,0.9954800325494156
600,3.296904864,LRU,0.2,0.0,17.158438912,0.0,3.4191714986666666,0.0,-0.769772570693994,3,17.7,0.05,0.885,0.5373206980275779,0.7894546730039429
600,3.296904864,LRU,0.2,0.0,17.158438912,0.0,3.4191714986666666,0.0,-0.769772570693994,3,17.7,0.1,1.77,0.6979276761704284,0.9954800325494156
600,3.296904864,LRU,0.2,0.0,17.158438912,0.0,3.4191714986666666,0.0,-0.769772570693994,3,17.7,0.2,3.54,0.8205620680875484,0.9954800325494156
600,3.296904864,LRU,0.2,0.0,17.158438912,0.0,3.4191714986666666,0.0,-0.769772570693994,3,17.7,0.28,4.956,0.8639345904753164,0.9954800325494156
600,3.296904864,LRU,0.2,0.0,17.158438912,0.0,3.4191714986666666,0.0,-0.769772570693994,3,17.7,0.5,8.85,0.9172670641606433,0.9954800325494156
600,3.296904864,LRU,0.2,0.0,17.158438912,0.0,3.4191714986666666,0.0,-0.769772570693994,3,17.7,0.75,13.274999999999999,0.9419357632355763,0.9954800325494156
600,3.296904864,LRU,0.2,0.0,17.158438912,0.0,3.4191714986666666,0.0,-0.769772570693994,3,17.7,1.0,17.7,0.954774469094968,0.9954800325494156
600,3.296904864,LRU,0.2,0.0,17.158438912,0.0,3.4191714986666666,0.0,-0.769772570693994,3,19.0,0.05,0.9500000000000001,0.5547911135037171,0.8277519207281492
600,3.296904864,LRU,0.2,0.0,17.158438912,0.0,3.4191714986666666,0.0,-0.769772570693994,3,19.0,0.1,1.9000000000000001,0.7124992000720348,0.9954800325494156
600,3.296904864,LRU,0.2,0.0,17.158438912,0.0,3.4191714986666666,0.0,-0.769772570693994,3,19.0,0.2,3.8000000000000003,0.830547249442281,0.9954800325494156
600,3.296904864,LRU,0.2,0.0,17.158438912,0.0,3.4191714986666666,0.0,-0.769772570693994,3,19.0,0.28,5.32,0.8718169879401416,0.9954800325494156
600,3.296904864,LRU,0.2,0.0,17.158438912,0.0,3.4191714986666666,0.0,-0.769772570693994,3,19.0,0.5,9.5,0.9222246781236869,0.9954800325494156
600,3.296904864,LRU,0.2,0.0,17.158438912,0.0,3.4191714986666666,0.0,-0.769772570693994,3,19.0,0.75,14.25,0.945415069949429,0.9954800325494156
600,3.296904864,LRU,0.2,0.0,17.158438912,0.0,3.4191714986666666,0.0,-0.769772570693994,3,19.0,1.0,19.0,0.9574531965082466,0.9954800325494156
600,3.296904864,LRU,0.35,0.0,17.158438912,0.0,5.975364949333333,0.0,-0.769772570693994,3,15.0,0.05,0.75,0.36089522906617283,0.45945356641456564
600,3.296904864,LRU,0.35,0.0,17.158438912,0.0,5.975364949333333,0.0,-0.769772570693994,3,15.0,0.1,1.5,0.5297412958561344,0.7732007932441112
600,3.296904864,LRU,0.35,0.0,17.158438912,0.0,5.975364949333333,0.0,-0.769772570693994,3,15.0,0.2,3.0,0.6915021087371195,0.9954800325494156
600,3.296904864,LRU,0.35,0.0,17.158438912,0.0,5.975364949333333,0.0,-0.769772570693994,3,15.0,0.28,4.2,0.7575989676033228,0.9954800325494156
600,3.296904864,LRU,0.35,0.0,17.158438912,0.0,5.975364949333333,0.0,-0.769772570693994,3,15.0,0.5,7.5,0.8466144784581187,0.9954800325494156
600,3.296904864,LRU,0.35,0.0,17.158438912,0.0,5.975364949333333,0.0,-0.769772570693994,3,15.0,0.75,11.25,0.891029781563918,0.9954800325494156
600,3.296904864,LRU,0.35,0.0,17.158438912,0.0,5.975364949333333,0.0,-0.769772570693994,3,15.0,1.0,15.0,0.9150321045268535,0.9954800325494156
600,3.296904864,LRU,0.35,0.0,17.158438912,0.0,5.975364949333333,0.0,-0.769772570693994,3,17.7,0.05,0.885,0.3997690054357805,0.5243685129706421
600,3.296904864,LRU,0.35,0.0,17.158438912,0.0,5.975364949333333,0.0,-0.769772570693994,3,17.7,0.1,1.77,0.5704530900349285,0.8631078621505069
600,3.296904864,LRU,0.35,0.0,17.158438912,0.0,5.975364949333333,0.0,-0.769772570693994,3,17.7,0.2,3.54,0.7252859684054592,0.9954800325494156
600,3.296904864,LRU,0.35,0.0,17.158438912,0.0,5.975364949333333,0.0,-0.769772570693994,3,17.7,0.28,4.956,0.7862594637582258,0.9954800325494156
600,3.296904864,LRU,0.35,0.0,17.158438912,0.0,5.975364949333333,0.0,-0.769772570693994,3,17.7,0.5,8.85,0.8663777786545388,0.9954800325494156
600,3.296904864,LRU,0.35,0.0,17.158438912,0.0,5.975364949333333,0.0,-0.769772570693994,3,17.7,0.75,13.274999999999999,0.9055230705538722,0.9954800325494156
600,3.296904864,LRU,0.35,0.0,17.158438912,0.0,5.975364949333333,0.0,-0.769772570693994,3,17.7,1.0,17.7,0.9264528946358231,0.9954800325494156
600,3.296904864,LRU,0.35,0.0,17.158438912,0.0,5.975364949333333,0.0,-0.769772570693994,3,19.0,0.05,0.9500000000000001,0.41683604125898366,0.5541283604557738
600,3.296904864,LRU,0.35,0.0,17.158438912,0.0,5.975364949333333,0.0,-0.769772570693994,3,19.0,0.1,1.9000000000000001,0.5876191082373203,0.9030210742951477
600,3.296904864,LRU,0.35,0.0,17.158438912,0.0,5.975364949333333,0.0,-0.769772570693994,3,19.0,0.2,3.8000000000000003,0.7390100517697753,0.9954800325494156
600,3.296904864,LRU,0.35,0.0,17.158438912,0.0,5.975364949333333,0.0,-0.769772570693994,3,19.0,0.28,5.32,0.797730905240213,0.9954800325494156
600,3.296904864,LRU,0.35,0.0,17.158438912,0.0,5.975364949333333,0.0,-0.769772570693994,3,19.0,0.5,9.5,0.8741343395027715,0.9954800325494156
600,3.296904864,LRU,0.35,0.0,17.158438912,0.0,5.975364949333333,0.0,-0.769772570693994,3,19.0,0.75,14.25,0.9111566578851858,0.9954800325494156
600,3.296904864,LRU,0.35,0.0,17.158438912,0.0,5.975364949333333,0.0,-0.769772570693994,3,19.0,1.0,19.0,0.9308692677470402,0.9954800325494156
600,3.296904864,LRU,0.5,0.0,17.158438912,0.0,8.599011328,0.0,-0.769772570693994,3,15.0,0.05,0.75,0.2819721252809497,0.33874637988094014
600,3.296904864,LRU,0.5,0.0,17.158438912,0.0,8.599011328,0.0,-0.769772570693994,3,15.0,0.1,1.5,0.43946478736150363,0.5948463497081546
600,3.296904864,LRU,0.5,0.0,17.158438912,0.0,8.599011328,0.0,-0.769772570693994,3,15.0,0.2,3.0,0.6097494687692732,0.956362103776245
600,3.296904864,LRU,0.5,0.0,17.158438912,0.0,8.599011328,0.0,-0.769772570693994,3,15.0,0.28,4.2,0.685658081301684,0.9954800325494156
600,3.296904864,LRU,0.5,0.0,17.158438912,0.0,8.599011328,0.0,-0.769772570693994,3,15.0,0.5,7.5,0.7944506504823308,0.9954800325494156
600,3.296904864,LRU,0.5,0.0,17.158438912,0.0,8.599011328,0.0,-0.769772570693994,3,15.0,0.75,11.25,0.851787948158352,0.9954800325494156
600,3.296904864,LRU,0.5,0.0,17.158438912,0.0,8.599011328,0.0,-0.769772570693994,3,15.0,1.0,15.0,0.8836764092579426,0.9954800325494156
600,3.296904864,LRU,0.5,0.0,17.158438912,0.0,8.599011328,0.0,-0.769772570693994,3,17.7,0.05,0.885,0.31658584099533393,0.3899681195009054
600,3.296904864,LRU,0.5,0.0,17.158438912,0.0,8.599011328,0.0,-0.769772570693994,3,17.7,0.1,1.77,0.4803949095136196,0.6723900740948533
600,3.296904864,LRU,0.5,0.0,17.158438912,0.0,8.599011328,0.0,-0.769772570693994,3,17.7,0.2,3.54,0.6480542849934321,0.9954800325494156
600,3.296904864,LRU,0.5,0.0,17.158438912,0.0,8.599011328,0.0,-0.769772570693994,3,17.7,0.28,4.956,0.7198325366904159,0.9954800325494156
600,3.296904864,LRU,0.5,0.0,17.158438912,0.0,8.599011328,0.0,-0.769772570693994,3,17.7,0.5,8.85,0.8197013331238937,0.9954800325494156
600,3.296904864,LRU,0.5,0.0,17.158438912,0.0,8.599011328,0.0,-0.769772570693994,3,17.7,0.75,13.274999999999999,0.8709654357102082,0.9954800325494156
600,3.296904864,LRU,0.5,0.0,17.158438912,0.0,8.599011328,0.0,-0.769772570693994,3,17.7,1.0,17.7,0.8990796459353181,0.9954800325494156
600,3.296904864,LRU,0.5,0.0,17.158438912,0.0,8.599011328,0.0,-0.769772570693994,3,19.0,0.05,0.9500000000000001,0.33208127253423814,0.41374934476390895
600,3.296904864,LRU,0.5,0.0,17.158438912,0.0,8.599011328,0.0,-0.769772570693994,3,19.0,0.1,1.9000000000000001,0.498026380741195,0.7074452318029069
600,3.296904864,LRU,0.5,0.0,17.158438912,0.0,8.599011328,0.0,-0.769772570693994,3,19.0,0.2,3.8000000000000003,0.663907852418767,0.9954800325494156
600,3.296904864,LRU,0.5,0.0,17.158438912,0.0,8.599011328,0.0,-0.769772570693994,3,19.0,0.28,5.32,0.733733653360512,0.9954800325494156
600,3.296904864,LRU,0.5,0.0,17.158438912,0.0,8.599011328,0.0,-0.769772570693994,3,19.0,0.5,9.5,0.8297257241648835,0.9954800325494156
600,3.296904864,LRU,0.5,0.0,17.158438912,0.0,8.599011328,0.0,-0.769772570693994,3,19.0,0.75,14.25,0.8784835879727859,0.9954800325494156
600,3.296904864,LRU,0.5,0.0,17.158438912,0.0,8.599011328,0.0,-0.769772570693994,3,19.0,1.0,19.0,0.9050764691709619,0.9954800325494156
600,3.296904864,LRU,0.75,0.0,17.158438912,0.0,12.853548373333334,0.0,-0.769772570693994,3,15.0,0.05,0.75,0.208155032021801,0.2375453317281431
600,3.296904864,LRU,0.75,0.0,17.158438912,0.0,12.853548373333334,0.0,-0.769772570693994,3,15.0,0.1,1.5,0.3443139605212568,0.4329121910992274
600,3.296904864,LRU,0.75,0.0,17.158438912,0.0,12.853548373333334,0.0,-0.769772570693994,3,15.0,0.2,3.0,0.5116572762673058,0.7352700667012237
600,3.296904864,LRU,0.75,0.0,17.158438912,0.0,12.853548373333334,0.0,-0.769772570693994,3,15.0,0.28,4.2,0.5941645926191461,0.9185717798444057
600,3.296904864,LRU,0.75,0.0,17.158438912,0.0,12.853548373333334,0.0,-0.769772570693994,3,15.0,0.5,7.5,0.7222836648005039,0.9954800325494156
600,3.296904864,LRU,0.75,0.0,17.158438912,0.0,12.853548373333334,0.0,-0.769772570693994,3,15.0,0.75,11.25,0.795010368831325,0.9954800325494156
600,3.296904864,LRU,0.75,0.0,17.158438912,0.0,12.853548373333334,0.0,-0.769772570693994,3,15.0,1.0,15.0,0.8371570167128152,0.9954800325494156
600,3.296904864,LRU,0.75,0.0,17.158438912,0.0,12.853548373333334,0.0,-0.769772570693994,3,17.7,0.05,0.885,0.23671350804094934,0.27547243967909535
600,3.296904864,LRU,0.75,0.0,17.158438912,0.0,12.853548373333334,0.0,-0.769772570693994,3,17.7,0.1,1.77,0.3824781788364022,0.495015328376644
600,3.296904864,LRU,0.75,0.0,17.158438912,0.0,12.853548373333334,0.0,-0.769772570693994,3,17.7,0.2,3.54,0.5526283551582915,0.8229466571074366
600,3.296904864,LRU,0.75,0.0,17.158438912,0.0,12.853548373333334,0.0,-0.769772570693994,3,17.7,0.28,4.956,0.6330972683858372,0.9954800325494156
600,3.296904864,LRU,0.75,0.0,17.158438912,0.0,12.853548373333334,0.0,-0.769772570693994,3,17.7,0.5,8.85,0.7538419325763619,0.9954800325494156
600,3.296904864,LRU,0.75,0.0,17.158438912,0.0,12.853548373333334,0.0,-0.769772570693994,3,17.7,0.75,13.274999999999999,0.8202062577342608,0.9954800325494156
600,3.296904864,LRU,0.75,0.0,17.158438912,0.0,12.853548373333334,0.0,-0.769772570693994,3,17.7,1.0,17.7,0.8579719531781838,0.9954800325494156
600,3.296904864,LRU,0.75,0.0,17.158438912,0.0,12.853548373333334,0.0,-0.769772570693994,3,19.0,0.05,0.9500000000000001,0.2497376582209587,0.29327120590611183
600,3.296904864,LRU,0.75,0.0,17.158438912,0.0,12.853548373333334,0.0,-0.769772570693994,3,19.0,0.1,1.9000000000000001,0.39930183128190044,0.5235650319463718
600,3.296904864,LRU,0.75,0.0,17.158438912,0.0,12.853548373333334,0.0,-0.769772570693994,3,19.0,0.2,3.8000000000000003,0.5699772994031711,0.8620191317052431
600,3.296904864,LRU,0.75,0.0,17.158438912,0.0,12.853548373333334,0.0,-0.769772570693994,3,19.0,0.28,5.32,0.6492687278655538,0.9954800325494156
600,3.296904864,LRU,0.75,0.0,17.158438912,0.0,12.853548373333334,0.0,-0.769772570693994,3,19.0,0.5,9.5,0.7665733371679933,0.9954800325494156
600,3.296904864,LRU,0.75,0.0,17.158438912,0.0,12.853548373333334,0.0,-0.769772570693994,3,19.0,0.75,14.25,0.8302076595063504,0.9954800325494156
600,3.296904864,LRU,0.75,0.0,17.158438912,0.0,12.853548373333334,0.0,-0.769772570693994,3,19.0,1.0,19.0,0.8661581581469263,0.9954800325494156
600,3.296904864,LRU,1.0,0.0,17.158438912,0.0,17.157390336,0.0,-0.769772570693994,3,15.0,0.05,0.75,0.16457253358459653,0.1824165308453189
600,3.296904864,LRU,1.0,0.0,17.158438912,0.0,17.157390336,0.0,-0.769772570693994,3,15.0,0.1,1.5,0.2824504265966307,0.3394369167946843
600,3.296904864,LRU,1.0,0.0,17.158438912,0.0,17.157390336,0.0,-0.769772570693994,3,15.0,0.2,3.0,0.44004547798305005,0.5959107603196133
600,3.296904864,LRU,1.0,0.0,17.158438912,0.0,17.157390336,0.0,-0.769772570693994,3,15.0,0.28,4.2,0.5234997962564867,0.7599756444877777
600,3.296904864,LRU,1.0,0.0,17.158438912,0.0,17.157390336,0.0,-0.769772570693994,3,15.0,0.5,7.5,0.6614976139652551,0.9954800325494156
600,3.296904864,LRU,1.0,0.0,17.158438912,0.0,17.157390336,0.0,-0.769772570693994,3,15.0,0.75,11.25,0.7447896396000321,0.9954800325494156
600,3.296904864,LRU,1.0,0.0,17.158438912,0.0,17.157390336,0.0,-0.769772570693994,3,15.0,1.0,15.0,0.7948298731327061,0.9954800325494156
600,3.296904864,LRU,1.0,0.0,17.158438912,0.0,17.157390336,0.0,-0.769772570693994,3,17.7,0.05,0.885,0.18858379614354456,0.21239116628126786
600,3.296904864,LRU,1.0,0.0,17.158438912,0.0,17.157390336,0.0,-0.769772570693994,3,17.7,0.1,1.77,0.3170967628164052,0.3907436380241935
600,3.296904864,LRU,1.0,0.0,17.158438912,0.0,17.157390336,0.0,-0.769772570693994,3,17.7,0.2,3.54,0.4809828985005218,0.67354253839955
600,3.296904864,LRU,1.0,0.0,17.158438912,0.0,17.157390336,0.0,-0.769772570693994,3,17.7,0.28,4.956,0.564313114042769,0.8491292052900039
600,3.296904864,LRU,1.0,0.0,17.158438912,0.0,17.157390336,0.0,-0.769772570693994,3,17.7,0.5,8.85,0.6971776259007171,0.9954800325494156
600,3.296904864,LRU,1.0,0.0,17.158438912,0.0,17.157390336,0.0,-0.769772570693994,3,17.7,0.75,13.274999999999999,0.7745433666379331,0.9954800325494156
600,3.296904864,LRU,1.0,0.0,17.158438912,0.0,17.157390336,0.0,-0.769772570693994,3,17.7,1.0,17.7,0.8200434414598039,0.9954800325494156
600,3.296904864,LRU,1.0,0.0,17.158438912,0.0,17.157390336,0.0,-0.769772570693994,3,19.0,0.05,0.9500000000000001,0.19965662569932047,0.22654108482165083
600,3.296904864,LRU,1.0,0.0,17.158438912,0.0,17.157390336,0.0,-0.769772570693994,3,19.0,0.1,1.9000000000000001,0.33260495003325485,0.4145625838476815
600,3.296904864,LRU,1.0,0.0,17.158438912,0.0,17.157390336,0.0,-0.769772570693994,3,19.0,0.2,3.8000000000000003,0.4986150597702297,0.7086336667949328
600,3.296904864,LRU,1.0,0.0,17.158438912,0.0,17.157390336,0.0,-0.769772570693994,3,19.0,0.28,5.32,0.5815471731880233,0.88876076263117
600,3.296904864,LRU,1.0,0.0,17.158438912,0.0,17.157390336,0.0,-0.769772570693994,3,19.0,0.5,9.5,0.7117709495325631,0.9954800325494156
600,3.296904864,LRU,1.0,0.0,17.158438912,0.0,17.157390336,0.0,-0.769772570693994,3,19.0,0.75,14.25,0.7864864437185277,0.9954800325494156
600,3.296904864,LRU,1.0,0.0,17.158438912,0.0,17.157390336,0.0,-0.769772570693994,3,19.0,1.0,19.0,0.830052259972144,0.9954800325494156
600,3.296904864,LRU,0.0,0.25,16.334241792,0.82419712,0.0,0.82419712,4.070653575401151,3,15.0,0.05,0.75,1.0119704440999993,1.024601376147656
600,3.296904864,LRU,0.0,0.25,16.334241792,0.82419712,0.0,0.82419712,4.070653575401151,3,15.0,0.1,1.5,1.0119704440999993,1.024601376147656
600,3.296904864,LRU,0.0,0.25,16.334241792,0.82419712,0.0,0.82419712,4.070653575401151,3,15.0,0.2,3.0,1.0119704440999993,1.024601376147656
600,3.296904864,LRU,0.0,0.25,16.334241792,0.82419712,0.0,0.82419712,4.070653575401151,3,15.0,0.28,4.2,1.0119704440999993,1.024601376147656
600,3.296904864,LRU,0.0,0.25,16.334241792,0.82419712,0.0,0.82419712,4.070653575401151,3,15.0,0.5,7.5,1.0119704440999993,1.024601376147656
600,3.296904864,LRU,0.0,0.25,16.334241792,0.82419712,0.0,0.82419712,4.070653575401151,3,15.0,0.75,11.25,1.0119704440999993,1.024601376147656
600,3.296904864,LRU,0.0,0.25,16.334241792,0.82419712,0.0,0.82419712,4.070653575401151,3,15.0,1.0,15.0,1.0119704440999993,1.024601376147656
600,3.296904864,LRU,0.0,0.25,16.334241792,0.82419712,0.0,0.82419712,4.070653575401151,3,17.7,0.05,0.885,1.0138770294225727,1.024601376147656
600,3.296904864,LRU,0.0,0.25,16.334241792,0.82419712,0.0,0.82419712,4.070653575401151,3,17.7,0.1,1.77,1.0138770294225727,1.024601376147656
600,3.296904864,LRU,0.0,0.25,16.334241792,0.82419712,0.0,0.82419712,4.070653575401151,3,17.7,0.2,3.54,1.0138770294225727,1.024601376147656
600,3.296904864,LRU,0.0,0.25,16.334241792,0.82419712,0.0,0.82419712,4.070653575401151,3,17.7,0.28,4.956,1.0138770294225727,1.024601376147656
600,3.296904864,LRU,0.0,0.25,16.334241792,0.82419712,0.0,0.82419712,4.070653575401151,3,17.7,0.5,8.85,1.0138770294225727,1.024601376147656
600,3.296904864,LRU,0.0,0.25,16.334241792,0.82419712,0.0,0.82419712,4.070653575401151,3,17.7,0.75,13.274999999999999,1.0138770294225727,1.024601376147656
600,3.296904864,LRU,0.0,0.25,16.334241792,0.82419712,0.0,0.82419712,4.070653575401151,3,17.7,1.0,17.7,1.0138770294225727,1.024601376147656
600,3.296904864,LRU,0.0,0.25,16.334241792,0.82419712,0.0,0.82419712,4.070653575401151,3,19.0,0.05,0.9500000000000001,1.014603640608503,1.024601376147656
600,3.296904864,LRU,0.0,0.25,16.334241792,0.82419712,0.0,0.82419712,4.070653575401151,3,19.0,0.1,1.9000000000000001,1.014603640608503,1.024601376147656
600,3.296904864,LRU,0.0,0.25,16.334241792,0.82419712,0.0,0.82419712,4.070653575401151,3,19.0,0.2,3.8000000000000003,1.014603640608503,1.024601376147656
600,3.296904864,LRU,0.0,0.25,16.334241792,0.82419712,0.0,0.82419712,4.070653575401151,3,19.0,0.28,5.32,1.014603640608503,1.024601376147656
600,3.296904864,LRU,0.0,0.25,16.334241792,0.82419712,0.0,0.82419712,4.070653575401151,3,19.0,0.5,9.5,1.014603640608503,1.024601376147656
600,3.296904864,LRU,0.0,0.25,16.334241792,0.82419712,0.0,0.82419712,4.070653575401151,3,19.0,0.75,14.25,1.014603640608503,1.024601376147656
600,3.296904864,LRU,0.0,0.25,16.334241792,0.82419712,0.0,0.82419712,4.070653575401151,3,19.0,1.0,19.0,1.014603640608503,1.024601376147656
600,3.296904864,LRU,0.02,0.25,14.152444586666666,3.0059943253333334,0.29085969066666667,0.82419712,16.88412741788772,3,15.0,0.05,0.75,0.9701032428708813,1.110606076921602
600,3.296904864,LRU,0.02,0.25,14.152444586666666,3.0059943253333334,0.29085969066666667,0.82419712,16.88412741788772,3,15.0,0.1,1.5,1.0123216214196422,1.110606076921602
600,3.296904864,LRU,0.02,0.25,14.152444586666666,3.0059943253333334,0.29085969066666667,0.82419712,16.88412741788772,3,15.0,0.2,3.0,1.0348394534672825,1.110606076921602
600,3.296904864,LRU,0.02,0.25,14.152444586666666,3.0059943253333334,0.29085969066666667,0.82419712,16.88412741788772,3,15.0,0.28,4.2,1.0414582937497359,1.110606076921602
600,3.296904864,LRU,0.02,0.25,14.152444586666666,3.0059943253333334,0.29085969066666667,0.82419712,16.88412741788772,3,15.0,0.5,7.5,1.048837502842832,1.110606076921602
600,3.296904864,LRU,0.02,0.25,14.152444586666666,3.0059943253333334,0.29085969066666667,0.82419712,16.88412741788772,3,15.0,0.75,11.25,1.05199976354883,1.110606076921602
600,3.296904864,LRU,0.02,0.25,14.152444586666666,3.0059943253333334,0.29085969066666667,0.82419712,16.88412741788772,3,15.0,1.0,15.0,1.05358805539521,1.110606076921602
600,3.296904864,LRU,0.02,0.25,14.152444586666666,3.0059943253333334,0.29085969066666667,0.82419712,16.88412741788772,3,17.7,0.05,0.885,0.9891928282496287,1.110606076921602
600,3.296904864,LRU,0.02,0.25,14.152444586666666,3.0059943253333334,0.29085969066666667,0.82419712,16.88412741788772,3,17.7,0.1,1.77,1.0261743861550272,1.110606076921602
600,3.296904864,LRU,0.02,0.25,14.152444586666666,3.0059943253333334,0.29085969066666667,0.82419712,16.88412741788772,3,17.7,0.2,3.54,1.0457218505443915,1.110606076921602
600,3.296904864,LRU,0.02,0.25,14.152444586666666,3.0059943253333334,0.29085969066666667,0.82419712,16.88412741788772,3,17.7,0.28,4.956,1.0514443731540053,1.110606076921602
600,3.296904864,LRU,0.02,0.25,14.152444586666666,3.0059943253333334,0.29085969066666667,0.82419712,16.88412741788772,3,17.7,0.5,8.85,1.0578119248301503,1.110606076921602
600,3.296904864,LRU,0.02,0.25,14.152444586666666,3.0059943253333334,0.29085969066666667,0.82419712,16.88412741788772,3,17.7,0.75,13.274999999999999,1.0605366704468422,1.110606076921602
600,3.296904864,LRU,0.02,0.25,14.152444586666666,3.0059943253333334,0.29085969066666667,0.82419712,16.88412741788772,3,17.7,1.0,17.7,1.0619043139081938,1.110606076921602
600,3.296904864,LRU,0.02,0.25,14.152444586666666,3.0059943253333334,0.29085969066666667,0.82419712,16.88412741788772,3,19.0,0.05,0.9500000000000001,0.9966476529235486,1.110606076921602
600,3.296904864,LRU,0.02,0.25,14.152444586666666,3.0059943253333334,0.29085969066666667,0.82419712,16.88412741788772,3,19.0,0.1,1.9000000000000001,1.03154002299337,1.110606076921602
600,3.296904864,LRU,0.02,0.25,14.152444586666666,3.0059943253333334,0.29085969066666667,0.82419712,16.88412741788772,3,19.0,0.2,3.8000000000000003,1.0499187108346602,1.110606076921602
600,3.296904864,LRU,0.02,0.25,14.152444586666666,3.0059943253333334,0.29085969066666667,0.82419712,16.88412741788772,3,19.0,0.28,5.32,1.0552906671387858,1.110606076921602
600,3.296904864,LRU,0.02,0.25,14.152444586666666,3.0059943253333334,0.29085969066666667,0.82419712,16.88412741788772,3,19.0,0.5,9.5,1.0612636707708534,1.110606076921602
600,3.296904864,LRU,0.02,0.25,14.152444586666666,3.0059943253333334,0.29085969066666667,0.82419712,16.88412741788772,3,19.0,0.75,14.25,1.063818148804467,1.110606076921602
600,3.296904864,LRU,0.02,0.25,14.152444586666666,3.0059943253333334,0.29085969066666667,0.82419712,16.88412741788772,3,19.0,1.0,19.0,1.0651000048789752,1.110606076921602
600,3.296904864,LRU,0.05,0.25,14.598438912,2.56,0.7371762346666666,0.82419712,14.264847950672976,3,15.0,0.05,0.75,0.853526839563376,1.0918710824071214
600,3.296904864,LRU,0.05,0.25,14.598438912,2.56,0.7371762346666666,0.82419712,14.264847950672976,3,15.0,0.1,1.5,0.9410410589955058,1.0918710824071214
600,3.296904864,LRU,0.05,0.25,14.598438912,2.56,0.7371762346666666,0.82419712,14.264847950672976,3,15.0,0.2,3.0,0.9918916098966277,1.0918710824071214
600,3.296904864,LRU,0.05,0.25,14.598438912,2.56,0.7371762346666666,0.82419712,14.264847950672976,3,15.0,0.28,4.2,1.007445557489802,1.0918710824071214
600,3.296904864,LRU,0.05,0.25,14.598438912,2.56,0.7371762346666666,0.82419712,14.264847950672976,3,15.0,0.5,7.5,1.0251282047008718,1.0918710824071214
600,3.296904864,LRU,0.05,0.25,14.598438912,2.56,0.7371762346666666,0.82419712,14.264847950672976,3,15.0,0.75,11.25,1.0328188708029047,1.0918710824071214
600,3.296904864,LRU,0.05,0.25,14.598438912,2.56,0.7371762346666666,0.82419712,14.264847950672976,3,15.0,1.0,15.0,1.0367076391841819,1.0918710824071214
600,3.296904864,LRU,0.05,0.25,14.598438912,2.56,0.7371762346666666,0.82419712,14.264847950672976,3,17.7,0.05,0.885,0.8829269227747994,1.0918710824071214
600,3.296904864,LRU,0.05,0.25,14.598438912,2.56,0.7371762346666666,0.82419712,14.264847950672976,3,17.7,0.1,1.77,0.9612975763066821,1.0918710824071214
600,3.296904864,LRU,0.05,0.25,14.598438912,2.56,0.7371762346666666,0.82419712,14.264847950672976,3,17.7,0.2,3.54,1.0059424768604406,1.0918710824071214
600,3.296904864,LRU,0.05,0.25,14.598438912,2.56,0.7371762346666666,0.82419712,14.264847950672976,3,17.7,0.28,4.956,1.01947006733382,1.0918710824071214
600,3.296904864,LRU,0.05,0.25,14.598438912,2.56,0.7371762346666666,0.82419712,14.264847950672976,3,17.7,0.5,8.85,1.034776949222806,1.0918710824071214
600,3.296904864,LRU,0.05,0.25,14.598438912,2.56,0.7371762346666666,0.82419712,14.264847950672976,3,17.7,0.75,13.274999999999999,1.0414105344679836,1.0918710824071214
600,3.296904864,LRU,0.05,0.25,14.598438912,2.56,0.7371762346666666,0.82419712,14.264847950672976,3,17.7,1.0,17.7,1.0447593238087123,1.0918710824071214
600,3.296904864,LRU,0.05,0.25,14.598438912,2.56,0.7371762346666666,0.82419712,14.264847950672976,3,19.0,0.05,0.9500000000000001,0.894640708609172,1.0918710824071214
600,3.296904864,LRU,0.05,0.25,14.598438912,2.56,0.7371762346666666,0.82419712,14.264847950672976,3,19.0,0.1,1.9000000000000001,0.9692280554964676,1.0918710824071214
600,3.296904864,LRU,0.05,0.25,14.598438912,2.56,0.7371762346666666,0.82419712,14.264847950672976,3,19.0,0.2,3.8000000000000003,1.0113884329300102,1.0918710824071214
600,3.296904864,LRU,0.05,0.25,14.598438912,2.56,0.7371762346666666,0.82419712,14.264847950672976,3,19.0,0.28,5.32,1.0241164221638759,1.0918710824071214
600,3.296904864,LRU,0.05,0.25,14.598438912,2.56,0.7371762346666666,0.82419712,14.264847950672976,3,19.0,0.5,9.5,1.038492414437518,1.0918710824071214
600,3.296904864,LRU,0.05,0.25,14.598438912,2.56,0.7371762346666666,0.82419712,14.264847950672976,3,19.0,0.75,14.25,1.04471398461829,1.0918710824071214
600,3.296904864,LRU,0.05,0.25,14.598438912,2.56,0.7371762346666666,0.82419712,14.264847950672976,3,19.0,1.0,19.0,1.047852808598698,1.0918710824071214
600,3.296904864,LRU,0.1,0.25,15.36393216,1.794506752,1.5075628373333332,0.82419712,9.769183694677409,3,15.0,0.05,0.75,0.7069422255186063,1.061146849735417
600,3.296904864,LRU,0.1,0.25,15.36393216,1.794506752,1.5075628373333332,0.82419712,9.769183694677409,3,15.0,0.1,1.5,0.8391223575001862,1.061146849735417
600,3.296904864,LRU,0.1,0.25,15.36393216,1.794506752,1.5075628373333332,0.82419712,9.769183694677409,3,15.0,0.2,3.0,0.9256597142946084,1.061146849735417
600,3.296904864,LRU,0.1,0.25,15.36393216,1.794506752,1.5075628373333332,0.82419712,9.769183694677409,3,15.0,0.28,4.2,0.9537625773517179,1.061146849735417
600,3.296904864,LRU,0.1,0.25,15.36393216,1.794506752,1.5075628373333332,0.82419712,9.769183694677409,3,15.0,0.5,7.5,0.9867147072239236,1.061146849735417
600,3.296904864,LRU,0.1,0.25,15.36393216,1.794506752,1.5075628373333332,0.82419712,9.769183694677409,3,15.0,0.75,11.25,1.0013925305531741,1.061146849735417
600,3.296904864,LRU,0.1,0.25,15.36393216,1.794506752,1.5075628373333332,0.82419712,9.769183694677409,3,15.0,1.0,15.0,1.0088964237029414,1.061146849735417
600,3.296904864,LRU,0.1,0.25,15.36393216,1.794506752,1.5075628373333332,0.82419712,9.769183694677409,3,17.7,0.05,0.885,0.7448692968654093,1.061146849735417
600,3.296904864,LRU,0.1,0.25,15.36393216,1.794506752,1.5075628373333332,0.82419712,9.769183694677409,3,17.7,0.1,1.77,0.8667872119460731,1.061146849735417
600,3.296904864,LRU,0.1,0.25,15.36393216,1.794506752,1.5075628373333332,0.82419712,9.769183694677409,3,17.7,0.2,3.54,0.9440465276944906,1.061146849735417
600,3.296904864,LRU,0.1,0.25,15.36393216,1.794506752,1.5075628373333332,0.82419712,9.769183694677409,3,17.7,0.28,4.956,0.9687164039900668,1.061146849735417
600,3.296904864,LRU,0.1,0.25,15.36393216,1.794506752,1.5075628373333332,0.82419712,9.769183694677409,3,17.7,0.5,8.85,0.9973865405104473,1.061146849735417
600,3.296904864,LRU,0.1,0.25,15.36393216,1.794506752,1.5075628373333332,0.82419712,9.769183694677409,3,17.7,0.75,13.274999999999999,1.0100688450745983,1.061146849735417
600,3.296904864,LRU,0.1,0.25,15.36393216,1.794506752,1.5075628373333332,0.82419712,9.769183694677409,3,17.7,1.0,17.7,1.0165317179541622,1.061146849735417
600,3.296904864,LRU,0.1,0.25,15.36393216,1.794506752,1.5075628373333332,0.82419712,9.769183694677409,3,19.0,0.05,0.9500000000000001,0.7603756923775694,1.061146849735417
600,3.296904864,LRU,0.1,0.25,15.36393216,1.794506752,1.5075628373333332,0.82419712,9.769183694677409,3,19.0,0.1,1.9000000000000001,0.8777876456340067,1.061146849735417
600,3.296904864,LRU,0.1,0.25,15.36393216,1.794506752,1.5075628373333332,0.82419712,9.769183694677409,3,19.0,0.2,3.8000000000000003,0.9512287246095983,1.061146849735417
600,3.296904864,LRU,0.1,0.25,15.36393216,1.794506752,1.5075628373333332,0.82419712,9.769183694677409,3,19.0,0.28,5.32,0.9745243423884762,1.061146849735417
600,3.296904864,LRU,0.1,0.25,15.36393216,1.794506752,1.5075628373333332,0.82419712,9.769183694677409,3,19.0,0.5,9.5,1.0015038860490597,1.061146849735417
600,3.296904864,LRU,0.1,0.25,15.36393216,1.794506752,1.5075628373333332,0.82419712,9.769183694677409,3,19.0,0.75,14.25,1.0134064262680154,1.061146849735417
600,3.296904864,LRU,0.1,0.25,15.36393216,1.794506752,1.5075628373333332,0.82419712,9.769183694677409,3,19.0,1.0,19.0,1.0194644238834498,1.061146849735417
600,3.296904864,LRU,0.2,0.25,16.334241792,0.82419712,3.267100672,0.82419712,4.070653575401151,3,15.0,0.05,0.75,0.5117859391457161,0.720406954204946
600,3.296904864,LRU,0.2,0.25,16.334241792,0.82419712,3.267100672,0.82419712,4.070653575401151,3,15.0,0.1,1.5,0.6797835268367948,1.024601376147656
600,3.296904864,LRU,0.2,0.25,16.334241792,0.82419712,3.267100672,0.82419712,4.070653575401151,3,15.0,0.2,3.0,0.8132634524439329,1.024601376147656
600,3.296904864,LRU,0.2,0.25,16.334241792,0.82419712,3.267100672,0.82419712,4.070653575401151,3,15.0,0.28,4.2,0.8616008652733576,1.024601376147656
600,3.296904864,LRU,0.2,0.25,16.334241792,0.82419712,3.267100672,0.82419712,4.070653575401151,3,15.0,0.5,7.5,0.921872903934134,1.024601376147656
600,3.296904864,LRU,0.2,0.25,16.334241792,0.82419712,3.267100672,0.82419712,4.070653575401151,3,15.0,0.75,11.25,0.9500683320402179,1.024601376147656
600,3.296904864,LRU,0.2,0.25,16.334241792,0.82419712,3.267100672,0.82419712,4.070653575401151,3,15.0,1.0,15.0,0.9648228569768468,1.024601376147656
600,3.296904864,LRU,0.2,0.25,16.334241792,0.82419712,3.267100672,0.82419712,4.070653575401151,3,17.7,0.05,0.885,0.5540894628978433,0.8071512942162498
600,3.296904864,LRU,0.2,0.25,16.334241792,0.82419712,3.267100672,0.82419712,4.070653575401151,3,17.7,0.1,1.77,0.7165696224105459,1.024601376147656
600,3.296904864,LRU,0.2,0.25,16.334241792,0.82419712,3.267100672,0.82419712,4.070653575401151,3,17.7,0.2,3.54,0.8396831874296031,1.024601376147656
600,3.296904864,LRU,0.2,0.25,16.334241792,0.82419712,3.267100672,0.82419712,4.070653575401151,3,17.7,0.28,4.956,0.8830297649407348,1.024601376147656
600,3.296904864,LRU,0.2,0.25,16.334241792,0.82419712,3.267100672,0.82419712,4.070653575401151,3,17.7,0.5,8.85,0.9361911868923906,1.024601376147656
600,3.296904864,LRU,0.2,0.25,16.334241792,0.82419712,3.267100672,0.82419712,4.070653575401151,3,17.7,0.75,13.274999999999999,0.9607290224774637,1.024601376147656
600,3.296904864,LRU,0.2,0.25,16.334241792,0.82419712,3.267100672,0.82419712,4.070653575401151,3,17.7,1.0,17.7,0.9734867032823259,1.024601376147656
600,3.296904864,LRU,0.2,0.25,16.334241792,0.82419712,3.267100672,0.82419712,4.070653575401151,3,19.0,0.05,0.9500000000000001,0.5720636728705027,0.845866570081083
600,3.296904864,LRU,0.2,0.25,16.334241792,0.82419712,3.267100672,0.82419712,4.070653575401151,3,19.0,0.1,1.9000000000000001,0.7316188847196085,1.024601376147656
600,3.296904864,LRU,0.2,0.25,16.334241792,0.82419712,3.267100672,0.82419712,4.070653575401151,3,19.0,0.2,3.8000000000000003,0.8501816615095723,1.024601376147656
600,3.296904864,LRU,0.2,0.25,16.334241792,0.82419712,3.267100672,0.82419712,4.070653575401151,3,19.0,0.28,5.32,0.8914575148897969,1.024601376147656
600,3.296904864,LRU,0.2,0.25,16.334241792,0.82419712,3.267100672,0.82419712,4.070653575401151,3,19.0,0.5,9.5,0.9417511678502778,1.024601376147656
600,3.296904864,LRU,0.2,0.25,16.334241792,0.82419712,3.267100672,0.82419712,4.070653575401151,3,19.0,0.75,14.25,0.9648443556134315,1.024601376147656
600,3.296904864,LRU,0.2,0.25,16.334241792,0.82419712,3.267100672,0.82419712,4.070653575401151,3,19.0,1.0,19.0,0.9768209317827669,1.024601376147656
600,3.296904864,LRU,0.35,0.25,16.334241792,0.82419712,5.760352256,0.82419712,4.070653575401151,3,15.0,0.05,0.75,0.3716147083649466,0.4705613204194277
600,3.296904864,LRU,0.35,0.25,16.334241792,0.82419712,5.760352256,0.82419712,4.070653575401151,3,15.0,0.1,1.5,0.5436067318129082,0.7850972554301869
600,3.296904864,LRU,0.35,0.25,16.334241792,0.82419712,5.760352256,0.82419712,4.070653575401151,3,15.0,0.2,3.0,0.7072795285590605,1.024601376147656
600,3.296904864,LRU,0.35,0.25,16.334241792,0.82419712,5.760352256,0.82419712,4.070653575401151,3,15.0,0.28,4.2,0.7738497966064449,1.024601376147656
600,3.296904864,LRU,0.35,0.25,16.334241792,0.82419712,5.760352256,0.82419712,4.070653575401151,3,15.0,0.5,7.5,0.8632224448125032,1.024601376147656
600,3.296904864,LRU,0.35,0.25,16.334241792,0.82419712,5.760352256,0.82419712,4.070653575401151,3,15.0,0.75,11.25,0.907696067117738,1.024601376147656
600,3.296904864,LRU,0.35,0.25,16.334241792,0.82419712,5.760352256,0.82419712,4.070653575401151,3,15.0,1.0,15.0,0.9316967934329199,1.024601376147656
600,3.296904864,LRU,0.35,0.25,16.334241792,0.82419712,5.760352256,0.82419712,4.070653575401151,3,17.7,0.05,0.885,0.4116321341216379,0.536620030281523
600,3.296904864,LRU,0.35,0.25,16.334241792,0.82419712,5.760352256,0.82419712,4.070653575401151,3,17.7,0.1,1.77,0.5855372606942584,0.875660086659817
600,3.296904864,LRU,0.35,0.25,16.334241792,0.82419712,5.760352256,0.82419712,4.070653575401151,3,17.7,0.2,3.54,0.7423502242756133,1.024601376147656
600,3.296904864,LRU,0.35,0.25,16.334241792,0.82419712,5.760352256,0.82419712,4.070653575401151,3,17.7,0.28,4.956,0.8038593339006189,1.024601376147656
600,3.296904864,LRU,0.35,0.25,16.334241792,0.82419712,5.760352256,0.82419712,4.070653575401151,3,17.7,0.5,8.85,0.8844728344136893,1.024601376147656
600,3.296904864,LRU,0.35,0.25,16.334241792,0.82419712,5.760352256,0.82419712,4.070653575401151,3,17.7,0.75,13.274999999999999,0.9237742004609111,1.024601376147656
600,3.296904864,LRU,0.35,0.25,16.334241792,0.82419712,5.760352256,0.82419712,4.070653575401151,3,17.7,1.0,17.7,0.944764405174642,1.024601376147656
600,3.296904864,LRU,0.35,0.25,16.334241792,0.82419712,5.760352256,0.82419712,4.070653575401151,3,19.0,0.05,0.9500000000000001,0.4292005991643082,0.5668692375470191
600,3.296904864,LRU,0.35,0.25,16.334241792,0.82419712,5.760352256,0.82419712,4.070653575401151,3,19.0,0.1,1.9000000000000001,0.6032237314000141,0.9158162414414586
600,3.296904864,LRU,0.35,0.25,16.334241792,0.82419712,5.760352256,0.82419712,4.070653575401151,3,19.0,0.2,3.8000000000000003,0.7566110013580336,1.024601376147656
600,3.296904864,LRU,0.35,0.25,16.334241792,0.82419712,5.760352256,0.82419712,4.070653575401151,3,19.0,0.28,5.32,0.8158861152403452,1.024601376147656
600,3.296904864,LRU,0.35,0.25,16.334241792,0.82419712,5.760352256,0.82419712,4.070653575401151,3,19.0,0.5,9.5,0.8928274981846609,1.024601376147656
600,3.296904864,LRU,0.35,0.25,16.334241792,0.82419712,5.760352256,0.82419712,4.070653575401151,3,19.0,0.75,14.25,0.9300361889727704,1.024601376147656
600,3.296904864,LRU,0.35,0.25,16.334241792,0.82419712,5.760352256,0.82419712,4.070653575401151,3,19.0,1.0,19.0,0.9498282917481174,1.024601376147656
600,3.296904864,LRU,0.5,0.25,16.334241792,0.82419712,8.189263872,0.82419712,4.070653575401151,3,15.0,0.05,0.75,0.2933448407224564,0.35172632569702944
600,3.296904864,LRU,0.5,0.25,16.334241792,0.82419712,8.189263872,0.82419712,4.070653575401151,3,15.0,0.1,1.5,0.45484230850897467,0.6124724283584585
600,3.296904864,LRU,0.5,0.25,16.334241792,0.82419712,8.189263872,0.82419712,4.070653575401151,3,15.0,0.2,3.0,0.6276015423490121,0.9732075454224244
600,3.296904864,LRU,0.5,0.25,16.334241792,0.82419712,8.189263872,0.82419712,4.070653575401151,3,15.0,0.28,4.2,0.704000086435033,1.024601376147656
600,3.296904864,LRU,0.5,0.25,16.334241792,0.82419712,8.189263872,0.82419712,4.070653575401151,3,15.0,0.5,7.5,0.8128430800650885,1.024601376147656
600,3.296904864,LRU,0.5,0.25,16.334241792,0.82419712,8.189263872,0.82419712,4.070653575401151,3,15.0,0.75,11.25,0.8699004033290693,1.024601376147656
600,3.296904864,LRU,0.5,0.25,16.334241792,0.82419712,8.189263872,0.82419712,4.070653575401151,3,15.0,1.0,15.0,0.9015421705551345,1.024601376147656
600,3.296904864,LRU,0.5,0.25,16.334241792,0.82419712,8.189263872,0.82419712,4.070653575401151,3,17.7,0.05,0.885,0.32918272469663046,0.40453256402721216
600,3.296904864,LRU,0.5,0.25,16.334241792,0.82419712,8.189263872,0.82419712,4.070653575401151,3,17.7,0.1,1.77,0.4970006762975733,0.6914519506396235
600,3.296904864,LRU,0.5,0.25,16.334241792,0.82419712,8.189263872,0.82419712,4.070653575401151,3,17.7,0.2,3.54,0.6670262820052867,1.024601376147656
600,3.296904864,LRU,0.5,0.25,16.334241792,0.82419712,8.189263872,0.82419712,4.070653575401151,3,17.7,0.28,4.956,0.7392870190961193,1.024601376147656
600,3.296904864,LRU,0.5,0.25,16.334241792,0.82419712,8.189263872,0.82419712,4.070653575401151,3,17.7,0.5,8.85,0.8393033929631726,1.024601376147656
600,3.296904864,LRU,0.5,0.25,16.334241792,0.82419712,8.189263872,0.82419712,4.070653575401151,3,17.7,0.75,13.274999999999999,0.8904081398561517,1.024601376147656
600,3.296904864,LRU,0.5,0.25,16.334241792,0.82419712,8.189263872,0.82419712,4.070653575401151,3,17.7,1.0,17.7,0.9183676025956414,1.024601376147656
600,3.296904864,LRU,0.5,0.25,16.334241792,0.82419712,8.189263872,0.82419712,4.070653575401151,3,19.0,0.05,0.9500000000000001,0.345214057243727,0.42901592381921816
600,3.296904864,LRU,0.5,0.25,16.334241792,0.82419712,8.189263872,0.82419712,4.070653575401151,3,19.0,0.1,1.9000000000000001,0.5151505820551241,0.7270916785815364
600,3.296904864,LRU,0.5,0.25,16.334241792,0.82419712,8.189263872,0.82419712,4.070653575401151,3,19.0,0.2,3.8000000000000003,0.6833433087109018,1.024601376147656
600,3.296904864,LRU,0.5,0.25,16.334241792,0.82419712,8.189263872,0.82419712,4.070653575401151,3,19.0,0.28,5.32,0.7536460749259708,1.024601376147656
600,3.296904864,LRU,0.5,0.25,16.334241792,0.82419712,8.189263872,0.82419712,4.070653575401151,3,19.0,0.5,9.5,0.849818941093149,1.024601376147656
600,3.296904864,LRU,0.5,0.25,16.334241792,0.82419712,8.189263872,0.82419712,4.070653575401151,3,19.0,0.75,14.25,0.898459400761531,1.024601376147656
600,3.296904864,LRU,0.5,0.25,16.334241792,0.82419712,8.189263872,0.82419712,4.070653575401151,3,19.0,1.0,19.0,0.92492914423319,1.024601376147656
600,3.296904864,LRU,0.75,0.25,16.334241792,0.82419712,12.323586048,0.82419712,4.070653575401151,3,15.0,0.05,0.75,0.21593222142753848,0.24598762152987483
600,3.296904864,LRU,0.75,0.25,16.334241792,0.82419712,12.323586048,0.82419712,4.070653575401151,3,15.0,0.1,1.5,0.3559191329219001,0.44567462966300864
600,3.296904864,LRU,0.75,0.25,16.334241792,0.82419712,12.323586048,0.82419712,4.070653575401151,3,15.0,0.2,3.0,0.5266209335271447,0.7501529588047628
600,3.296904864,LRU,0.75,0.25,16.334241792,0.82419712,12.323586048,0.82419712,4.070653575401151,3,15.0,0.28,4.2,0.6102431414251676,0.9320937229370291
600,3.296904864,LRU,0.75,0.25,16.334241792,0.82419712,12.323586048,0.82419712,4.070653575401151,3,15.0,0.5,7.5,0.7393921339733418,1.024601376147656
600,3.296904864,LRU,0.75,0.25,16.334241792,0.82419712,12.323586048,0.82419712,4.070653575401151,3,15.0,0.75,11.25,0.8123266144656298,1.024601376147656
600,3.296904864,LRU,0.75,0.25,16.334241792,0.82419712,12.323586048,0.82419712,4.070653575401151,3,15.0,1.0,15.0,0.8544695376604249,1.024601376147656
600,3.296904864,LRU,0.75,0.25,16.334241792,0.82419712,12.323586048,0.82419712,4.070653575401151,3,17.7,0.05,0.885,0.24548755933986152,0.285088022719569
600,3.296904864,LRU,0.75,0.25,16.334241792,0.82419712,12.323586048,0.82419712,4.070653575401151,3,17.7,0.1,1.77,0.39526948692162667,0.5091437281293406
600,3.296904864,LRU,0.75,0.25,16.334241792,0.82419712,12.323586048,0.82419712,4.070653575401151,3,17.7,0.2,3.54,0.5687906098809027,0.8387301290652165
600,3.296904864,LRU,0.75,0.25,16.334241792,0.82419712,12.323586048,0.82419712,4.070653575401151,3,17.7,0.28,4.956,0.6503637846194942,1.024601376147656
600,3.296904864,LRU,0.75,0.25,16.334241792,0.82419712,12.323586048,0.82419712,4.070653575401151,3,17.7,0.5,8.85,0.7721803591134859,1.024601376147656
600,3.296904864,LRU,0.75,0.25,16.334241792,0.82419712,12.323586048,0.82419712,4.070653575401151,3,17.7,0.75,13.274999999999999,0.838836713804777,1.024601376147656
600,3.296904864,LRU,0.75,0.25,16.334241792,0.82419712,12.323586048,0.82419712,4.070653575401151,3,17.7,1.0,17.7,0.8766749979048959,1.024601376147656
600,3.296904864,LRU,0.75,0.25,16.334241792,0.82419712,12.323586048,0.82419712,4.070653575401151,3,19.0,0.05,0.9500000000000001,0.2589607241906107,0.3034209030265622
600,3.296904864,LRU,0.75,0.25,16.334241792,0.82419712,12.323586048,0.82419712,4.070653575401151,3,19.0,0.1,1.9000000000000001,0.4126096816156628,0.5382825483005165
600,3.296904864,LRU,0.75,0.25,16.334241792,0.82419712,12.323586048,0.82419712,4.070653575401151,3,19.0,0.2,3.8000000000000003,0.5866471095787792,0.8781445577456055
600,3.296904864,LRU,0.75,0.25,16.334241792,0.82419712,12.323586048,0.82419712,4.070653575401151,3,19.0,0.28,5.32,0.6670335664142253,1.024601376147656
600,3.296904864,LRU,0.75,0.25,16.334241792,0.82419712,12.323586048,0.82419712,4.070653575401151,3,19.0,0.5,9.5,0.7854195683531315,1.024601376147656
600,3.296904864,LRU,0.75,0.25,16.334241792,0.82419712,12.323586048,0.82419712,4.070653575401151,3,19.0,0.75,14.25,0.8493732164652137,1.024601376147656
600,3.296904864,LRU,0.75,0.25,16.334241792,0.82419712,12.323586048,0.82419712,4.070653575401151,3,19.0,1.0,19.0,0.8854214206670611,1.024601376147656
600,3.296904864,LRU,1.0,0.25,16.334241792,0.82419712,16.333193216,0.82419712,4.070653575401151,3,15.0,0.05,0.75,0.17192936448383903,0.19045788879080308
600,3.296904864,LRU,1.0,0.25,16.334241792,0.82419712,16.333193216,0.82419712,4.070653575401151,3,15.0,0.1,1.5,0.29392256687440843,0.352557218749819
600,3.296904864,LRU,1.0,0.25,16.334241792,0.82419712,16.333193216,0.82419712,4.070653575401151,3,15.0,0.2,3.0,0.45553647661988433,0.613731776478357
600,3.296904864,LRU,1.0,0.25,16.334241792,0.82419712,16.333193216,0.82419712,4.070653575401151,3,15.0,0.28,4.2,0.5404398916324544,0.7785088406922693
600,3.296904864,LRU,1.0,0.25,16.334241792,0.82419712,16.333193216,0.82419712,4.070653575401151,3,15.0,0.5,7.5,0.6798150850222286,1.024601376147656
600,3.296904864,LRU,1.0,0.25,16.334241792,0.82419712,16.333193216,0.82419712,4.070653575401151,3,15.0,0.75,11.25,0.763330101136253,1.024601376147656
600,3.296904864,LRU,1.0,0.25,16.334241792,0.82419712,16.333193216,0.82419712,4.070653575401151,3,15.0,1.0,15.0,0.8132860361475764,1.024601376147656
600,3.296904864,LRU,1.0,0.25,16.334241792,0.82419712,16.333193216,0.82419712,4.070653575401151,3,17.7,0.05,0.885,0.1969285760126242,0.22162405442982203
600,3.296904864,LRU,1.0,0.25,16.334241792,0.82419712,16.333193216,0.82419712,4.070653575401151,3,17.7,0.1,1.77,0.32979919940878194,0.4054639600490563
600,3.296904864,LRU,1.0,0.25,16.334241792,0.82419712,16.333193216,0.82419712,4.070653575401151,3,17.7,0.2,3.54,0.4977029814590643,0.6928120670722493
600,3.296904864,LRU,1.0,0.25,16.334241792,0.82419712,16.333193216,0.82419712,4.070653575401151,3,17.7,0.28,4.956,0.5824219298819786,0.8687110783756966
600,3.296904864,LRU,1.0,0.25,16.334241792,0.82419712,16.333193216,0.82419712,4.070653575401151,3,17.7,0.5,8.85,0.7165993393021097,1.024601376147656
600,3.296904864,LRU,1.0,0.25,16.334241792,0.82419712,16.333193216,0.82419712,4.070653575401151,3,17.7,0.75,13.274999999999999,0.7942238159724246,1.024601376147656
600,3.296904864,LRU,1.0,0.25,16.334241792,0.82419712,16.333193216,0.82419712,4.070653575401151,3,17.7,1.0,17.7,0.8397035897730815,1.024601376147656
600,3.296904864,LRU,1.0,0.25,16.334241792,0.82419712,16.333193216,0.82419712,4.070653575401151,3,19.0,0.05,0.9500000000000001,0.20844969785768797,0.2363237746741028
600,3.296904864,LRU,1.0,0.25,16.334241792,0.82419712,16.333193216,0.82419712,4.070653575401151,3,19.0,0.1,1.9000000000000001,0.34584562370008043,0.4299917710990328
600,3.296904864,LRU,1.0,0.25,16.334241792,0.82419712,16.333193216,0.82419712,4.070653575401151,3,19.0,0.2,3.8000000000000003,0.515853458266163,0.7284926609146357
600,3.296904864,LRU,1.0,0.25,16.334241792,0.82419712,16.333193216,0.82419712,4.070653575401151,3,19.0,0.28,5.32,0.6001429230111681,0.9087339033881503
600,3.296904864,LRU,1.0,0.25,16.334241792,0.82419712,16.333193216,0.82419712,4.070653575401151,3,19.0,0.5,9.5,0.73164774331524,1.024601376147656
600,3.296904864,LRU,1.0,0.25,16.334241792,0.82419712,16.333193216,0.82419712,4.070653575401151,3,19.0,0.75,14.25,0.8066332249406033,1.024601376147656
600,3.296904864,LRU,1.0,0.25,16.334241792,0.82419712,16.333193216,0.82419712,4.070653575401151,3,19.0,1.0,19.0,0.8502011461175225,1.024601376147656
600,3.296904864,LRU,0.0,0.5,15.510028288,1.648410624,0.0,1.648410624,8.911175943067617,3,15.0,0.05,0.75,1.02901673965086,1.055478502911302
600,3.296904864,LRU,0.0,0.5,15.510028288,1.648410624,0.0,1.648410624,8.911175943067617,3,15.0,0.1,1.5,1.02901673965086,1.055478502911302
600,3.296904864,LRU,0.0,0.5,15.510028288,1.648410624,0.0,1.648410624,8.911175943067617,3,15.0,0.2,3.0,1.02901673965086,1.055478502911302
600,3.296904864,LRU,0.0,0.5,15.510028288,1.648410624,0.0,1.648410624,8.911175943067617,3,15.0,0.28,4.2,1.02901673965086,1.055478502911302
600,3.296904864,LRU,0.0,0.5,15.510028288,1.648410624,0.0,1.648410624,8.911175943067617,3,15.0,0.5,7.5,1.02901673965086,1.055478502911302
600,3.296904864,LRU,0.0,0.5,15.510028288,1.648410624,0.0,1.648410624,8.911175943067617,3,15.0,0.75,11.25,1.02901673965086,1.055478502911302
600,3.296904864,LRU,0.0,0.5,15.510028288,1.648410624,0.0,1.648410624,8.911175943067617,3,15.0,1.0,15.0,1.02901673965086,1.055478502911302
600,3.296904864,LRU,0.0,0.5,15.510028288,1.648410624,0.0,1.648410624,8.911175943067617,3,17.7,0.05,0.885,1.0329671882161457,1.055478502911302
600,3.296904864,LRU,0.0,0.5,15.510028288,1.648410624,0.0,1.648410624,8.911175943067617,3,17.7,0.1,1.77,1.0329671882161457,1.055478502911302
600,3.296904864,LRU,0.0,0.5,15.510028288,1.648410624,0.0,1.648410624,8.911175943067617,3,17.7,0.2,3.54,1.0329671882161457,1.055478502911302
600,3.296904864,LRU,0.0,0.5,15.510028288,1.648410624,0.0,1.648410624,8.911175943067617,3,17.7,0.28,4.956,1.0329671882161457,1.055478502911302
600,3.296904864,LRU,0.0,0.5,15.510028288,1.648410624,0.0,1.648410624,8.911175943067617,3,17.7,0.5,8.85,1.0329671882161457,1.055478502911302
600,3.296904864,LRU,0.0,0.5,15.510028288,1.648410624,0.0,1.648410624,8.911175943067617,3,17.7,0.75,13.274999999999999,1.0329671882161457,1.055478502911302
600,3.296904864,LRU,0.0,0.5,15.510028288,1.648410624,0.0,1.648410624,8.911175943067617,3,17.7,1.0,17.7,1.0329671882161457,1.055478502911302
600,3.296904864,LRU,0.0,0.5,15.510028288,1.648410624,0.0,1.648410624,8.911175943067617,3,19.0,0.05,0.9500000000000001,1.034476788499283,1.055478502911302
600,3.296904864,LRU,0.0,0.5,15.510028288,1.648410624,0.0,1.648410624,8.911175943067617,3,19.0,0.1,1.9000000000000001,1.034476788499283,1.055478502911302
600,3.296904864,LRU,0.0,0.5,15.510028288,1.648410624,0.0,1.648410624,8.911175943067617,3,19.0,0.2,3.8000000000000003,1.034476788499283,1.055478502911302
600,3.296904864,LRU,0.0,0.5,15.510028288,1.648410624,0.0,1.648410624,8.911175943067617,3,19.0,0.28,5.32,1.034476788499283,1.055478502911302
600,3.296904864,LRU,0.0,0.5,15.510028288,1.648410624,0.0,1.648410624,8.911175943067617,3,19.0,0.5,9.5,1.034476788499283,1.055478502911302
600,3.296904864,LRU,0.0,0.5,15.510028288,1.648410624,0.0,1.648410624,8.911175943067617,3,19.0,0.75,14.25,1.034476788499283,1.055478502911302
600,3.296904864,LRU,0.0,0.5,15.510028288,1.648410624,0.0,1.648410624,8.911175943067617,3,19.0,1.0,19.0,1.034476788499283,1.055478502911302
600,3.296904864,LRU,0.02,0.5,14.154902186666666,3.0035367253333334,0.29326267733333333,1.648410624,16.86969418218721,3,15.0,0.05,0.75,0.9693893372664235,1.1105010784309348
600,3.296904864,LRU,0.02,0.5,14.154902186666666,3.0035367253333334,0.29326267733333333,1.648410624,16.86969418218721,3,15.0,0.1,1.5,1.0119077964930352,1.1105010784309348
600,3.296904864,LRU,0.02,0.5,14.154902186666666,3.0035367253333334,0.29326267733333333,1.648410624,16.86969418218721,3,15.0,0.2,3.0,1.0345970666886508,1.1105010784309348
600,3.296904864,LRU,0.02,0.5,14.154902186666666,3.0035367253333334,0.29326267733333333,1.648410624,16.86969418218721,3,15.0,0.28,4.2,1.041267806194654,1.1105010784309348
600,3.296904864,LRU,0.02,0.5,14.154902186666666,3.0035367253333334,0.29326267733333333,1.648410624,16.86969418218721,3,15.0,0.5,7.5,1.0487056841170812,1.1105010784309348
600,3.296904864,LRU,0.02,0.5,14.154902186666666,3.0035367253333334,0.29326267733333333,1.648410624,16.86969418218721,3,15.0,0.75,11.25,1.051893347172606,1.1105010784309348
600,3.296904864,LRU,0.02,0.5,14.154902186666666,3.0035367253333334,0.29326267733333333,1.648410624,16.86969418218721,3,15.0,1.0,15.0,1.053494456716368,1.1105010784309348
600,3.296904864,LRU,0.02,0.5,14.154902186666666,3.0035367253333334,0.29326267733333333,1.648410624,16.86969418218721,3,17.7,0.05,0.885,0.9885510248231969,1.1105010784309348
600,3.296904864,LRU,0.02,0.5,14.154902186666666,3.0035367253333334,0.29326267733333333,1.648410624,16.86969418218721,3,17.7,0.1,1.77,1.0258003370750066,1.1105010784309348
600,3.296904864,LRU,0.02,0.5,14.154902186666666,3.0035367253333334,0.29326267733333333,1.648410624,16.86969418218721,3,17.7,0.2,3.54,1.045497892630197,1.1105010784309348
600,3.296904864,LRU,0.02,0.5,14.154902186666666,3.0035367253333334,0.29326267733333333,1.648410624,16.86969418218721,3,17.7,0.28,4.956,1.0512654756470572,1.1105010784309348
600,3.296904864,LRU,0.02,0.5,14.154902186666666,3.0035367253333334,0.29326267733333333,1.648410624,16.86969418218721,3,17.7,0.5,8.85,1.0576837638639336,1.1105010784309348
600,3.296904864,LRU,0.02,0.5,14.154902186666666,3.0035367253333334,0.29326267733333333,1.648410624,16.86969418218721,3,17.7,0.75,13.274999999999999,1.060430412358382,1.1105010784309348
600,3.296904864,LRU,0.02,0.5,14.154902186666666,3.0035367253333334,0.29326267733333333,1.648410624,16.86969418218721,3,17.7,1.0,17.7,1.061809093040847,1.1105010784309348
600,3.296904864,LRU,0.02,0.5,14.154902186666666,3.0035367253333334,0.29326267733333333,1.648410624,16.86969418218721,3,19.0,0.05,0.9500000000000001,0.996034913592783,1.1105010784309348
600,3.296904864,LRU,0.02,0.5,14.154902186666666,3.0035367253333334,0.29326267733333333,1.648410624,16.86969418218721,3,19.0,0.1,1.9000000000000001,1.0311817111246782,1.1105010784309348
600,3.296904864,LRU,0.02,0.5,14.154902186666666,3.0035367253333334,0.29326267733333333,1.648410624,16.86969418218721,3,19.0,0.2,3.8000000000000003,1.0497019770065235,1.1105010784309348
600,3.296904864,LRU,0.02,0.5,14.154902186666666,3.0035367253333334,0.29326267733333333,1.648410624,16.86969418218721,3,19.0,0.28,5.32,1.0551163017937837,1.1105010784309348
600,3.296904864,LRU,0.02,0.5,14.154902186666666,3.0035367253333334,0.29326267733333333,1.648410624,16.86969418218721,3,19.0,0.5,9.5,1.0611369382876152,1.1105010784309348
600,3.296904864,LRU,0.02,0.5,14.154902186666666,3.0035367253333334,0.29326267733333333,1.648410624,16.86969418218721,3,19.0,0.75,14.25,1.0637119559374535,1.1105010784309348
600,3.296904864,LRU,0.02,0.5,14.154902186666666,3.0035367253333334,0.29326267733333333,1.648410624,16.86969418218721,3,19.0,1.0,19.0,1.065004156973157,1.1105010784309348
600,3.296904864,LRU,0.05,0.5,14.593895082666666,2.5645438293333336,0.7336864426666666,1.648410624,14.291533399790367,3,15.0,0.05,0.75,0.8543448953966293,1.092058768551632
600,3.296904864,LRU,0.05,0.5,14.593895082666666,2.5645438293333336,0.7336864426666666,1.648410624,14.291533399790367,3,15.0,0.1,1.5,0.9415780529433198,1.092058768551632
600,3.296904864,LRU,0.05,0.5,14.593895082666666,2.5645438293333336,0.7336864426666666,1.648410624,14.291533399790367,3,15.0,0.2,3.0,0.9922342499397525,1.092058768551632
600,3.296904864,LRU,0.05,0.5,14.593895082666666,2.5645438293333336,0.7336864426666666,1.648410624,14.291533399790367,3,15.0,0.28,4.2,1.007724195694912,1.092058768551632
600,3.296904864,LRU,0.05,0.5,14.593895082666666,2.5645438293333336,0.7336864426666666,1.648410624,14.291533399790367,3,15.0,0.5,7.5,1.0253314916601757,1.092058768551632
600,3.296904864,LRU,0.05,0.5,14.593895082666666,2.5645438293333336,0.7336864426666666,1.648410624,14.291533399790367,3,15.0,0.75,11.25,1.0329885255887192,1.092058768551632
600,3.296904864,LRU,0.05,0.5,14.593895082666666,2.5645438293333336,0.7336864426666666,1.648410624,14.291533399790367,3,15.0,1.0,15.0,1.0368600895411317,1.092058768551632
600,3.296904864,LRU,0.05,0.5,14.593895082666666,2.5645438293333336,0.7336864426666666,1.648410624,14.291533399790367,3,17.7,0.05,0.885,0.8836874347307794,1.092058768551632
600,3.296904864,LRU,0.05,0.5,14.593895082666666,2.5645438293333336,0.7336864426666666,1.648410624,14.291533399790367,3,17.7,0.1,1.77,0.9617946327469491,1.092058768551632
600,3.296904864,LRU,0.05,0.5,14.593895082666666,2.5645438293333336,0.7336864426666666,1.648410624,14.291533399790367,3,17.7,0.2,3.54,1.0062654321949591,1.092058768551632
600,3.296904864,LRU,0.05,0.5,14.593895082666666,2.5645438293333336,0.7336864426666666,1.648410624,14.291533399790367,3,17.7,0.28,4.956,1.01973682960593,1.092058768551632
600,3.296904864,LRU,0.05,0.5,14.593895082666666,2.5645438293333336,0.7336864426666666,1.648410624,14.291533399790367,3,17.7,0.5,8.85,1.0349781987305906,1.092058768551632
600,3.296904864,LRU,0.05,0.5,14.593895082666666,2.5645438293333336,0.7336864426666666,1.648410624,14.291533399790367,3,17.7,0.75,13.274999999999999,1.0415827566583766,1.092058768551632
600,3.296904864,LRU,0.05,0.5,14.593895082666666,2.5645438293333336,0.7336864426666666,1.648410624,14.291533399790367,3,17.7,1.0,17.7,1.0449167462965614,1.092058768551632
600,3.296904864,LRU,0.05,0.5,14.593895082666666,2.5645438293333336,0.7336864426666666,1.648410624,14.291533399790367,3,19.0,0.05,0.9500000000000001,0.8953767078306587,1.092058768551632
600,3.296904864,LRU,0.05,0.5,14.593895082666666,2.5645438293333336,0.7336864426666666,1.648410624,14.291533399790367,3,19.0,0.1,1.9000000000000001,0.9697088866536935,1.092058768551632
600,3.296904864,LRU,0.05,0.5,14.593895082666666,2.5645438293333336,0.7336864426666666,1.648410624,14.291533399790367,3,19.0,0.2,3.8000000000000003,1.0117035746836573,1.092058768551632
600,3.296904864,LRU,0.05,0.5,14.593895082666666,2.5645438293333336,0.7336864426666666,1.648410624,14.291533399790367,3,19.0,0.28,5.32,1.0243784995593213,1.092058768551632
600,3.296904864,LRU,0.05,0.5,14.593895082666666,2.5645438293333336,0.7336864426666666,1.648410624,14.291533399790367,3,19.0,0.5,9.5,1.0386928597385967,1.092058768551632
600,3.296904864,LRU,0.05,0.5,14.593895082666666,2.5645438293333336,0.7336864426666666,1.648410624,14.291533399790367,3,19.0,0.75,14.25,1.0448871990404414,1.092058768551632
600,3.296904864,LRU,0.05,0.5,14.593895082666666,2.5645438293333336,0.7336864426666666,1.648410624,14.291533399790367,3,19.0,1.0,19.0,1.0480121569293945,1.092058768551632
600,3.296904864,LRU,0.1,0.5,15.357984768,1.800454144,1.5064869546666668,1.648410624,9.80411212507265,3,15.0,0.05,0.75,0.7071602697493867,1.0613788910553448
600,3.296904864,LRU,0.1,0.5,15.357984768,1.800454144,1.5064869546666668,1.648410624,9.80411212507265,3,15.0,0.1,1.5,0.8393175436998963,1.0613788910553448
600,3.296904864,LRU,0.1,0.5,15.357984768,1.800454144,1.5064869546666668,1.648410624,9.80411212507265,3,15.0,0.2,3.0,0.925829083637663,1.0613788910553448
600,3.296904864,LRU,0.1,0.5,15.357984768,1.800454144,1.5064869546666668,1.648410624,9.80411212507265,3,15.0,0.28,4.2,0.9539217158122703,1.0613788910553448
600,3.296904864,LRU,0.1,0.5,15.357984768,1.800454144,1.5064869546666668,1.648410624,9.80411212507265,3,15.0,0.5,7.5,0.9868606961689194,1.0613788910553448
600,3.296904864,LRU,0.1,0.5,15.357984768,1.800454144,1.5064869546666668,1.648410624,9.80411212507265,3,15.0,0.75,11.25,1.001532261605817,1.0613788910553448
600,3.296904864,LRU,0.1,0.5,15.357984768,1.800454144,1.5064869546666668,1.648410624,9.80411212507265,3,15.0,1.0,15.0,1.0090328600651013,1.0613788910553448
600,3.296904864,LRU,0.1,0.5,15.357984768,1.800454144,1.5064869546666668,1.648410624,9.80411212507265,3,17.7,0.05,0.885,0.7450918791809005,1.0613788910553448
600,3.296904864,LRU,0.1,0.5,15.357984768,1.800454144,1.5064869546666668,1.648410624,9.80411212507265,3,17.7,0.1,1.77,0.8669873279037842,1.0613788910553448
600,3.296904864,LRU,0.1,0.5,15.357984768,1.800454144,1.5064869546666668,1.648410624,9.80411212507265,3,17.7,0.2,3.54,0.9442238347330899,1.0613788910553448
600,3.296904864,LRU,0.1,0.5,15.357984768,1.800454144,1.5064869546666668,1.648410624,9.80411212507265,3,17.7,0.28,4.956,0.9688850272881976,1.0613788910553448
600,3.296904864,LRU,0.1,0.5,15.357984768,1.800454144,1.5064869546666668,1.648410624,9.80411212507265,3,17.7,0.5,8.85,0.9975442202814614,1.0613788910553448
600,3.296904864,LRU,0.1,0.5,15.357984768,1.800454144,1.5064869546666668,1.648410624,9.80411212507265,3,17.7,0.75,13.274999999999999,1.010221391878264,1.0613788910553448
600,3.296904864,LRU,0.1,0.5,15.357984768,1.800454144,1.5064869546666668,1.648410624,9.80411212507265,3,17.7,1.0,17.7,1.0166815801026183,1.0613788910553448
600,3.296904864,LRU,0.1,0.5,15.357984768,1.800454144,1.5064869546666668,1.648410624,9.80411212507265,3,19.0,0.05,0.9500000000000001,0.7605999201282735,1.0613788910553448
600,3.296904864,LRU,0.1,0.5,15.357984768,1.800454144,1.5064869546666668,1.648410624,9.80411212507265,3,19.0,0.1,1.9000000000000001,0.8779896951230761,1.0613788910553448
600,3.296904864,LRU,0.1,0.5,15.357984768,1.800454144,1.5064869546666668,1.648410624,9.80411212507265,3,19.0,0.2,3.8000000000000003,0.9514091806423196,1.0613788910553448
600,3.296904864,LRU,0.1,0.5,15.357984768,1.800454144,1.5064869546666668,1.648410624,9.80411212507265,3,19.0,0.28,5.32,0.9746967077270822,1.0613788910553448
600,3.296904864,LRU,0.1,0.5,15.357984768,1.800454144,1.5064869546666668,1.648410624,9.80411212507265,3,19.0,0.5,9.5,1.0016661342108952,1.0613788910553448
600,3.296904864,LRU,0.1,0.5,15.357984768,1.800454144,1.5064869546666668,1.648410624,9.80411212507265,3,19.0,0.75,14.25,1.0135639561693115,1.0613788910553448
600,3.296904864,LRU,0.1,0.5,15.357984768,1.800454144,1.5064869546666668,1.648410624,9.80411212507265,3,19.0,1.0,19.0,1.019619492426298,1.0613788910553448
600,3.296904864,LRU,0.2,0.5,15.510028288,1.648410624,3.0944733866666665,1.648410624,8.911175943067617,3,15.0,0.05,0.75,0.530070138210439,0.7411486871801628
600,3.296904864,LRU,0.2,0.5,15.510028288,1.648410624,3.0944733866666665,1.648410624,8.911175943067617,3,15.0,0.1,1.5,0.6997057741334048,1.055478502911302
600,3.296904864,LRU,0.2,0.5,15.510028288,1.648410624,3.0944733866666665,1.648410624,8.911175943067617,3,15.0,0.2,3.0,0.8329954040310376,1.055478502911302
600,3.296904864,LRU,0.2,0.5,15.510028288,1.648410624,3.0944733866666665,1.648410624,8.911175943067617,3,15.0,0.28,4.2,0.8809422798174976,1.055478502911302
600,3.296904864,LRU,0.2,0.5,15.510028288,1.648410624,3.0944733866666665,1.648410624,8.911175943067617,3,15.0,0.5,7.5,0.9404899175866892,1.055478502911302
600,3.296904864,LRU,0.2,0.5,15.510028288,1.648410624,3.0944733866666665,1.648410624,8.911175943067617,3,15.0,0.75,11.25,0.9682564454963067,1.055478502911302
600,3.296904864,LRU,0.2,0.5,15.510028288,1.648410624,3.0944733866666665,1.648410624,8.911175943067617,3,15.0,1.0,15.0,0.9827637445277584,1.055478502911302
600,3.296904864,LRU,0.2,0.5,15.510028288,1.648410624,3.0944733866666665,1.648410624,8.911175943067617,3,17.7,0.05,0.885,0.5736282037810742,0.8291849285986714
600,3.296904864,LRU,0.2,0.5,15.510028288,1.648410624,3.0944733866666665,1.648410624,8.911175943067617,3,17.7,0.1,1.77,0.7376332780397266,1.055478502911302
600,3.296904864,LRU,0.2,0.5,15.510028288,1.648410624,3.0944733866666665,1.648410624,8.911175943067617,3,17.7,0.2,3.54,0.8606695724672243,1.055478502911302
600,3.296904864,LRU,0.2,0.5,15.510028288,1.648410624,3.0944733866666665,1.648410624,8.911175943067617,3,17.7,0.28,4.956,0.9037388564838053,1.055478502911302
600,3.296904864,LRU,0.2,0.5,15.510028288,1.648410624,3.0944733866666665,1.648410624,8.911175943067617,3,17.7,0.5,8.85,0.9563837274966642,1.055478502911302
600,3.296904864,LRU,0.2,0.5,15.510028288,1.648410624,3.0944733866666665,1.648410624,8.911175943067617,3,17.7,0.75,13.274999999999999,0.9806178329444913,1.055478502911302
600,3.296904864,LRU,0.2,0.5,15.510028288,1.648410624,3.0944733866666665,1.648410624,8.911175943067617,3,17.7,1.0,17.7,0.993201352305331,1.055478502911302
600,3.296904864,LRU,0.2,0.5,15.510028288,1.648410624,3.0944733866666665,1.648410624,8.911175943067617,3,19.0,0.05,0.9500000000000001,0.5921236537784333,0.868394345349018
600,3.296904864,LRU,0.2,0.5,15.510028288,1.648410624,3.0944733866666665,1.648410624,8.911175943067617,3,19.0,0.1,1.9000000000000001,0.753151369979271,1.055478502911302
600,3.296904864,LRU,0.2,0.5,15.510028288,1.648410624,3.0944733866666665,1.648410624,8.911175943067617,3,19.0,0.2,3.8000000000000003,0.8716774870374572,1.055478502911302
600,3.296904864,LRU,0.2,0.5,15.510028288,1.648410624,3.0944733866666665,1.648410624,8.911175943067617,3,19.0,0.28,5.32,0.9127167708223496,1.055478502911302
600,3.296904864,LRU,0.2,0.5,15.510028288,1.648410624,3.0944733866666665,1.648410624,8.911175943067617,3,19.0,0.5,9.5,0.9625670529979886,1.055478502911302
600,3.296904864,LRU,0.2,0.5,15.510028288,1.648410624,3.0944733866666665,1.648410624,8.911175943067617,3,19.0,0.75,14.25,0.9853997995405792,1.055478502911302
600,3.296904864,LRU,0.2,0.5,15.510028288,1.648410624,3.0944733866666665,1.648410624,8.911175943067617,3,19.0,1.0,19.0,0.997227254614519,1.055478502911302
600,3.296904864,LRU,0.35,0.5,15.510028288,1.648410624,5.472692906666667,1.648410624,8.911175943067617,3,15.0,0.05,0.75,0.38616658729215647,0.4872652914173339
600,3.296904864,LRU,0.35,0.5,15.510028288,1.648410624,5.472692906666667,1.648410624,8.911175943067617,3,15.0,0.1,1.5,0.5615836125992948,0.8042510312443509
600,3.296904864,LRU,0.35,0.5,15.510028288,1.648410624,5.472692906666667,1.648410624,8.911175943067617,3,15.0,0.2,3.0,0.726617389793454,1.055478502911302
600,3.296904864,LRU,0.35,0.5,15.510028288,1.648410624,5.472692906666667,1.648410624,8.911175943067617,3,15.0,0.28,4.2,0.7932187904401579,1.055478502911302
600,3.296904864,LRU,0.35,0.5,15.510028288,1.648410624,5.472692906666667,1.648410624,8.911175943067617,3,15.0,0.5,7.5,0.8821633231790975,1.055478502911302
600,3.296904864,LRU,0.35,0.5,15.510028288,1.648410624,5.472692906666667,1.648410624,8.911175943067617,3,15.0,0.75,11.25,0.9262245566943597,1.055478502911302
600,3.296904864,LRU,0.35,0.5,15.510028288,1.648410624,5.472692906666667,1.648410624,8.911175943067617,3,15.0,1.0,15.0,0.9499479869135582,1.055478502911302
600,3.296904864,LRU,0.35,0.5,15.510028288,1.648410624,5.472692906666667,1.648410624,8.911175943067617,3,17.7,0.05,0.885,0.42752155417618276,0.5550074902755492
600,3.296904864,LRU,0.35,0.5,15.510028288,1.648410624,5.472692906666667,1.648410624,8.911175943067617,3,17.7,0.1,1.77,0.6047506220360002,0.8958259348327084
600,3.296904864,LRU,0.35,0.5,15.510028288,1.648410624,5.472692906666667,1.648410624,8.911175943067617,3,17.7,0.2,3.54,0.7628756867708658,1.055478502911302
600,3.296904864,LRU,0.35,0.5,15.510028288,1.648410624,5.472692906666667,1.648410624,8.911175943067617,3,17.7,0.28,4.956,0.8244685574612229,1.055478502911302
600,3.296904864,LRU,0.35,0.5,15.510028288,1.648410624,5.472692906666667,1.648410624,8.911175943067617,3,17.7,0.5,8.85,0.9048276899627637,1.055478502911302
600,3.296904864,LRU,0.35,0.5,15.510028288,1.648410624,5.472692906666667,1.648410624,8.911175943067617,3,17.7,0.75,13.274999999999999,0.9438561155338127,1.055478502911302
600,3.296904864,LRU,0.35,0.5,15.510028288,1.648410624,5.472692906666667,1.648410624,8.911175943067617,3,17.7,1.0,17.7,0.9646607339568507,1.055478502911302
600,3.296904864,LRU,0.35,0.5,15.510028288,1.648410624,5.472692906666667,1.648410624,8.911175943067617,3,19.0,0.05,0.9500000000000001,0.4456632139252927,0.58597378521489
600,3.296904864,LRU,0.35,0.5,15.510028288,1.648410624,5.472692906666667,1.648410624,8.911175943067617,3,19.0,0.1,1.9000000000000001,0.6229522201122979,0.9363526626576321
600,3.296904864,LRU,0.35,0.5,15.510028288,1.648410624,5.472692906666667,1.648410624,8.911175943067617,3,19.0,0.2,3.8000000000000003,0.7776255980823015,1.055478502911302
600,3.296904864,LRU,0.35,0.5,15.510028288,1.648410624,5.472692906666667,1.648410624,8.911175943067617,3,19.0,0.28,5.32,0.8370027957006339,1.055478502911302
600,3.296904864,LRU,0.35,0.5,15.510028288,1.648410624,5.472692906666667,1.648410624,8.911175943067617,3,19.0,0.5,9.5,0.913751284708642,1.055478502911302
600,3.296904864,LRU,0.35,0.5,15.510028288,1.648410624,5.472692906666667,1.648410624,8.911175943067617,3,19.0,0.75,14.25,0.950735528641733,1.055478502911302
600,3.296904864,LRU,0.35,0.5,15.510028288,1.648410624,5.472692906666667,1.648410624,8.911175943067617,3,19.0,1.0,19.0,0.9703735486534152,1.055478502911302
600,3.296904864,LRU,0.5,0.5,15.510028288,1.648410624,7.80517376,1.648410624,8.911175943067617,3,15.0,0.05,0.75,0.3049665060058544,0.3647288592213681
600,3.296904864,LRU,0.5,0.5,15.510028288,1.648410624,7.80517376,1.648410624,8.911175943067617,3,15.0,0.1,1.5,0.4704941246220354,0.6296677326024198
600,3.296904864,LRU,0.5,0.5,15.510028288,1.648410624,7.80517376,1.648410624,8.911175943067617,3,15.0,0.2,3.0,0.6457390095379032,0.988799469567652
600,3.296904864,LRU,0.5,0.5,15.510028288,1.648410624,7.80517376,1.648410624,8.911175943067617,3,15.0,0.28,4.2,0.722642608909817,1.055478502911302
600,3.296904864,LRU,0.5,0.5,15.510028288,1.648410624,7.80517376,1.648410624,8.911175943067617,3,15.0,0.5,7.5,0.8315827117018092,1.055478502911302
600,3.296904864,LRU,0.5,0.5,15.510028288,1.648410624,7.80517376,1.648410624,8.911175943067617,3,15.0,0.75,11.25,0.8884008887508047,1.055478502911302
600,3.296904864,LRU,0.5,0.5,15.510028288,1.648410624,7.80517376,1.648410624,8.911175943067617,3,15.0,1.0,15.0,0.9198245545254865,1.055478502911302
600,3.296904864,LRU,0.5,0.5,15.510028288,1.648410624,7.80517376,1.648410624,8.911175943067617,3,17.7,0.05,0.885,0.3420698968220745,0.41909510105987113
600,3.296904864,LRU,0.5,0.5,15.510028288,1.648410624,7.80517376,1.648410624,8.911175943067617,3,17.7,0.1,1.77,0.5139453813114631,0.7100022800179826
600,3.296904864,LRU,0.5,0.5,15.510028288,1.648410624,7.80517376,1.648410624,8.911175943067617,3,17.7,0.2,3.54,0.6863849009800185,1.055478502911302
600,3.296904864,LRU,0.5,0.5,15.510028288,1.648410624,7.80517376,1.648410624,8.911175943067617,3,17.7,0.28,4.956,0.7591604271454587,1.055478502911302
600,3.296904864,LRU,0.5,0.5,15.510028288,1.648410624,7.80517376,1.648410624,8.911175943067617,3,17.7,0.5,8.85,0.8593912368399412,1.055478502911302
600,3.296904864,LRU,0.5,0.5,15.510028288,1.648410624,7.80517376,1.648410624,8.911175943067617,3,17.7,0.75,13.274999999999999,0.9103837317820705,1.055478502911302
600,3.296904864,LRU,0.5,0.5,15.510028288,1.648410624,7.80517376,1.648410624,8.911175943067617,3,17.7,1.0,17.7,0.9382186141294443,1.055478502911302
600,3.296904864,LRU,0.5,0.5,15.510028288,1.648410624,7.80517376,1.648410624,8.911175943067617,3,19.0,0.05,0.9500000000000001,0.3586564981767335,0.44426727687976597
600,3.296904864,LRU,0.5,0.5,15.510028288,1.648410624,7.80517376,1.648410624,8.911175943067617,3,19.0,0.1,1.9000000000000001,0.5326436830656966,0.7461896814695747
600,3.296904864,LRU,0.5,0.5,15.510028288,1.648410624,7.80517376,1.648410624,8.911175943067617,3,19.0,0.2,3.8000000000000003,0.70321017007962,1.055478502911302
600,3.296904864,LRU,0.5,0.5,15.510028288,1.648410624,7.80517376,1.648410624,8.911175943067617,3,19.0,0.28,5.32,0.7740285270551392,1.055478502911302
600,3.296904864,LRU,0.5,0.5,15.510028288,1.648410624,7.80517376,1.648410624,8.911175943067617,3,19.0,0.5,9.5,0.8704558568126597,1.055478502911302
600,3.296904864,LRU,0.5,0.5,15.510028288,1.648410624,7.80517376,1.648410624,8.911175943067617,3,19.0,0.75,14.25,0.9190278519162378,1.055478502911302
600,3.296904864,LRU,0.5,0.5,15.510028288,1.648410624,7.80517376,1.648410624,8.911175943067617,3,19.0,1.0,19.0,0.9454049532953389,1.055478502911302
600,3.296904864,LRU,0.75,0.5,15.510028288,1.648410624,11.653545984,1.648410624,8.911175943067617,3,15.0,0.05,0.75,0.22641615033586954,0.25777446500753654
600,3.296904864,LRU,0.75,0.5,15.510028288,1.648410624,11.653545984,1.648410624,8.911175943067617,3,15.0,0.1,1.5,0.37116441775773173,0.46362020677502913
600,3.296904864,LRU,0.75,0.5,15.510028288,1.648410624,11.653545984,1.648410624,8.911175943067617,3,15.0,0.2,3.0,0.5455499768934788,0.771767649176277
600,3.296904864,LRU,0.75,0.5,15.510028288,1.648410624,11.653545984,1.648410624,8.911175943067617,3,15.0,0.28,4.2,0.6301386599624007,0.9526835984049957
600,3.296904864,LRU,0.75,0.5,15.510028288,1.648410624,11.653545984,1.648410624,8.911175943067617,3,15.0,0.5,7.5,0.7597133451580914,1.055478502911302
600,3.296904864,LRU,0.75,0.5,15.510028288,1.648410624,11.653545984,1.648410624,8.911175943067617,3,15.0,0.75,11.25,0.8323222044482632,1.055478502911302
600,3.296904864,LRU,0.75,0.5,15.510028288,1.648410624,11.653545984,1.648410624,8.911175943067617,3,15.0,1.0,15.0,0.8740924705667091,1.055478502911302
600,3.296904864,LRU,0.75,0.5,15.510028288,1.648410624,11.653545984,1.648410624,8.911175943067617,3,17.7,0.05,0.885,0.2572383810936474,0.2984933038557255
600,3.296904864,LRU,0.75,0.5,15.510028288,1.648410624,11.653545984,1.648410624,8.911175943067617,3,17.7,0.1,1.77,0.4119015039777373,0.5289664685792688
600,3.296904864,LRU,0.75,0.5,15.510028288,1.648410624,11.653545984,1.648410624,8.911175943067617,3,17.7,0.2,3.54,0.5889541945016977,0.8615943117826166
600,3.296904864,LRU,0.75,0.5,15.510028288,1.648410624,11.653545984,1.648410624,8.911175943067617,3,17.7,0.28,4.956,0.671411661318088,1.050295119999862
600,3.296904864,LRU,0.75,0.5,15.510028288,1.648410624,11.653545984,1.648410624,8.911175943067617,3,17.7,0.5,8.85,0.7936376028283825,1.055478502911302
600,3.296904864,LRU,0.75,0.5,15.510028288,1.648410624,11.653545984,1.648410624,8.911175943067617,3,17.7,0.75,13.274999999999999,0.8600604660437938,1.055478502911302
600,3.296904864,LRU,0.75,0.5,15.510028288,1.648410624,11.653545984,1.648410624,8.911175943067617,3,17.7,1.0,17.7,0.8976234017074267,1.055478502911302
600,3.296904864,LRU,0.75,0.5,15.510028288,1.648410624,11.653545984,1.648410624,8.911175943067617,3,19.0,0.05,0.9500000000000001,0.2712757217506848,0.3175610782576198
600,3.296904864,LRU,0.75,0.5,15.510028288,1.648410624,11.653545984,1.648410624,8.911175943067617,3,19.0,0.1,1.9000000000000001,0.42983403858170827,0.5589110563808587
600,3.296904864,LRU,0.75,0.5,15.510028288,1.648410624,11.653545984,1.648410624,8.911175943067617,3,19.0,0.2,3.8000000000000003,0.6073209698327096,0.9014775926486147
600,3.296904864,LRU,0.75,0.5,15.510028288,1.648410624,11.653545984,1.648410624,8.911175943067617,3,19.0,0.28,5.32,0.6885546115459201,1.055478502911302
600,3.296904864,LRU,0.75,0.5,15.510028288,1.648410624,11.653545984,1.648410624,8.911175943067617,3,19.0,0.5,9.5,0.8073412120783963,1.055478502911302
600,3.296904864,LRU,0.75,0.5,15.510028288,1.648410624,11.653545984,1.648410624,8.911175943067617,3,19.0,0.75,14.25,0.8710954254052615,1.055478502911302
600,3.296904864,LRU,0.75,0.5,15.510028288,1.648410624,11.653545984,1.648410624,8.911175943067617,3,19.0,1.0,19.0,0.9069036615257622,1.055478502911302
600,3.296904864,LRU,1.0,0.5,15.510028288,1.648410624,15.508979712,1.648410624,8.911175943067617,3,15.0,0.05,0.75,0.17997488131109013,0.19924108814732208
600,3.296904864,LRU,1.0,0.5,15.510028288,1.648410624,15.508979712,1.648410624,8.911175943067617,3,15.0,0.1,1.5,0.3063663343480146,0.36673287700796364
600,3.296904864,LRU,1.0,0.5,15.510028288,1.648410624,15.508979712,1.648410624,8.911175943067617,3,15.0,0.2,3.0,0.4721582782467482,0.6326519322830384
600,3.296904864,LRU,1.0,0.5,15.510028288,1.648410624,15.508979712,1.648410624,8.911175943067617,3,15.0,0.28,4.2,0.5585133612973986,0.7979689499831285
600,3.296904864,LRU,1.0,0.5,15.510028288,1.648410624,15.508979712,1.648410624,8.911175943067617,3,15.0,0.5,7.5,0.699176298006067,1.055478502911302
600,3.296904864,LRU,1.0,0.5,15.510028288,1.648410624,15.508979712,1.648410624,8.911175943067617,3,15.0,0.75,11.25,0.7828176011886898,1.055478502911302
600,3.296904864,LRU,1.0,0.5,15.510028288,1.648410624,15.508979712,1.648410624,8.911175943067617,3,15.0,1.0,15.0,0.8326200822922027,1.055478502911302
600,3.296904864,LRU,1.0,0.5,15.510028288,1.648410624,15.508979712,1.648410624,8.911175943067617,3,17.7,0.05,0.885,0.20604624559626844,0.23169636184213183
600,3.296904864,LRU,1.0,0.5,15.510028288,1.648410624,15.508979712,1.648410624,8.911175943067617,3,17.7,0.1,1.77,0.3435620714800007,0.4213371335989958
600,3.296904864,LRU,1.0,0.5,15.510028288,1.648410624,15.508979712,1.648410624,8.911175943067617,3,17.7,0.2,3.54,0.515627756481905,0.7132170585564952
600,3.296904864,LRU,1.0,0.5,15.510028288,1.648410624,15.508979712,1.648410624,8.911175943067617,3,17.7,0.28,4.956,0.6017318989088617,0.8892178482296297
600,3.296904864,LRU,1.0,0.5,15.510028288,1.648410624,15.508979712,1.648410624,8.911175943067617,3,17.7,0.5,8.85,0.737134566405539,1.055478502911302
600,3.296904864,LRU,1.0,0.5,15.510028288,1.648410624,15.508979712,1.648410624,8.911175943067617,3,17.7,0.75,13.274999999999999,0.8149308874572082,1.055478502911302
600,3.296904864,LRU,1.0,0.5,15.510028288,1.648410624,15.508979712,1.648410624,8.911175943067617,3,17.7,1.0,17.7,0.8603299990057297,1.055478502911302
600,3.296904864,LRU,1.0,0.5,15.510028288,1.648410624,15.508979712,1.648410624,8.911175943067617,3,19.0,0.05,0.9500000000000001,0.21805316229755414,0.2469897063175246
600,3.296904864,LRU,1.0,0.5,15.510028288,1.648410624,15.508979712,1.648410624,8.911175943067617,3,19.0,0.1,1.9000000000000001,0.36018449684525716,0.44661418503805733
600,3.296904864,LRU,1.0,0.5,15.510028288,1.648410624,15.508979712,1.648410624,8.911175943067617,3,19.0,0.2,3.8000000000000003,0.5343268727383699,0.7494972476447441
600,3.296904864,LRU,1.0,0.5,15.510028288,1.648410624,15.508979712,1.648410624,8.911175943067617,3,19.0,0.28,5.32,0.6199676119070764,0.9296258208205113
600,3.296904864,LRU,1.0,0.5,15.510028288,1.648410624,15.508979712,1.648410624,8.911175943067617,3,19.0,0.5,9.5,0.7526670113529752,1.055478502911302
600,3.296904864,LRU,1.0,0.5,15.510028288,1.648410624,15.508979712,1.648410624,8.911175943067617,3,19.0,0.75,14.25,0.8278397413828049,1.055478502911302
600,3.296904864,LRU,1.0,0.5,15.510028288,1.648410624,15.508979712,1.648410624,8.911175943067617,3,19.0,1.0,19.0,0.8713529966398303,1.055478502911302
600,3.296904864,LRU,0.0,0.75,14.685814784,2.472624128,0.0,2.472624128,13.751698310734096,3,15.0,0.05,0.75,1.0466471524782612,1.088274465725833
600,3.296904864,LRU,0.0,0.75,14.685814784,2.472624128,0.0,2.472624128,13.751698310734096,3,15.0,0.1,1.5,1.0466471524782612,1.088274465725833
600,3.296904864,LRU,0.0,0.75,14.685814784,2.472624128,0.0,2.472624128,13.751698310734096,3,15.0,0.2,3.0,1.0466471524782612,1.088274465725833
600,3.296904864,LRU,0.0,0.75,14.685814784,2.472624128,0.0,2.472624128,13.751698310734096,3,15.0,0.28,4.2,1.0466471524782612,1.088274465725833
600,3.296904864,LRU,0.0,0.75,14.685814784,2.472624128,0.0,2.472624128,13.751698310734096,3,15.0,0.5,7.5,1.0466471524782612,1.088274465725833
600,3.296904864,LRU,0.0,0.75,14.685814784,2.472624128,0.0,2.472624128,13.751698310734096,3,15.0,0.75,11.25,1.0466471524782612,1.088274465725833
600,3.296904864,LRU,0.0,0.75,14.685814784,2.472624128,0.0,2.472624128,13.751698310734096,3,15.0,1.0,15.0,1.0466471524782612,1.088274465725833
600,3.296904864,LRU,0.0,0.75,14.685814784,2.472624128,0.0,2.472624128,13.751698310734096,3,17.7,0.05,0.885,1.0527900349321746,1.088274465725833
600,3.296904864,LRU,0.0,0.75,14.685814784,2.472624128,0.0,2.472624128,13.751698310734096,3,17.7,0.1,1.77,1.0527900349321746,1.088274465725833
600,3.296904864,LRU,0.0,0.75,14.685814784,2.472624128,0.0,2.472624128,13.751698310734096,3,17.7,0.2,3.54,1.0527900349321746,1.088274465725833
600,3.296904864,LRU,0.0,0.75,14.685814784,2.472624128,0.0,2.472624128,13.751698310734096,3,17.7,0.28,4.956,1.0527900349321746,1.088274465725833
600,3.296904864,LRU,0.0,0.75,14.685814784,2.472624128,0.0,2.472624128,13.751698310734096,3,17.7,0.5,8.85,1.0527900349321746,1.088274465725833
600,3.296904864,LRU,0.0,0.75,14.685814784,2.472624128,0.0,2.472624128,13.751698310734096,3,17.7,0.75,13.274999999999999,1.0527900349321746,1.088274465725833
600,3.296904864,LRU,0.0,0.75,14.685814784,2.472624128,0.0,2.472624128,13.751698310734096,3,17.7,1.0,17.7,1.0527900349321746,1.088274465725833
600,3.296904864,LRU,0.0,0.75,14.685814784,2.472624128,0.0,2.472624128,13.751698310734096,3,19.0,0.05,0.9500000000000001,1.0551440047532628,1.088274465725833
600,3.296904864,LRU,0.0,0.75,14.685814784,2.472624128,0.0,2.472624128,13.751698310734096,3,19.0,0.1,1.9000000000000001,1.0551440047532628,1.088274465725833
600,3.296904864,LRU,0.0,0.75,14.685814784,2.472624128,0.0,2.472624128,13.751698310734096,3,19.0,0.2,3.8000000000000003,1.0551440047532628,1.088274465725833
600,3.296904864,LRU,0.0,0.75,14.685814784,2.472624128,0.0,2.472624128,13.751698310734096,3,19.0,0.28,5.32,1.0551440047532628,1.088274465725833
600,3.296904864,LRU,0.0,0.75,14.685814784,2.472624128,0.0,2.472624128,13.751698310734096,3,19.0,0.5,9.5,1.0551440047532628,1.088274465725833
600,3.296904864,LRU,0.0,0.75,14.685814784,2.472624128,0.0,2.472624128,13.751698310734096,3,19.0,0.75,14.25,1.0551440047532628,1.088274465725833
600,3.296904864,LRU,0.0,0.75,14.685814784,2.472624128,0.0,2.472624128,13.751698310734096,3,19.0,1.0,19.0,1.0551440047532628,1.088274465725833
600,3.296904864,LRU,0.02,0.75,14.151718229333333,3.0067206826666664,0.2911546026666667,2.472624128,16.888393240883648,3,15.0,0.05,0.75,0.9700347814629365,1.1106371136103388
600,3.296904864,LRU,0.02,0.75,14.151718229333333,3.0067206826666664,0.2911546026666667,2.472624128,16.888393240883648,3,15.0,0.1,1.5,1.0122917366539914,1.1106371136103388
600,3.296904864,LRU,0.02,0.75,14.151718229333333,3.0067206826666664,0.2911546026666667,2.472624128,16.888393240883648,3,15.0,0.2,3.0,1.0348315629686242,1.1106371136103388
600,3.296904864,LRU,0.02,0.75,14.151718229333333,3.0067206826666664,0.2911546026666667,2.472624128,16.888393240883648,3,15.0,0.28,4.2,1.0414570559125593,1.1106371136103388
600,3.296904864,LRU,0.02,0.75,14.151718229333333,3.0067206826666664,0.2911546026666667,2.472624128,16.888393240883648,3,15.0,0.5,7.5,1.0488437824694081,1.1106371136103388
600,3.296904864,LRU,0.02,0.75,14.151718229333333,3.0067206826666664,0.2911546026666667,2.472624128,16.888393240883648,3,15.0,0.75,11.25,1.0520092971323822,1.1106371136103388
600,3.296904864,LRU,0.02,0.75,14.151718229333333,3.0067206826666664,0.2911546026666667,2.472624128,16.888393240883648,3,15.0,1.0,15.0,1.0535992306712623,1.1106371136103388
600,3.296904864,LRU,0.02,0.75,14.151718229333333,3.0067206826666664,0.2911546026666667,2.472624128,16.888393240883648,3,17.7,0.05,0.885,0.9891362590104674,1.1106371136103388
600,3.296904864,LRU,0.02,0.75,14.151718229333333,3.0067206826666664,0.2911546026666667,2.472624128,16.888393240883648,3,17.7,0.1,1.77,1.0261524037217808,1.1106371136103388
600,3.296904864,LRU,0.02,0.75,14.151718229333333,3.0067206826666664,0.2911546026666667,2.472624128,16.888393240883648,3,17.7,0.2,3.54,1.0457192195191547,1.1106371136103388
600,3.296904864,LRU,0.02,0.75,14.151718229333333,3.0067206826666664,0.2911546026666667,2.472624128,16.888393240883648,3,17.7,0.28,4.956,1.0514475472588318,1.1106371136103388
600,3.296904864,LRU,0.02,0.75,14.151718229333333,3.0067206826666664,0.2911546026666667,2.472624128,16.888393240883648,3,17.7,0.5,8.85,1.0578216329402896,1.1106371136103388
600,3.296904864,LRU,0.02,0.75,14.151718229333333,3.0067206826666664,0.2911546026666667,2.472624128,16.888393240883648,3,17.7,0.75,13.274999999999999,1.0605491985162783,1.1106371136103388
600,3.296904864,LRU,0.02,0.75,14.151718229333333,3.0067206826666664,0.2911546026666667,2.472624128,16.888393240883648,3,17.7,1.0,17.7,1.061918262831101,1.1106371136103388
600,3.296904864,LRU,0.02,0.75,14.151718229333333,3.0067206826666664,0.2911546026666667,2.472624128,16.888393240883648,3,19.0,0.05,0.9500000000000001,0.9965958666253625,1.1106371136103388
600,3.296904864,LRU,0.02,0.75,14.151718229333333,3.0067206826666664,0.2911546026666667,2.472624128,16.888393240883648,3,19.0,0.1,1.9000000000000001,1.0315211617233297,1.1106371136103388
600,3.296904864,LRU,0.02,0.75,14.151718229333333,3.0067206826666664,0.2911546026666667,2.472624128,16.888393240883648,3,19.0,0.2,3.8000000000000003,1.0499181378809603,1.1106371136103388
600,3.296904864,LRU,0.02,0.75,14.151718229333333,3.0067206826666664,0.2911546026666667,2.472624128,16.888393240883648,3,19.0,0.28,5.32,1.0552955629975536,1.1106371136103388
600,3.296904864,LRU,0.02,0.75,14.151718229333333,3.0067206826666664,0.2911546026666667,2.472624128,16.888393240883648,3,19.0,0.5,9.5,1.0612747127991777,1.1106371136103388
600,3.296904864,LRU,0.02,0.75,14.151718229333333,3.0067206826666664,0.2911546026666667,2.472624128,16.888393240883648,3,19.0,0.75,14.25,1.0638318404160145,1.1106371136103388
600,3.296904864,LRU,0.02,0.75,14.151718229333333,3.0067206826666664,0.2911546026666667,2.472624128,16.888393240883648,3,19.0,1.0,19.0,1.065115030822597,1.1106371136103388
600,3.296904864,LRU,0.05,0.75,14.607521109333334,2.5509178026666666,0.7504472746666666,2.472624128,14.211509126295297,3,15.0,0.05,0.75,0.8505479383803566,1.091496128981733
600,3.296904864,LRU,0.05,0.75,14.607521109333334,2.5509178026666666,0.7504472746666666,2.472624128,14.211509126295297,3,15.0,0.1,1.5,0.9391481211254267,1.091496128981733
600,3.296904864,LRU,0.05,0.75,14.607521109333334,2.5509178026666666,0.7504472746666666,2.472624128,14.211509126295297,3,15.0,0.2,3.0,0.990750550493275,1.091496128981733
600,3.296904864,LRU,0.05,0.75,14.607521109333334,2.5509178026666666,0.7504472746666666,2.472624128,14.211509126295297,3,15.0,0.28,4.2,1.0065522697741254,1.091496128981733
600,3.296904864,LRU,0.05,0.75,14.607521109333334,2.5509178026666666,0.7504472746666666,2.472624128,14.211509126295297,3,15.0,0.5,7.5,1.0245267359565318,1.091496128981733
600,3.296904864,LRU,0.05,0.75,14.607521109333334,2.5509178026666666,0.7504472746666666,2.472624128,14.211509126295297,3,15.0,0.75,11.25,1.0323476903802005,1.091496128981733
600,3.296904864,LRU,0.05,0.75,14.607521109333334,2.5509178026666666,0.7504472746666666,2.472624128,14.211509126295297,3,15.0,1.0,15.0,1.036303116411613,1.091496128981733
600,3.296904864,LRU,0.05,0.75,14.607521109333334,2.5509178026666666,0.7504472746666666,2.472624128,14.211509126295297,3,17.7,0.05,0.885,0.8801871742723499,1.091496128981733
600,3.296904864,LRU,0.05,0.75,14.607521109333334,2.5509178026666666,0.7504472746666666,2.472624128,14.211509126295297,3,17.7,0.1,1.77,0.9595789405697686,1.091496128981733
600,3.296904864,LRU,0.05,0.75,14.607521109333334,2.5509178026666666,0.7504472746666666,2.472624128,14.211509126295297,3,17.7,0.2,3.54,1.0048992596487398,1.091496128981733
600,3.296904864,LRU,0.05,0.75,14.607521109333334,2.5509178026666666,0.7504472746666666,2.472624128,14.211509126295297,3,17.7,0.28,4.956,1.0186449656090097,1.091496128981733
600,3.296904864,LRU,0.05,0.75,14.607521109333334,2.5509178026666666,0.7504472746666666,2.472624128,14.211509126295297,3,17.7,0.5,8.85,1.034206210953466,1.091496128981733
600,3.296904864,LRU,0.05,0.75,14.607521109333334,2.5509178026666666,0.7504472746666666,2.472624128,14.211509126295297,3,17.7,0.75,13.274999999999999,1.0409525245553866,1.091496128981733
600,3.296904864,LRU,0.05,0.75,14.607521109333334,2.5509178026666666,0.7504472746666666,2.472624128,14.211509126295297,3,17.7,1.0,17.7,1.0443587949243236,1.091496128981733
600,3.296904864,LRU,0.05,0.75,14.607521109333334,2.5509178026666666,0.7504472746666666,2.472624128,14.211509126295297,3,19.0,0.05,0.9500000000000001,0.892002660627733,1.091496128981733
600,3.296904864,LRU,0.05,0.75,14.607521109333334,2.5509178026666666,0.7504472746666666,2.472624128,14.211509126295297,3,19.0,0.1,1.9000000000000001,0.9675801546458782,1.091496128981733
600,3.296904864,LRU,0.05,0.75,14.607521109333334,2.5509178026666666,0.7504472746666666,2.472624128,14.211509126295297,3,19.0,0.2,3.8000000000000003,1.010384001658882,1.091496128981733
600,3.296904864,LRU,0.05,0.75,14.607521109333334,2.5509178026666666,0.7504472746666666,2.472624128,14.211509126295297,3,19.0,0.28,5.32,1.0233181694859945,1.091496128981733
600,3.296904864,LRU,0.05,0.75,14.607521109333334,2.5509178026666666,0.7504472746666666,2.472624128,14.211509126295297,3,19.0,0.5,9.5,1.0379336912955726,1.091496128981733
600,3.296904864,LRU,0.05,0.75,14.607521109333334,2.5509178026666666,0.7504472746666666,2.472624128,14.211509126295297,3,19.0,0.75,14.25,1.0442611139037599,1.091496128981733
600,3.296904864,LRU,0.05,0.75,14.607521109333334,2.5509178026666666,0.7504472746666666,2.472624128,14.211509126295297,3,19.0,1.0,19.0,1.0474538434517413,1.091496128981733
600,3.296904864,LRU,0.1,0.75,14.685814784,2.472624128,1.4568871253333333,2.472624128,13.751698310734096,3,15.0,0.05,0.75,0.7214514226849128,1.088274465725833
600,3.296904864,LRU,0.1,0.75,14.685814784,2.472624128,1.4568871253333333,2.472624128,13.751698310734096,3,15.0,0.1,1.5,0.8541436408712307,1.088274465725833
600,3.296904864,LRU,0.1,0.75,14.685814784,2.472624128,1.4568871253333333,2.472624128,13.751698310734096,3,15.0,0.2,3.0,0.9406474533159356,1.088274465725833
600,3.296904864,LRU,0.1,0.75,14.685814784,2.472624128,1.4568871253333333,2.472624128,13.751698310734096,3,15.0,0.28,4.2,0.9686769472369976,1.088274465725833
600,3.296904864,LRU,0.1,0.75,14.685814784,2.472624128,1.4568871253333333,2.472624128,13.751698310734096,3,15.0,0.5,7.5,1.0015041447838555,1.088274465725833
600,3.296904864,LRU,0.1,0.75,14.685814784,2.472624128,1.4568871253333333,2.472624128,13.751698310734096,3,15.0,0.75,11.25,1.0161128212609132,1.088274465725833
600,3.296904864,LRU,0.1,0.75,14.685814784,2.472624128,1.4568871253333333,2.472624128,13.751698310734096,3,15.0,1.0,15.0,1.0235781533663235,1.088274465725833
600,3.296904864,LRU,0.1,0.75,14.685814784,2.472624128,1.4568871253333333,2.472624128,13.751698310734096,3,17.7,0.05,0.885,0.7605571645794529,1.088274465725833
600,3.296904864,LRU,0.1,0.75,14.685814784,2.472624128,1.4568871253333333,2.472624128,13.751698310734096,3,17.7,0.1,1.77,0.8831259717732655,1.088274465725833
600,3.296904864,LRU,0.1,0.75,14.685814784,2.472624128,1.4568871253333333,2.472624128,13.751698310734096,3,17.7,0.2,3.54,0.9605233072636633,1.088274465725833
600,3.296904864,LRU,0.1,0.75,14.685814784,2.472624128,1.4568871253333333,2.472624128,13.751698310734096,3,17.7,0.28,4.956,0.9851925854862824,1.088274465725833
600,3.296904864,LRU,0.1,0.75,14.685814784,2.472624128,1.4568871253333333,2.472624128,13.751698310734096,3,17.7,0.5,8.85,1.0138349236530901,1.088274465725833
600,3.296904864,LRU,0.1,0.75,14.685814784,2.472624128,1.4568871253333333,2.472624128,13.751698310734096,3,17.7,0.75,13.274999999999999,1.0264956476515328,1.088274465725833
600,3.296904864,LRU,0.1,0.75,14.685814784,2.472624128,1.4568871253333333,2.472624128,13.751698310734096,3,17.7,1.0,17.7,1.0329453346183017,1.088274465725833
600,3.296904864,LRU,0.1,0.75,14.685814784,2.472624128,1.4568871253333333,2.472624128,13.751698310734096,3,19.0,0.05,0.9500000000000001,0.7765573199298771,1.088274465725833
600,3.296904864,LRU,0.1,0.75,14.685814784,2.472624128,1.4568871253333333,2.472624128,13.751698310734096,3,19.0,0.1,1.9000000000000001,0.8946652922391845,1.088274465725833
600,3.296904864,LRU,0.1,0.75,14.685814784,2.472624128,1.4568871253333333,2.472624128,13.751698310734096,3,19.0,0.2,3.8000000000000003,0.9683005623402339,1.088274465725833
600,3.296904864,LRU,0.1,0.75,14.685814784,2.472624128,1.4568871253333333,2.472624128,13.751698310734096,3,19.0,0.28,5.32,0.9916191451912504,1.088274465725833
600,3.296904864,LRU,0.1,0.75,14.685814784,2.472624128,1.4568871253333333,2.472624128,13.751698310734096,3,19.0,0.5,9.5,1.0186020818514459,1.088274465725833
600,3.296904864,LRU,0.1,0.75,14.685814784,2.472624128,1.4568871253333333,2.472624128,13.751698310734096,3,19.0,0.75,14.25,1.0304982104004965,1.088274465725833
600,3.296904864,LRU,0.1,0.75,14.685814784,2.472624128,1.4568871253333333,2.472624128,13.751698310734096,3,19.0,1.0,19.0,1.036551086786562,1.088274465725833
600,3.296904864,LRU,0.2,0.75,14.685814784,2.472624128,2.9120047786666663,2.472624128,13.751698310734096,3,15.0,0.05,0.75,0.550589686785487,0.7648181225766706
600,3.296904864,LRU,0.2,0.75,14.685814784,2.472624128,2.9120047786666663,2.472624128,13.751698310734096,3,15.0,0.1,1.5,0.7215875738548114,1.088274465725833
600,3.296904864,LRU,0.2,0.75,14.685814784,2.472624128,2.9120047786666663,2.472624128,13.751698310734096,3,15.0,0.2,3.0,0.8542390534372681,1.088274465725833
600,3.296904864,LRU,0.2,0.75,14.685814784,2.472624128,2.9120047786666663,2.472624128,13.751698310734096,3,15.0,0.28,4.2,0.9015940771371502,1.088274465725833
600,3.296904864,LRU,0.2,0.75,14.685814784,2.472624128,2.9120047786666663,2.472624128,13.751698310734096,3,15.0,0.5,7.5,0.9601424733221909,1.088274465725833
600,3.296904864,LRU,0.2,0.75,14.685814784,2.472624128,2.9120047786666663,2.472624128,13.751698310734096,3,15.0,0.75,11.25,0.9873435659368127,1.088274465725833
600,3.296904864,LRU,0.2,0.75,14.685814784,2.472624128,2.9120047786666663,2.472624128,13.751698310734096,3,15.0,1.0,15.0,1.0015303774308357,1.088274465725833
600,3.296904864,LRU,0.2,0.75,14.685814784,2.472624128,2.9120047786666663,2.472624128,13.751698310734096,3,17.7,0.05,0.885,0.5954681903631999,0.8542505838055559
600,3.296904864,LRU,0.2,0.75,14.685814784,2.472624128,2.9120047786666663,2.472624128,13.751698310734096,3,17.7,0.1,1.77,0.7606853917821383,1.088274465725833
600,3.296904864,LRU,0.2,0.75,14.685814784,2.472624128,2.9120047786666663,2.472624128,13.751698310734096,3,17.7,0.2,3.54,0.8832124090456434,1.088274465725833
600,3.296904864,LRU,0.2,0.75,14.685814784,2.472624128,2.9120047786666663,2.472624128,13.751698310734096,3,17.7,0.28,4.956,0.9258198271802066,1.088274465725833
600,3.296904864,LRU,0.2,0.75,14.685814784,2.472624128,2.9120047786666663,2.472624128,13.751698310734096,3,17.7,0.5,8.85,0.9777021373534961,1.088274465725833
600,3.296904864,LRU,0.2,0.75,14.685814784,2.472624128,2.9120047786666663,2.472624128,13.751698310734096,3,17.7,0.75,13.274999999999999,1.0015123477131562,1.088274465725833
600,3.296904864,LRU,0.2,0.75,14.685814784,2.472624128,2.9120047786666663,2.472624128,13.751698310734096,3,17.7,1.0,17.7,1.0138577054241744,1.088274465725833
600,3.296904864,LRU,0.2,0.75,14.685814784,2.472624128,2.9120047786666663,2.472624128,13.751698310734096,3,19.0,0.05,0.9500000000000001,0.6145076598079103,0.8939866904152525
600,3.296904864,LRU,0.2,0.75,14.685814784,2.472624128,2.9120047786666663,2.472624128,13.751698310734096,3,19.0,0.1,1.9000000000000001,0.7766818515306168,1.088274465725833
600,3.296904864,LRU,0.2,0.75,14.685814784,2.472624128,2.9120047786666663,2.472624128,13.751698310734096,3,19.0,0.2,3.8000000000000003,0.8947479329783996,1.088274465725833
600,3.296904864,LRU,0.2,0.75,14.685814784,2.472624128,2.9120047786666663,2.472624128,13.751698310734096,3,19.0,0.28,5.32,0.9353734583461851,1.088274465725833
600,3.296904864,LRU,0.2,0.75,14.685814784,2.472624128,2.9120047786666663,2.472624128,13.751698310734096,3,19.0,0.5,9.5,0.9845465156631962,1.088274465725833
600,3.296904864,LRU,0.2,0.75,14.685814784,2.472624128,2.9120047786666663,2.472624128,13.751698310734096,3,19.0,0.75,14.25,1.0070053939434118,1.088274465725833
600,3.296904864,LRU,0.2,0.75,14.685814784,2.472624128,2.9120047786666663,2.472624128,13.751698310734096,3,19.0,1.0,19.0,1.0186235048938979,1.088274465725833
600,3.296904864,LRU,0.35,0.75,14.685814784,2.472624128,5.129120426666667,2.472624128,13.751698310734096,3,15.0,0.05,0.75,0.4045921793026699,0.509452765788889
600,3.296904864,LRU,0.35,0.75,14.685814784,2.472624128,5.129120426666667,2.472624128,13.751698310734096,3,15.0,0.1,1.5,0.5835912011321326,0.8300173422406296
600,3.296904864,LRU,0.35,0.75,14.685814784,2.472624128,5.129120426666667,2.472624128,13.751698310734096,3,15.0,0.2,3.0,0.7493555375182782,1.088274465725833
600,3.296904864,LRU,0.35,0.75,14.685814784,2.472624128,5.129120426666667,2.472624128,13.751698310734096,3,15.0,0.28,4.2,0.8155405871949727,1.088274465725833
600,3.296904864,LRU,0.35,0.75,14.685814784,2.472624128,5.129120426666667,2.472624128,13.751698310734096,3,15.0,0.5,7.5,0.9033006635934353,1.088274465725833
600,3.296904864,LRU,0.35,0.75,14.685814784,2.472624128,5.129120426666667,2.472624128,13.751698310734096,3,15.0,0.75,11.25,0.9465113677067475,1.088274465725833
600,3.296904864,LRU,0.35,0.75,14.685814784,2.472624128,5.129120426666667,2.472624128,13.751698310734096,3,15.0,1.0,15.0,0.9697049937330534,1.088274465725833
600,3.296904864,LRU,0.35,0.75,14.685814784,2.472624128,5.129120426666667,2.472624128,13.751698310734096,3,17.7,0.05,0.885,0.4474741065695133,0.579363517367308
600,3.296904864,LRU,0.35,0.75,14.685814784,2.472624128,5.129120426666667,2.472624128,13.751698310734096,3,17.7,0.1,1.77,0.6280177833418296,0.9228689498807496
600,3.296904864,LRU,0.35,0.75,14.685814784,2.472624128,5.129120426666667,2.472624128,13.751698310734096,3,17.7,0.2,3.54,0.7867298769961908,1.088274465725833
600,3.296904864,LRU,0.35,0.75,14.685814784,2.472624128,5.129120426666667,2.472624128,13.751698310734096,3,17.7,0.28,4.956,0.8479570017439365,1.088274465725833
600,3.296904864,LRU,0.35,0.75,14.685814784,2.472624128,5.129120426666667,2.472624128,13.751698310734096,3,17.7,0.5,8.85,0.9273444782954376,1.088274465725833
600,3.296904864,LRU,0.35,0.75,14.685814784,2.472624128,5.129120426666667,2.472624128,13.751698310734096,3,17.7,0.75,13.274999999999999,0.965700606984613,1.088274465725833
600,3.296904864,LRU,0.35,0.75,14.685814784,2.472624128,5.129120426666667,2.472624128,13.751698310734096,3,17.7,1.0,17.7,0.986093640787513,1.088274465725833
600,3.296904864,LRU,0.35,0.75,14.685814784,2.472624128,5.129120426666667,2.472624128,13.751698310734096,3,19.0,0.05,0.9500000000000001,0.4662586642684216,0.6112476413525697
600,3.296904864,LRU,0.35,0.75,14.685814784,2.472624128,5.129120426666667,2.472624128,13.751698310734096,3,19.0,0.1,1.9000000000000001,0.6467321824582357,0.9638545214766678
600,3.296904864,LRU,0.35,0.75,14.685814784,2.472624128,5.129120426666667,2.472624128,13.751698310734096,3,19.0,0.2,3.8000000000000003,0.8019332900120035,1.088274465725833
600,3.296904864,LRU,0.35,0.75,14.685814784,2.472624128,5.129120426666667,2.472624128,13.751698310734096,3,19.0,0.28,5.32,0.8609653549406937,1.088274465725833
600,3.296904864,LRU,0.35,0.75,14.685814784,2.472624128,5.129120426666667,2.472624128,13.751698310734096,3,19.0,0.5,9.5,0.9368231152024633,1.088274465725833
600,3.296904864,LRU,0.35,0.75,14.685814784,2.472624128,5.129120426666667,2.472624128,13.751698310734096,3,19.0,0.75,14.25,0.9732004377896376,1.088274465725833
600,3.296904864,LRU,0.35,0.75,14.685814784,2.472624128,5.129120426666667,2.472624128,13.751698310734096,3,19.0,1.0,19.0,0.9924694876912674,1.088274465725833
600,3.296904864,LRU,0.5,0.75,14.685814784,2.472624128,7.335040341333333,2.472624128,13.751698310734096,3,15.0,0.05,0.75,0.32013263824907573,0.3824134024245555
600,3.296904864,LRU,0.5,0.75,14.685814784,2.472624128,7.335040341333333,2.472624128,13.751698310734096,3,15.0,0.1,1.5,0.490299778372406,0.653238519777743
600,3.296904864,LRU,0.5,0.75,14.685814784,2.472624128,7.335040341333333,2.472624128,13.751698310734096,3,15.0,0.2,3.0,0.6677795525577089,1.0113615854603673
600,3.296904864,LRU,0.5,0.75,14.685814784,2.472624128,7.335040341333333,2.472624128,13.751698310734096,3,15.0,0.28,4.2,0.7448104361388214,1.088274465725833
600,3.296904864,LRU,0.5,0.75,14.685814784,2.472624128,7.335040341333333,2.472624128,13.751698310734096,3,15.0,0.5,7.5,0.8530536827969658,1.088274465725833
600,3.296904864,LRU,0.5,0.75,14.685814784,2.472624128,7.335040341333333,2.472624128,13.751698310734096,3,15.0,0.75,11.25,0.9091046390870919,1.088274465725833
600,3.296904864,LRU,0.5,0.75,14.685814784,2.472624128,7.335040341333333,2.472624128,13.751698310734096,3,15.0,1.0,15.0,0.9399861193209228,1.088274465725833
600,3.296904864,LRU,0.5,0.75,14.685814784,2.472624128,7.335040341333333,2.472624128,13.751698310734096,3,17.7,0.05,0.885,0.35876024332679973,0.43885774078545614
600,3.296904864,LRU,0.5,0.75,14.685814784,2.472624128,7.335040341333333,2.472624128,13.751698310734096,3,17.7,0.1,1.77,0.535155162266209,0.7353574843717707
600,3.296904864,LRU,0.5,0.75,14.685814784,2.472624128,7.335040341333333,2.472624128,13.751698310734096,3,17.7,0.2,3.54,0.7096038616073083,1.088274465725833
600,3.296904864,LRU,0.5,0.75,14.685814784,2.472624128,7.335040341333333,2.472624128,13.751698310734096,3,17.7,0.28,4.956,0.7824814555719741,1.088274465725833
600,3.296904864,LRU,0.5,0.75,14.685814784,2.472624128,7.335040341333333,2.472624128,13.751698310734096,3,17.7,0.5,8.85,0.882138374496813,1.088274465725833
600,3.296904864,LRU,0.5,0.75,14.685814784,2.472624128,7.335040341333333,2.472624128,13.751698310734096,3,17.7,0.75,13.274999999999999,0.9325241056642691,1.088274465725833
600,3.296904864,LRU,0.5,0.75,14.685814784,2.472624128,7.335040341333333,2.472624128,13.751698310734096,3,17.7,1.0,17.7,0.9599388644829292,1.088274465725833
600,3.296904864,LRU,0.5,0.75,14.685814784,2.472624128,7.335040341333333,2.472624128,13.751698310734096,3,19.0,0.05,0.9500000000000001,0.37600589995146644,0.46494357812316034
600,3.296904864,LRU,0.5,0.75,14.685814784,2.472624128,7.335040341333333,2.472624128,13.751698310734096,3,19.0,0.1,1.9000000000000001,0.554435799885686,0.7722596870494494
600,3.296904864,LRU,0.5,0.75,14.685814784,2.472624128,7.335040341333333,2.472624128,13.751698310734096,3,19.0,0.2,3.8000000000000003,0.726909729587701,1.088274465725833
600,3.296904864,LRU,0.5,0.75,14.685814784,2.472624128,7.335040341333333,2.472624128,13.751698310734096,3,19.0,0.28,5.32,0.7978199869111974,1.088274465725833
600,3.296904864,LRU,0.5,0.75,14.685814784,2.472624128,7.335040341333333,2.472624128,13.751698310734096,3,19.0,0.5,9.5,0.8937210080171338,1.088274465725833
600,3.296904864,LRU,0.5,0.75,14.685814784,2.472624128,7.335040341333333,2.472624128,13.751698310734096,3,19.0,0.75,14.25,0.941745871630588,1.088274465725833
600,3.296904864,LRU,0.5,0.75,14.685814784,2.472624128,7.335040341333333,2.472624128,13.751698310734096,3,19.0,1.0,19.0,0.9677472347772305,1.088274465725833
600,3.296904864,LRU,0.75,0.75,14.685814784,2.472624128,11.031745877333334,2.472624128,13.751698310734096,3,15.0,0.05,0.75,0.23716525192316887,0.2697064267963866
600,3.296904864,LRU,0.75,0.75,14.685814784,2.472624128,11.031745877333334,2.472624128,13.751698310734096,3,15.0,0.1,1.5,0.3867049963704147,0.4814134857704578
600,3.296904864,LRU,0.75,0.75,14.685814784,2.472624128,11.031745877333334,2.472624128,13.751698310734096,3,15.0,0.2,3.0,0.5647512143129889,0.792419988848945
600,3.296904864,LRU,0.75,0.75,14.685814784,2.472624128,11.031745877333334,2.472624128,13.751698310734096,3,15.0,0.28,4.2,0.6502965591255571,0.9717929197318691
600,3.296904864,LRU,0.75,0.75,14.685814784,2.472624128,11.031745877333334,2.472624128,13.751698310734096,3,15.0,0.5,7.5,0.7803138844060915,1.088274465725833
600,3.296904864,LRU,0.75,0.75,14.685814784,2.472624128,11.031745877333334,2.472624128,13.751698310734096,3,15.0,0.75,11.25,0.8526353469232416,1.088274465725833
600,3.296904864,LRU,0.75,0.75,14.685814784,2.472624128,11.031745877333334,2.472624128,13.751698310734096,3,15.0,1.0,15.0,0.894067567577343,1.088274465725833
600,3.296904864,LRU,0.75,0.75,14.685814784,2.472624128,11.031745877333334,2.472624128,13.751698310734096,3,17.7,0.05,0.885,0.2692914989284349,0.3120403303146276
600,3.296904864,LRU,0.75,0.75,14.685814784,2.472624128,11.031745877333334,2.472624128,13.751698310734096,3,17.7,0.1,1.77,0.42888036675912844,0.5485709014239931
600,3.296904864,LRU,0.75,0.75,14.685814784,2.472624128,11.031745877333334,2.472624128,13.751698310734096,3,17.7,0.2,3.54,0.6094755969838673,0.8833761101353113
600,3.296904864,LRU,0.75,0.75,14.685814784,2.472624128,11.031745877333334,2.472624128,13.751698310734096,3,17.7,0.28,4.956,0.6928300447401096,1.0699520872867854
600,3.296904864,LRU,0.75,0.75,14.685814784,2.472624128,11.031745877333334,2.472624128,13.751698310734096,3,17.7,0.5,8.85,0.8155169242712877,1.088274465725833
600,3.296904864,LRU,0.75,0.75,14.685814784,2.472624128,11.031745877333334,2.472624128,13.751698310734096,3,17.7,0.75,13.274999999999999,0.8817592427587999,1.088274465725833
600,3.296904864,LRU,0.75,0.75,14.685814784,2.472624128,11.031745877333334,2.472624128,13.751698310734096,3,17.7,1.0,17.7,0.9190867560193556,1.088274465725833
600,3.296904864,LRU,0.75,0.75,14.685814784,2.472624128,11.031745877333334,2.472624128,13.751698310734096,3,19.0,0.05,0.9500000000000001,0.28391014291422145,0.33183927549329184
600,3.296904864,LRU,0.75,0.75,14.685814784,2.472624128,11.031745877333334,2.472624128,13.751698310734096,3,19.0,0.1,1.9000000000000001,0.44742938245835817,0.5792885460065375
600,3.296904864,LRU,0.75,0.75,14.685814784,2.472624128,11.031745877333334,2.472624128,13.751698310734096,3,19.0,0.2,3.8000000000000003,0.6283918435790862,0.92367692724436
600,3.296904864,LRU,0.75,0.75,14.685814784,2.472624128,11.031745877333334,2.472624128,13.751698310734096,3,19.0,0.28,5.32,0.7104943847114047,1.088274465725833
600,3.296904864,LRU,0.75,0.75,14.685814784,2.472624128,11.031745877333334,2.472624128,13.751698310734096,3,19.0,0.5,9.5,0.8297458851894154,1.088274465725833
600,3.296904864,LRU,0.75,0.75,14.685814784,2.472624128,11.031745877333334,2.472624128,13.751698310734096,3,19.0,0.75,14.25,0.8933584723010602,1.088274465725833
600,3.296904864,LRU,0.75,0.75,14.685814784,2.472624128,11.031745877333334,2.472624128,13.751698310734096,3,19.0,1.0,19.0,0.9289682128359505,1.088274465725833
600,3.296904864,LRU,1.0,0.75,14.685814784,2.472624128,14.684766208,2.472624128,13.751698310734096,3,15.0,0.05,0.75,0.1888103520226706,0.20887354824760873
600,3.296904864,LRU,1.0,0.75,14.685814784,2.472624128,14.684766208,2.472624128,13.751698310734096,3,15.0,0.1,1.5,0.31991034346871333,0.38209624352515015
600,3.296904864,LRU,1.0,0.75,14.685814784,2.472624128,14.684766208,2.472624128,13.751698310734096,3,15.0,0.2,3.0,0.4900390229213797,0.6527757373885453
600,3.296904864,LRU,1.0,0.75,14.685814784,2.472624128,14.684766208,2.472624128,13.751698310734096,3,15.0,0.28,4.2,0.5778374867931648,0.8184268762465898
600,3.296904864,LRU,1.0,0.75,14.685814784,2.472624128,14.684766208,2.472624128,13.751698310734096,3,15.0,0.5,7.5,0.7196726593600667,1.088274465725833
600,3.296904864,LRU,1.0,0.75,14.685814784,2.472624128,14.684766208,2.472624128,13.751698310734096,3,15.0,0.75,11.25,0.8033261846201654,1.088274465725833
600,3.296904864,LRU,1.0,0.75,14.685814784,2.472624128,14.684766208,2.472624128,13.751698310734096,3,15.0,1.0,15.0,0.8528957605380879,1.088274465725833
600,3.296904864,LRU,1.0,0.75,14.685814784,2.472624128,14.684766208,2.472624128,13.751698310734096,3,17.7,0.05,0.885,0.2160491875021349,0.24272778566958209
600,3.296904864,LRU,1.0,0.75,14.685814784,2.472624128,14.684766208,2.472624128,13.751698310734096,3,17.7,0.1,1.77,0.3585236452906331,0.43850375477284137
600,3.296904864,LRU,1.0,0.75,14.685814784,2.472624128,14.684766208,2.472624128,13.751698310734096,3,17.7,0.2,3.54,0.534891890213871,0.7348604774535047
600,3.296904864,LRU,1.0,0.75,14.685814784,2.472624128,14.684766208,2.472624128,13.751698310734096,3,17.7,0.28,4.956,0.6223662045854335,0.9107161895849502
600,3.296904864,LRU,1.0,0.75,14.685814784,2.472624128,14.684766208,2.472624128,13.751698310734096,3,17.7,0.5,8.85,0.7588814507250181,1.088274465725833
600,3.296904864,LRU,1.0,0.75,14.685814784,2.472624128,14.684766208,2.472624128,13.751698310734096,3,17.7,0.75,13.274999999999999,0.8367466170609833,1.088274465725833
600,3.296904864,LRU,1.0,0.75,14.685814784,2.472624128,14.684766208,2.472624128,13.751698310734096,3,17.7,1.0,17.7,0.8819952572453837,1.088274465725833
600,3.296904864,LRU,1.0,0.75,14.685814784,2.472624128,14.684766208,2.472624128,13.751698310734096,3,19.0,0.05,0.9500000000000001,0.22858424329482313,0.25866390867996325
600,3.296904864,LRU,1.0,0.75,14.685814784,2.472624128,14.684766208,2.472624128,13.751698310734096,3,19.0,0.1,1.9000000000000001,0.37576378686115725,0.46457344042589455
600,3.296904864,LRU,1.0,0.75,14.685814784,2.472624128,14.684766208,2.472624128,13.751698310734096,3,19.0,0.2,3.8000000000000003,0.5541725458949375,0.771749043140064
600,3.296904864,LRU,1.0,0.75,14.685814784,2.472624128,14.684766208,2.472624128,13.751698310734096,3,19.0,0.28,5.32,0.6411467931029508,0.9515009587378342
600,3.296904864,LRU,1.0,0.75,14.685814784,2.472624128,14.684766208,2.472624128,13.751698310734096,3,19.0,0.5,9.5,0.7749297128984086,1.088274465725833
600,3.296904864,LRU,1.0,0.75,14.685814784,2.472624128,14.684766208,2.472624128,13.751698310734096,3,19.0,0.75,14.25,0.8501914094597737,1.088274465725833
600,3.296904864,LRU,1.0,0.75,14.685814784,2.472624128,14.684766208,2.472624128,13.751698310734096,3,19.0,1.0,19.0,0.8935841576033752,1.088274465725833
600,3.296904864,LRU,0.0,1.0,13.861617664,3.296821248,0.0,3.296821248,18.59212445682923,3,15.0,0.05,0.75,1.0648918604476945,1.1231731515652508
600,3.296904864,LRU,0.0,1.0,13.861617664,3.296821248,0.0,3.296821248,18.59212445682923,3,15.0,0.1,1.5,1.0648918604476945,1.1231731515652508
600,3.296904864,LRU,0.0,1.0,13.861617664,3.296821248,0.0,3.296821248,18.59212445682923,3,15.0,0.2,3.0,1.0648918604476945,1.1231731515652508
600,3.296904864,LRU,0.0,1.0,13.861617664,3.296821248,0.0,3.296821248,18.59212445682923,3,15.0,0.28,4.2,1.0648918604476945,1.1231731515652508
600,3.296904864,LRU,0.0,1.0,13.861617664,3.296821248,0.0,3.296821248,18.59212445682923,3,15.0,0.5,7.5,1.0648918604476945,1.1231731515652508
600,3.296904864,LRU,0.0,1.0,13.861617664,3.296821248,0.0,3.296821248,18.59212445682923,3,15.0,0.75,11.25,1.0648918604476945,1.1231731515652508
600,3.296904864,LRU,0.0,1.0,13.861617664,3.296821248,0.0,3.296821248,18.59212445682923,3,15.0,1.0,15.0,1.0648918604476945,1.1231731515652508
600,3.296904864,LRU,0.0,1.0,13.861617664,3.296821248,0.0,3.296821248,18.59212445682923,3,17.7,0.05,0.885,1.0733881586823226,1.1231731515652508
600,3.296904864,LRU,0.0,1.0,13.861617664,3.296821248,0.0,3.296821248,18.59212445682923,3,17.7,0.1,1.77,1.0733881586823226,1.1231731515652508
600,3.296904864,LRU,0.0,1.0,13.861617664,3.296821248,0.0,3.296821248,18.59212445682923,3,17.7,0.2,3.54,1.0733881586823226,1.1231731515652508
600,3.296904864,LRU,0.0,1.0,13.861617664,3.296821248,0.0,3.296821248,18.59212445682923,3,17.7,0.28,4.956,1.0733881586823226,1.1231731515652508
600,3.296904864,LRU,0.0,1.0,13.861617664,3.296821248,0.0,3.296821248,18.59212445682923,3,17.7,0.5,8.85,1.0733881586823226,1.1231731515652508
600,3.296904864,LRU,0.0,1.0,13.861617664,3.296821248,0.0,3.296821248,18.59212445682923,3,17.7,0.75,13.274999999999999,1.0733881586823226,1.1231731515652508
600,3.296904864,LRU,0.0,1.0,13.861617664,3.296821248,0.0,3.296821248,18.59212445682923,3,17.7,1.0,17.7,1.0733881586823226,1.1231731515652508
600,3.296904864,LRU,0.0,1.0,13.861617664,3.296821248,0.0,3.296821248,18.59212445682923,3,19.0,0.05,0.9500000000000001,1.076653415988609,1.1231731515652508
600,3.296904864,LRU,0.0,1.0,13.861617664,3.296821248,0.0,3.296821248,18.59212445682923,3,19.0,0.1,1.9000000000000001,1.076653415988609,1.1231731515652508
600,3.296904864,LRU,0.0,1.0,13.861617664,3.296821248,0.0,3.296821248,18.59212445682923,3,19.0,0.2,3.8000000000000003,1.076653415988609,1.1231731515652508
600,3.296904864,LRU,0.0,1.0,13.861617664,3.296821248,0.0,3.296821248,18.59212445682923,3,19.0,0.28,5.32,1.076653415988609,1.1231731515652508
600,3.296904864,LRU,0.0,1.0,13.861617664,3.296821248,0.0,3.296821248,18.59212445682923,3,19.0,0.5,9.5,1.076653415988609,1.1231731515652508
600,3.296904864,LRU,0.0,1.0,13.861617664,3.296821248,0.0,3.296821248,18.59212445682923,3,19.0,0.75,14.25,1.076653415988609,1.1231731515652508
600,3.296904864,LRU,0.0,1.0,13.861617664,3.296821248,0.0,3.296821248,18.59212445682923,3,19.0,1.0,19.0,1.076653415988609,1.1231731515652508
600,3.296904864,LRU,0.02,1.0,13.861557589333334,3.2968813226666667,1.6384e-05,3.296821248,18.592477269257458,3,15.0,0.05,0.75,1.0648877213268417,1.1231757768634436
600,3.296904864,LRU,0.02,1.0,13.861557589333334,3.2968813226666667,1.6384e-05,3.296821248,18.592477269257458,3,15.0,0.1,1.5,1.0648904673882242,1.1231757768634436
600,3.296904864,LRU,0.02,1.0,13.861557589333334,3.2968813226666667,1.6384e-05,3.296821248,18.592477269257458,3,15.0,0.2,3.0,1.0648918404242265,1.1231757768634436
600,3.296904864,LRU,0.02,1.0,13.861557589333334,3.2968813226666667,1.6384e-05,3.296821248,18.592477269257458,3,15.0,0.28,4.2,1.0648922327208774,1.1231757768634436
600,3.296904864,LRU,0.02,1.0,13.861557589333334,3.2968813226666667,1.6384e-05,3.296821248,18.592477269257458,3,15.0,0.5,7.5,1.0648926642475274,1.1231757768634436
600,3.296904864,LRU,0.02,1.0,13.861557589333334,3.2968813226666667,1.6384e-05,3.296821248,18.592477269257458,3,15.0,0.75,11.25,1.0648928473195451,1.1231757768634436
600,3.296904864,LRU,0.02,1.0,13.861557589333334,3.2968813226666667,1.6384e-05,3.296821248,18.592477269257458,3,15.0,1.0,15.0,1.0648929388555777,1.1231757768634436
600,3.296904864,LRU,0.02,1.0,13.861557589333334,3.2968813226666667,1.6384e-05,3.296821248,18.592477269257458,3,17.7,0.05,0.885,1.0733849605052797,1.1231757768634436
600,3.296904864,LRU,0.02,1.0,13.861557589333334,3.2968813226666667,1.6384e-05,3.296821248,18.592477269257458,3,17.7,0.1,1.77,1.0733873249624044,1.1231757768634436
600,3.296904864,LRU,0.02,1.0,13.861557589333334,3.2968813226666667,1.6384e-05,3.296821248,18.592477269257458,3,17.7,0.2,3.54,1.0733885071948732,1.1231757768634436
600,3.296904864,LRU,0.02,1.0,13.861557589333334,3.2968813226666667,1.6384e-05,3.296821248,18.592477269257458,3,17.7,0.28,4.956,1.073388844976057,1.1231757768634436
600,3.296904864,LRU,0.02,1.0,13.861557589333334,3.2968813226666667,1.6384e-05,3.296821248,18.592477269257458,3,17.7,0.5,8.85,1.0733892165356045,1.1231757768634436
600,3.296904864,LRU,0.02,1.0,13.861557589333334,3.2968813226666667,1.6384e-05,3.296821248,18.592477269257458,3,17.7,0.75,13.274999999999999,1.0733893741670053,1.1231757768634436
600,3.296904864,LRU,0.02,1.0,13.861557589333334,3.2968813226666667,1.6384e-05,3.296821248,18.592477269257458,3,17.7,1.0,17.7,1.0733894529827233,1.1231757768634436
600,3.296904864,LRU,0.02,1.0,13.861557589333334,3.2968813226666667,1.6384e-05,3.296821248,18.592477269257458,3,19.0,0.05,0.9500000000000001,1.0766505835326066,1.1231757768634436
600,3.296904864,LRU,0.02,1.0,13.861557589333334,3.2968813226666667,1.6384e-05,3.296821248,18.592477269257458,3,19.0,0.1,1.9000000000000001,1.0766527996338335,1.1231757768634436
600,3.296904864,LRU,0.02,1.0,13.861557589333334,3.2968813226666667,1.6384e-05,3.296821248,18.592477269257458,3,19.0,0.2,3.8000000000000003,1.0766539076878683,1.1231757768634436
600,3.296904864,LRU,0.02,1.0,13.861557589333334,3.2968813226666667,1.6384e-05,3.296821248,18.592477269257458,3,19.0,0.28,5.32,1.0766542242751542,1.1231757768634436
600,3.296904864,LRU,0.02,1.0,13.861557589333334,3.2968813226666667,1.6384e-05,3.296821248,18.592477269257458,3,19.0,0.5,9.5,1.0766545725213836,1.1231757768634436
600,3.296904864,LRU,0.02,1.0,13.861557589333334,3.2968813226666667,1.6384e-05,3.296821248,18.592477269257458,3,19.0,0.75,14.25,1.0766547202622765,1.1231757768634436
600,3.296904864,LRU,0.02,1.0,13.861557589333334,3.2968813226666667,1.6384e-05,3.296821248,18.592477269257458,3,19.0,1.0,19.0,1.076654794132738,1.1231757768634436
600,3.296904864,LRU,0.05,1.0,13.861563050666666,3.2968758613333335,7.099733333333333e-05,3.296821248,18.59244519540035,3,15.0,0.05,0.75,1.0648692916167808,1.1231755381994644
600,3.296904864,LRU,0.05,1.0,13.861563050666666,3.2968758613333335,7.099733333333333e-05,3.296821248,18.59244519540035,3,15.0,0.1,1.5,1.0648811909065043,1.1231755381994644
600,3.296904864,LRU,0.05,1.0,13.861563050666666,3.2968758613333335,7.099733333333333e-05,3.296821248,18.59244519540035,3,15.0,0.2,3.0,1.0648871406510922,1.1231755381994644
600,3.296904864,LRU,0.05,1.0,13.861563050666666,3.2968758613333335,7.099733333333333e-05,3.296821248,18.59244519540035,3,15.0,0.28,4.2,1.0648888405903292,1.1231755381994644
600,3.296904864,LRU,0.05,1.0,13.861563050666666,3.2968758613333335,7.099733333333333e-05,3.296821248,18.59244519540035,3,15.0,0.5,7.5,1.0648907105297583,1.1231755381994644
600,3.296904864,LRU,0.05,1.0,13.861563050666666,3.2968758613333335,7.099733333333333e-05,3.296821248,18.59244519540035,3,15.0,0.75,11.25,1.064891503839379,1.1231755381994644
600,3.296904864,LRU,0.05,1.0,13.861563050666666,3.2968758613333335,7.099733333333333e-05,3.296821248,18.59244519540035,3,15.0,1.0,15.0,1.0648919004946322,1.1231755381994644
600,3.296904864,LRU,0.05,1.0,13.861563050666666,3.2968758613333335,7.099733333333333e-05,3.296821248,18.59244519540035,3,17.7,0.05,0.885,1.073369058570243,1.1231755381994644
600,3.296904864,LRU,0.05,1.0,13.861563050666666,3.2968758613333335,7.099733333333333e-05,3.296821248,18.59244519540035,3,17.7,0.1,1.77,1.0733793043227662,1.1231755381994644
600,3.296904864,LRU,0.05,1.0,13.861563050666666,3.2968758613333335,7.099733333333333e-05,3.296821248,18.59244519540035,3,17.7,0.2,3.54,1.073384427272378,1.1231755381994644
600,3.296904864,LRU,0.05,1.0,13.861563050666666,3.2968758613333335,7.099733333333333e-05,3.296821248,18.59244519540035,3,17.7,0.28,4.956,1.0733858909812488,1.1231755381994644
600,3.296904864,LRU,0.05,1.0,13.861563050666666,3.2968758613333335,7.099733333333333e-05,3.296821248,18.59244519540035,3,17.7,0.5,8.85,1.0733875010656173,1.1231755381994644
600,3.296904864,LRU,0.05,1.0,13.861563050666666,3.2968758613333335,7.099733333333333e-05,3.296821248,18.59244519540035,3,17.7,0.75,13.274999999999999,1.0733881841331725,1.1231755381994644
600,3.296904864,LRU,0.05,1.0,13.861563050666666,3.2968758613333335,7.099733333333333e-05,3.296821248,18.59244519540035,3,17.7,1.0,17.7,1.0733885256672762,1.1231755381994644
600,3.296904864,LRU,0.05,1.0,13.861563050666666,3.2968758613333335,7.099733333333333e-05,3.296821248,18.59244519540035,3,19.0,0.05,0.9500000000000001,1.0766356643302304,1.1231755381994644
600,3.296904864,LRU,0.05,1.0,13.861563050666666,3.2968758613333335,7.099733333333333e-05,3.296821248,18.59244519540035,3,19.0,0.1,1.9000000000000001,1.0766452672352937,1.1231755381994644
600,3.296904864,LRU,0.05,1.0,13.861563050666666,3.2968758613333335,7.099733333333333e-05,3.296821248,18.59244519540035,3,19.0,0.2,3.8000000000000003,1.0766500687520646,1.1231755381994644
600,3.296904864,LRU,0.05,1.0,13.861563050666666,3.2968758613333335,7.099733333333333e-05,3.296821248,18.59244519540035,3,19.0,0.28,5.32,1.076651440621865,1.1231755381994644
600,3.296904864,LRU,0.05,1.0,13.861563050666666,3.2968758613333335,7.099733333333333e-05,3.296821248,18.59244519540035,3,19.0,0.5,9.5,1.0766529496826838,1.1231755381994644
600,3.296904864,LRU,0.05,1.0,13.861563050666666,3.2968758613333335,7.099733333333333e-05,3.296821248,18.59244519540035,3,19.0,0.75,14.25,1.0766535898915819,1.1231755381994644
600,3.296904864,LRU,0.05,1.0,13.861563050666666,3.2968758613333335,7.099733333333333e-05,3.296821248,18.59244519540035,3,19.0,1.0,19.0,1.0766539099963166,1.1231755381994644
600,3.296904864,LRU,0.1,1.0,13.861579434666666,3.2968594773333333,6.5536e-05,3.296821248,18.59234897382902,3,15.0,0.05,0.75,1.0648707532700137,1.1231748222081352
600,3.296904864,LRU,0.1,1.0,13.861579434666666,3.2968594773333333,6.5536e-05,3.296821248,18.59234897382902,3,15.0,0.1,1.5,1.0648817372504706,1.1231748222081352
600,3.296904864,LRU,0.1,1.0,13.861579434666666,3.2968594773333333,6.5536e-05,3.296821248,18.59234897382902,3,15.0,0.2,3.0,1.0648872293256733,1.1231748222081352
600,3.296904864,LRU,0.1,1.0,13.861579434666666,3.2968594773333333,6.5536e-05,3.296821248,18.59234897382902,3,15.0,0.28,4.2,1.064888798500422,1.1231748222081352
600,3.296904864,LRU,0.1,1.0,13.861579434666666,3.2968594773333333,6.5536e-05,3.296821248,18.59234897382902,3,15.0,0.5,7.5,1.0648905245979867,1.1231748222081352
600,3.296904864,LRU,0.1,1.0,13.861579434666666,3.2968594773333333,6.5536e-05,3.296821248,18.59234897382902,3,15.0,0.75,11.25,1.0648912568834927,1.1231748222081352
600,3.296904864,LRU,0.1,1.0,13.861579434666666,3.2968594773333333,6.5536e-05,3.296821248,18.59234897382902,3,15.0,1.0,15.0,1.0648916230266237,1.1231748222081352
600,3.296904864,LRU,0.1,1.0,13.861579434666666,3.2968594773333333,6.5536e-05,3.296821248,18.59234897382902,3,17.7,0.05,0.885,1.073370217364895,1.1231748222081352
600,3.296904864,LRU,0.1,1.0,13.861579434666666,3.2968594773333333,6.5536e-05,3.296821248,18.59234897382902,3,17.7,0.1,1.77,1.073379674996085,1.1231748222081352
600,3.296904864,LRU,0.1,1.0,13.861579434666666,3.2968594773333333,6.5536e-05,3.296821248,18.59234897382902,3,17.7,0.2,3.54,1.0733844038741798,1.1231748222081352
600,3.296904864,LRU,0.1,1.0,13.861579434666666,3.2968594773333333,6.5536e-05,3.296821248,18.59234897382902,3,17.7,0.28,4.956,1.0733857549898598,1.1231748222081352
600,3.296904864,LRU,0.1,1.0,13.861579434666666,3.2968594773333333,6.5536e-05,3.296821248,18.59234897382902,3,17.7,0.5,8.85,1.0733872412210366,1.1231748222081352
600,3.296904864,LRU,0.1,1.0,13.861579434666666,3.2968594773333333,6.5536e-05,3.296821248,18.59234897382902,3,17.7,0.75,13.274999999999999,1.0733878717445975,1.1231748222081352
600,3.296904864,LRU,0.1,1.0,13.861579434666666,3.2968594773333333,6.5536e-05,3.296821248,18.59234897382902,3,17.7,1.0,17.7,1.0733881870066557,1.1231748222081352
600,3.296904864,LRU,0.1,1.0,13.861579434666666,3.2968594773333333,6.5536e-05,3.296821248,18.59234897382902,3,19.0,0.05,0.9500000000000001,1.07663670540613,1.1231748222081352
600,3.296904864,LRU,0.1,1.0,13.861579434666666,3.2968594773333333,6.5536e-05,3.296821248,18.59234897382902,3,19.0,0.1,1.9000000000000001,1.0766455696372497,1.1231748222081352
600,3.296904864,LRU,0.1,1.0,13.861579434666666,3.2968594773333333,6.5536e-05,3.296821248,18.59234897382902,3,19.0,0.2,3.8000000000000003,1.076650001807546,1.1231748222081352
600,3.296904864,LRU,0.1,1.0,13.861579434666666,3.2968594773333333,6.5536e-05,3.296821248,18.59234897382902,3,19.0,0.28,5.32,1.076651268148619,1.1231748222081352
600,3.296904864,LRU,0.1,1.0,13.861579434666666,3.2968594773333333,6.5536e-05,3.296821248,18.59234897382902,3,19.0,0.5,9.5,1.0766526611272396,1.1231748222081352
600,3.296904864,LRU,0.1,1.0,13.861579434666666,3.2968594773333333,6.5536e-05,3.296821248,18.59234897382902,3,19.0,0.75,14.25,1.0766532520889556,1.1231748222081352
600,3.296904864,LRU,0.1,1.0,13.861579434666666,3.2968594773333333,6.5536e-05,3.296821248,18.59234897382902,3,19.0,1.0,19.0,1.0766535475700567,1.1231748222081352
600,3.296904864,LRU,0.2,1.0,13.861617664,3.296821248,9.284266666666667e-05,3.296821248,18.59212445682923,3,15.0,0.05,0.75,1.0648607391665508,1.1231731515652508
600,3.296904864,LRU,0.2,1.0,13.861617664,3.296821248,9.284266666666667e-05,3.296821248,18.59212445682923,3,15.0,0.1,1.5,1.0648762995797407,1.1231731515652508
600,3.296904864,LRU,0.2,1.0,13.861617664,3.296821248,9.284266666666667e-05,3.296821248,18.59212445682923,3,15.0,0.2,3.0,1.0648840799568706,1.1231731515652508
600,3.296904864,LRU,0.2,1.0,13.861617664,3.296821248,9.284266666666667e-05,3.296821248,18.59212445682923,3,15.0,0.28,4.2,1.0648863029426474,1.1231731515652508
600,3.296904864,LRU,0.2,1.0,13.861617664,3.296821248,9.284266666666667e-05,3.296821248,18.59212445682923,3,15.0,0.5,7.5,1.0648887482377216,1.1231731515652508
600,3.296904864,LRU,0.2,1.0,13.861617664,3.296821248,9.284266666666667e-05,3.296821248,18.59212445682923,3,15.0,0.75,11.25,1.0648897856390245,1.1231731515652508
600,3.296904864,LRU,0.2,1.0,13.861617664,3.296821248,9.284266666666667e-05,3.296821248,18.59212445682923,3,15.0,1.0,15.0,1.064890304340434,1.1231731515652508
600,3.296904864,LRU,0.2,1.0,13.861617664,3.296821248,9.284266666666667e-05,3.296821248,18.59212445682923,3,17.7,0.05,0.885,1.0733613620698987,1.1231731515652508
600,3.296904864,LRU,0.2,1.0,13.861617664,3.296821248,9.284266666666667e-05,3.296821248,18.59212445682923,3,17.7,0.1,1.77,1.0733747602088677,1.1231731515652508
600,3.296904864,LRU,0.2,1.0,13.861617664,3.296821248,9.284266666666667e-05,3.296821248,18.59212445682923,3,17.7,0.2,3.54,1.0733814594037836,1.1231731515652508
600,3.296904864,LRU,0.2,1.0,13.861617664,3.296821248,9.284266666666667e-05,3.296821248,18.59212445682923,3,17.7,0.28,4.956,1.073383373474833,1.1231731515652508
600,3.296904864,LRU,0.2,1.0,13.861617664,3.296821248,9.284266666666667e-05,3.296821248,18.59212445682923,3,17.7,0.5,8.85,1.073385478960872,1.1231731515652508
600,3.296904864,LRU,0.2,1.0,13.861617664,3.296821248,9.284266666666667e-05,3.296821248,18.59212445682923,3,17.7,0.75,13.274999999999999,1.073386372199869,1.1231731515652508
600,3.296904864,LRU,0.2,1.0,13.861617664,3.296821248,9.284266666666667e-05,3.296821248,18.59212445682923,3,17.7,1.0,17.7,1.073386818819925,1.1231731515652508
600,3.296904864,LRU,0.2,1.0,13.861617664,3.296821248,9.284266666666667e-05,3.296821248,18.59212445682923,3,19.0,0.05,0.9500000000000001,1.0766283006801316,1.1231731515652508
600,3.296904864,LRU,0.2,1.0,13.861617664,3.296821248,9.284266666666667e-05,3.296821248,18.59212445682923,3,19.0,0.1,1.9000000000000001,1.076640858187901,1.1231731515652508
600,3.296904864,LRU,0.2,1.0,13.861617664,3.296821248,9.284266666666667e-05,3.296821248,18.59212445682923,3,19.0,0.2,3.8000000000000003,1.076647137051637,1.1231731515652508
600,3.296904864,LRU,0.2,1.0,13.861617664,3.296821248,9.284266666666667e-05,3.296821248,18.59212445682923,3,19.0,0.28,5.32,1.0766489310261558,1.1231731515652508
600,3.296904864,LRU,0.2,1.0,13.861617664,3.296821248,9.284266666666667e-05,3.296821248,18.59212445682923,3,19.0,0.5,9.5,1.0766509044050319,1.1231731515652508
600,3.296904864,LRU,0.2,1.0,13.861617664,3.296821248,9.284266666666667e-05,3.296821248,18.59212445682923,3,19.0,0.75,14.25,1.0766517415982555,1.1231731515652508
600,3.296904864,LRU,0.2,1.0,13.861617664,3.296821248,9.284266666666667e-05,3.296821248,18.59212445682923,3,19.0,1.0,19.0,1.0766521601953554,1.1231731515652508
600,3.296904864,LRU,0.35,1.0,13.861612202666667,3.2968267093333337,0.00017476266666666666,3.296821248,18.592156530686342,3,15.0,0.05,0.75,1.0648334037109601,1.1231733902282157
600,3.296904864,LRU,0.35,1.0,13.861612202666667,3.2968267093333337,0.00017476266666666666,3.296821248,18.592156530686342,3,15.0,0.1,1.5,1.0648626927743465,1.1231733902282157
600,3.296904864,LRU,0.35,1.0,13.861612202666667,3.2968267093333337,0.00017476266666666666,3.296821248,18.592156530686342,3,15.0,0.2,3.0,1.0648773379102616,1.1231733902282157
600,3.296904864,LRU,0.35,1.0,13.861612202666667,3.2968267093333337,0.00017476266666666666,3.296821248,18.592156530686342,3,15.0,0.28,4.2,1.0648815223087986,1.1231733902282157
600,3.296904864,LRU,0.35,1.0,13.861612202666667,3.2968267093333337,0.00017476266666666666,3.296821248,18.592156530686342,3,15.0,0.5,7.5,1.0648861251851711,1.1231733902282157
600,3.296904864,LRU,0.35,1.0,13.861612202666667,3.2968267093333337,0.00017476266666666666,3.296821248,18.592156530686342,3,15.0,0.75,11.25,1.0648880779326237,1.1231733902282157
600,3.296904864,LRU,0.35,1.0,13.861612202666667,3.2968267093333337,0.00017476266666666666,3.296821248,18.592156530686342,3,15.0,1.0,15.0,1.0648890543090357,1.1231733902282157
600,3.296904864,LRU,0.35,1.0,13.861612202666667,3.2968267093333337,0.00017476266666666666,3.296821248,18.592156530686342,3,17.7,0.05,0.885,1.0733378582567876,1.1231733902282157
600,3.296904864,LRU,0.35,1.0,13.861612202666667,3.2968267093333337,0.00017476266666666666,3.296821248,18.592156530686342,3,17.7,0.1,1.77,1.0733630774563367,1.1231733902282157
600,3.296904864,LRU,0.35,1.0,13.861612202666667,3.2968267093333337,0.00017476266666666666,3.296821248,18.592156530686342,3,17.7,0.2,3.54,1.0733756875005303,1.1231733902282157
600,3.296904864,LRU,0.35,1.0,13.861612202666667,3.2968267093333337,0.00017476266666666666,3.296821248,18.592156530686342,3,17.7,0.28,4.956,1.0733792904247206,1.1231733902282157
600,3.296904864,LRU,0.35,1.0,13.861612202666667,3.2968267093333337,0.00017476266666666666,3.296821248,18.592156530686342,3,17.7,0.5,8.85,1.0733832536692665,1.1231733902282157
600,3.296904864,LRU,0.35,1.0,13.861612202666667,3.2968267093333337,0.00017476266666666666,3.296821248,18.592156530686342,3,17.7,0.75,13.274999999999999,1.0733849350545825,1.1231733902282157
600,3.296904864,LRU,0.35,1.0,13.861612202666667,3.2968267093333337,0.00017476266666666666,3.296821248,18.592156530686342,3,17.7,1.0,17.7,1.0733857757492158,1.1231733902282157
600,3.296904864,LRU,0.35,1.0,13.861612202666667,3.2968267093333337,0.00017476266666666666,3.296821248,18.592156530686342,3,19.0,0.05,0.9500000000000001,1.0766062865062362,1.1231733902282157
600,3.296904864,LRU,0.35,1.0,13.861612202666667,3.2968267093333337,0.00017476266666666666,3.296821248,18.592156530686342,3,19.0,0.1,1.9000000000000001,1.0766299234445256,1.1231733902282157
600,3.296904864,LRU,0.35,1.0,13.861612202666667,3.2968267093333337,0.00017476266666666666,3.296821248,18.592156530686342,3,19.0,0.2,3.8000000000000003,1.076641742302887,1.1231733902282157
600,3.296904864,LRU,0.35,1.0,13.861612202666667,3.2968267093333337,0.00017476266666666666,3.296821248,18.592156530686342,3,19.0,0.28,5.32,1.0766451191672226,1.1231733902282157
600,3.296904864,LRU,0.35,1.0,13.861612202666667,3.2968267093333337,0.00017476266666666666,3.296821248,18.592156530686342,3,19.0,0.5,9.5,1.0766488337424578,1.1231733902282157
600,3.296904864,LRU,0.35,1.0,13.861612202666667,3.2968267093333337,0.00017476266666666666,3.296821248,18.592156530686342,3,19.0,0.75,14.25,1.0766504096306044,1.1231733902282157
600,3.296904864,LRU,0.35,1.0,13.861612202666667,3.2968267093333337,0.00017476266666666666,3.296821248,18.592156530686342,3,19.0,1.0,19.0,1.0766511975764077,1.1231733902282157
600,3.296904864,LRU,0.5,1.0,13.861617664,3.296821248,0.00024029866666666665,3.296821248,18.59212445682923,3,15.0,0.05,0.75,1.0648113149880303,1.1231731515652508
600,3.296904864,LRU,0.5,1.0,13.861617664,3.296821248,0.00024029866666666665,3.296821248,18.59212445682923,3,15.0,0.1,1.5,1.064851586194746,1.1231731515652508
600,3.296904864,LRU,0.5,1.0,13.861617664,3.296821248,0.00024029866666666665,3.296821248,18.59212445682923,3,15.0,0.2,3.0,1.0648717229404197,1.1231731515652508
600,3.296904864,LRU,0.5,1.0,13.861617664,3.296821248,0.00024029866666666665,3.296821248,18.59212445682923,3,15.0,0.28,4.2,1.0648774764362101,1.1231731515652508
600,3.296904864,LRU,0.5,1.0,13.861617664,3.296821248,0.00024029866666666665,3.296821248,18.59212445682923,3,15.0,0.5,7.5,1.0648838053533893,1.1231731515652508
600,3.296904864,LRU,0.5,1.0,13.861617664,3.296821248,0.00024029866666666665,3.296821248,18.59212445682923,3,15.0,0.75,11.25,1.0648864903712845,1.1231731515652508
600,3.296904864,LRU,0.5,1.0,13.861617664,3.296821248,0.00024029866666666665,3.296821248,18.59212445682923,3,15.0,1.0,15.0,1.0648878328853093,1.1231731515652508
600,3.296904864,LRU,0.5,1.0,13.861617664,3.296821248,0.00024029866666666665,3.296821248,18.59212445682923,3,17.7,0.05,0.885,1.073318805494105,1.1231731515652508
600,3.296904864,LRU,0.5,1.0,13.861617664,3.296821248,0.00024029866666666665,3.296821248,18.59212445682923,3,17.7,0.1,1.77,1.0733534809679248,1.1231731515652508
600,3.296904864,LRU,0.5,1.0,13.861617664,3.296821248,0.00024029866666666665,3.296821248,18.59212445682923,3,17.7,0.2,3.54,1.073370819545038,1.1231731515652508
600,3.296904864,LRU,0.5,1.0,13.861617664,3.296821248,0.00024029866666666665,3.296821248,18.59212445682923,3,17.7,0.28,4.956,1.0733757735271003,1.1231731515652508
600,3.296904864,LRU,0.5,1.0,13.861617664,3.296821248,0.00024029866666666665,3.296821248,18.59212445682923,3,17.7,0.5,8.85,1.0733812229601865,1.1231731515652508
600,3.296904864,LRU,0.5,1.0,13.861617664,3.296821248,0.00024029866666666665,3.296821248,18.59212445682923,3,17.7,0.75,13.274999999999999,1.0733835348576062,1.1231731515652508
600,3.296904864,LRU,0.5,1.0,13.861617664,3.296821248,0.00024029866666666665,3.296821248,18.59212445682923,3,17.7,1.0,17.7,1.0733846908100508,1.1231731515652508
600,3.296904864,LRU,0.5,1.0,13.861617664,3.296821248,0.00024029866666666665,3.296821248,18.59212445682923,3,19.0,0.05,0.9500000000000001,1.0765884140690467,1.1231731515652508
600,3.296904864,LRU,0.5,1.0,13.861617664,3.296821248,0.00024029866666666665,3.296821248,18.59212445682923,3,19.0,0.1,1.9000000000000001,1.0766209140476908,1.1231731515652508
600,3.296904864,LRU,0.5,1.0,13.861617664,3.296821248,0.00024029866666666665,3.296821248,18.59212445682923,3,19.0,0.2,3.8000000000000003,1.0766371647728545,1.1231731515652508
600,3.296904864,LRU,0.5,1.0,13.861617664,3.296821248,0.00024029866666666665,3.296821248,18.59212445682923,3,19.0,0.28,5.32,1.0766418079272946,1.1231731515652508
600,3.296904864,LRU,0.5,1.0,13.861617664,3.296821248,0.00024029866666666665,3.296821248,18.59212445682923,3,19.0,0.5,9.5,1.0766469154434348,1.1231731515652508
600,3.296904864,LRU,0.5,1.0,13.861617664,3.296821248,0.00024029866666666665,3.296821248,18.59212445682923,3,19.0,0.75,14.25,1.076649082283104,1.1231731515652508
600,3.296904864,LRU,0.5,1.0,13.861617664,3.296821248,0.00024029866666666665,3.296821248,18.59212445682923,3,19.0,1.0,19.0,1.0766501657062097,1.1231731515652508
600,3.296904864,LRU,0.75,1.0,13.861617664,3.296821248,0.000344064,3.296821248,18.59212445682923,3,15.0,0.05,0.75,1.0647765377606995,1.1231731515652508
600,3.296904864,LRU,0.75,1.0,13.861617664,3.296821248,0.000344064,3.296821248,18.59212445682923,3,15.0,0.1,1.5,1.0648341959818042,1.1231731515652508
600,3.296904864,LRU,0.75,1.0,13.861617664,3.296821248,0.000344064,3.296821248,18.59212445682923,3,15.0,0.2,3.0,1.0648630274340878,1.1231731515652508
600,3.296904864,LRU,0.75,1.0,13.861617664,3.296821248,0.000344064,3.296821248,18.59212445682923,3,15.0,0.28,4.2,1.064871265278651,1.1231731515652508
600,3.296904864,LRU,0.75,1.0,13.861617664,3.296821248,0.000344064,3.296821248,18.59212445682923,3,15.0,0.5,7.5,1.0648803270548848,1.1231731515652508
600,3.296904864,LRU,0.75,1.0,13.861617664,3.296821248,0.000344064,3.296821248,18.59212445682923,3,15.0,0.75,11.25,1.064884171491396,1.1231731515652508
600,3.296904864,LRU,0.75,1.0,13.861617664,3.296821248,0.000344064,3.296821248,18.59212445682923,3,15.0,1.0,15.0,1.064886093720061,1.1231731515652508
600,3.296904864,LRU,0.75,1.0,13.861617664,3.296821248,0.000344064,3.296821248,18.59212445682923,3,17.7,0.05,0.885,1.0732888602969306,1.1231731515652508
600,3.296904864,LRU,0.75,1.0,13.861617664,3.296821248,0.000344064,3.296821248,18.59212445682923,3,17.7,0.1,1.77,1.0733385071930146,1.1231731515652508
600,3.296904864,LRU,0.75,1.0,13.861617664,3.296821248,0.000344064,3.296821248,18.59212445682923,3,17.7,0.2,3.54,1.0733633323634757,1.1231731515652508
600,3.296904864,LRU,0.75,1.0,13.861617664,3.296821248,0.000344064,3.296821248,18.59212445682923,3,17.7,0.28,4.956,1.0733704254802463,1.1231731515652508
600,3.296904864,LRU,0.75,1.0,13.861617664,3.296821248,0.000344064,3.296821248,18.59212445682923,3,17.7,0.5,8.85,1.0733782280169726,1.1231731515652508
600,3.296904864,LRU,0.75,1.0,13.861617664,3.296821248,0.000344064,3.296821248,18.59212445682923,3,17.7,0.75,13.274999999999999,1.073381538218339,1.1231731515652508
600,3.296904864,LRU,0.75,1.0,13.861617664,3.296821248,0.000344064,3.296821248,18.59212445682923,3,17.7,1.0,17.7,1.0733831933266786,1.1231731515652508
600,3.296904864,LRU,0.75,1.0,13.861617664,3.296821248,0.000344064,3.296821248,18.59212445682923,3,19.0,0.05,0.9500000000000001,1.0765603474846792,1.1231731515652508
600,3.296904864,LRU,0.75,1.0,13.861617664,3.296821248,0.000344064,3.296821248,18.59212445682923,3,19.0,0.1,1.9000000000000001,1.076606879725291,1.1231731515652508
600,3.296904864,LRU,0.75,1.0,13.861617664,3.296821248,0.000344064,3.296821248,18.59212445682923,3,19.0,0.2,3.8000000000000003,1.076630147354079,1.1231731515652508
600,3.296904864,LRU,0.75,1.0,13.861617664,3.296821248,0.000344064,3.296821248,18.59212445682923,3,19.0,0.28,5.32,1.0766367954327436,1.1231731515652508
600,3.296904864,LRU,0.75,1.0,13.861617664,3.296821248,0.000344064,3.296821248,18.59212445682923,3,19.0,0.5,9.5,1.0766441084141036,1.1231731515652508
600,3.296904864,LRU,0.75,1.0,13.861617664,3.296821248,0.000344064,3.296821248,18.59212445682923,3,19.0,0.75,14.25,1.076647210921058,1.1231731515652508
600,3.296904864,LRU,0.75,1.0,13.861617664,3.296821248,0.000344064,3.296821248,18.59212445682923,3,19.0,1.0,19.0,1.0766487621812404,1.1231731515652508
600,3.296904864,LRU,1.0,1.0,13.861617664,3.296821248,0.00049152,3.296821248,18.59212445682923,3,15.0,0.05,0.75,1.0647271213978942,1.1231731515652508
600,3.296904864,LRU,1.0,1.0,13.861617664,3.296821248,0.00049152,3.296821248,18.59212445682923,3,15.0,0.1,1.5,1.064809484551008,1.1231731515652508
600,3.296904864,LRU,1.0,1.0,13.861617664,3.296821248,0.00049152,3.296821248,18.59212445682923,3,15.0,0.2,3.0,1.0648506709062195,1.1231731515652508
600,3.296904864,LRU,1.0,1.0,13.861617664,3.296821248,0.00049152,3.296821248,18.59212445682923,3,15.0,0.28,4.2,1.064862439021496,1.1231731515652508
600,3.296904864,LRU,1.0,1.0,13.861617664,3.296821248,0.00049152,3.296821248,18.59212445682923,3,15.0,0.5,7.5,1.064875384248729,1.1231731515652508
600,3.296904864,LRU,1.0,1.0,13.861617664,3.296821248,0.00049152,3.296821248,18.59212445682923,3,15.0,0.75,11.25,1.0648808762584012,1.1231731515652508
600,3.296904864,LRU,1.0,1.0,13.861617664,3.296821248,0.00049152,3.296821248,18.59212445682923,3,15.0,1.0,15.0,1.0648836222844806,1.1231731515652508
600,3.296904864,LRU,1.0,1.0,13.861617664,3.296821248,0.00049152,3.296821248,18.59212445682923,3,17.7,0.05,0.885,1.073246309469922,1.1231731515652508
600,3.296904864,LRU,1.0,1.0,13.861617664,3.296821248,0.00049152,3.296821248,18.59212445682923,3,17.7,0.1,1.77,1.0733172293894373,1.1231731515652508
600,3.296904864,LRU,1.0,1.0,13.861617664,3.296821248,0.00049152,3.296821248,18.59212445682923,3,17.7,0.2,3.54,1.0733526928640924,1.1231731515652508
600,3.296904864,LRU,1.0,1.0,13.861617664,3.296821248,0.00049152,3.296821248,18.59212445682923,3,17.7,0.28,4.956,1.073362825715865,1.1231731515652508
600,3.296904864,LRU,1.0,1.0,13.861617664,3.296821248,0.00049152,3.296821248,18.59212445682923,3,17.7,0.5,8.85,1.0733739720737867,1.1231731515652508
600,3.296904864,LRU,1.0,1.0,13.861617664,3.296821248,0.00049152,3.296821248,18.59212445682923,3,17.7,0.75,13.274999999999999,1.073378700901632,1.1231731515652508
600,3.296904864,LRU,1.0,1.0,13.861617664,3.296821248,0.00049152,3.296821248,18.59212445682923,3,17.7,1.0,17.7,1.0733810653311793,1.1231731515652508
600,3.296904864,LRU,1.0,1.0,13.861617664,3.296821248,0.00049152,3.296821248,18.59212445682923,3,19.0,0.05,0.9500000000000001,1.0765204659083625,1.1231731515652508
600,3.296904864,LRU,1.0,1.0,13.861617664,3.296821248,0.00049152,3.296821248,18.59212445682923,3,19.0,0.1,1.9000000000000001,1.0765869368439114,1.1231731515652508
600,3.296904864,LRU,1.0,1.0,13.861617664,3.296821248,0.00049152,3.296821248,18.59212445682923,3,19.0,0.2,3.8000000000000003,1.0766201753900215,1.1231731515652508
600,3.296904864,LRU,1.0,1.0,13.861617664,3.296821248,0.00049152,3.296821248,18.59212445682923,3,19.0,0.28,5.32,1.0766296724944588,1.1231731515652508
600,3.296904864,LRU,1.0,1.0,13.861617664,3.296821248,0.00049152,3.296821248,18.59212445682923,3,19.0,0.5,9.5,1.0766401195028645,1.1231731515652508
600,3.296904864,LRU,1.0,1.0,13.861617664,3.296821248,0.00049152,3.296821248,18.59212445682923,3,19.0,0.75,14.25,1.076644551628288,1.1231731515652508
600,3.296904864,LRU,1.0,1.0,13.861617664,3.296821248,0.00049152,3.296821248,18.59212445682923,3,19.0,1.0,19.0,1.0766467677046843,1.1231731515652508
800,4.351936864,LIP,0.0,0.0,17.158438912,0.0,0.0,0.0,-0.769772570693994,3,15.0,0.05,0.75,0.9954800325494156,0.9954800325494156
800,4.351936864,LIP,0.0,0.0,17.158438912,0.0,0.0,0.0,-0.769772570693994,3,15.0,0.1,1.5,0.9954800325494156,0.9954800325494156
800,4.351936864,LIP,0.0,0.0,17.158438912,0.0,0.0,0.0,-0.769772570693994,3,15.0,0.2,3.0,0.9954800325494156,0.9954800325494156
800,4.351936864,LIP,0.0,0.0,17.158438912,0.0,0.0,0.0,-0.769772570693994,3,15.0,0.28,4.2,0.9954800325494156,0.9954800325494156
800,4.351936864,LIP,0.0,0.0,17.158438912,0.0,0.0,0.0,-0.769772570693994,3,15.0,0.5,7.5,0.9954800325494156,0.9954800325494156
800,4.351936864,LIP,0.0,0.0,17.158438912,0.0,0.0,0.0,-0.769772570693994,3,15.0,0.75,11.25,0.9954800325494156,0.9954800325494156
800,4.351936864,LIP,0.0,0.0,17.158438912,0.0,0.0,0.0,-0.769772570693994,3,15.0,1.0,15.0,0.9954800325494156,0.9954800325494156
800,4.351936864,LIP,0.0,0.0,17.158438912,0.0,0.0,0.0,-0.769772570693994,3,17.7,0.05,0.885,0.9954800325494156,0.9954800325494156
800,4.351936864,LIP,0.0,0.0,17.158438912,0.0,0.0,0.0,-0.769772570693994,3,17.7,0.1,1.77,0.9954800325494156,0.9954800325494156
800,4.351936864,LIP,0.0,0.0,17.158438912,0.0,0.0,0.0,-0.769772570693994,3,17.7,0.2,3.54,0.9954800325494156,0.9954800325494156
800,4.351936864,LIP,0.0,0.0,17.158438912,0.0,0.0,0.0,-0.769772570693994,3,17.7,0.28,4.956,0.9954800325494156,0.9954800325494156
800,4.351936864,LIP,0.0,0.0,17.158438912,0.0,0.0,0.0,-0.769772570693994,3,17.7,0.5,8.85,0.9954800325494156,0.9954800325494156
800,4.351936864,LIP,0.0,0.0,17.158438912,0.0,0.0,0.0,-0.769772570693994,3,17.7,0.75,13.274999999999999,0.9954800325494156,0.9954800325494156
800,4.351936864,LIP,0.0,0.0,17.158438912,0.0,0.0,0.0,-0.769772570693994,3,17.7,1.0,17.7,0.9954800325494156,0.9954800325494156
800,4.351936864,LIP,0.0,0.0,17.158438912,0.0,0.0,0.0,-0.769772570693994,3,19.0,0.05,0.9500000000000001,0.9954800325494156,0.9954800325494156
800,4.351936864,LIP,0.0,0.0,17.158438912,0.0,0.0,0.0,-0.769772570693994,3,19.0,0.1,1.9000000000000001,0.9954800325494156,0.9954800325494156
800,4.351936864,LIP,0.0,0.0,17.158438912,0.0,0.0,0.0,-0.769772570693994,3,19.0,0.2,3.8000000000000003,0.9954800325494156,0.9954800325494156
800,4.351936864,LIP,0.0,0.0,17.158438912,0.0,0.0,0.0,-0.769772570693994,3,19.0,0.28,5.32,0.9954800325494156,0.9954800325494156
800,4.351936864,LIP,0.0,0.0,17.158438912,0.0,0.0,0.0,-0.769772570693994,3,19.0,0.5,9.5,0.9954800325494156,0.9954800325494156
800,4.351936864,LIP,0.0,0.0,17.158438912,0.0,0.0,0.0,-0.769772570693994,3,19.0,0.75,14.25,0.9954800325494156,0.9954800325494156
800,4.351936864,LIP,0.0,0.0,17.158438912,0.0,0.0,0.0,-0.769772570693994,3,19.0,1.0,19.0,0.9954800325494156,0.9954800325494156
800,4.351936864,LIP,0.02,0.0,12.807749632,4.35068928,0.26005230933333334,0.0,24.781384589922904,3,15.0,0.05,0.75,1.0050206928416054,1.1711968574413667
800,4.351936864,LIP,0.02,0.0,12.807749632,4.35068928,0.26005230933333334,0.0,24.781384589922904,3,15.0,0.1,1.5,1.0454039551623462,1.1711968574413667
800,4.351936864,LIP,0.02,0.0,12.807749632,4.35068928,0.26005230933333334,0.0,24.781384589922904,3,15.0,0.2,3.0,1.0668375337370846,1.1711968574413667
800,4.351936864,LIP,0.02,0.0,12.807749632,4.35068928,0.26005230933333334,0.0,24.781384589922904,3,15.0,0.28,4.2,1.0731237935771822,1.1711968574413667
800,4.351936864,LIP,0.02,0.0,12.807749632,4.35068928,0.26005230933333334,0.0,24.781384589922904,3,15.0,0.5,7.5,1.0801248030587052,1.1711968574413667
800,4.351936864,LIP,0.02,0.0,12.807749632,4.35068928,0.26005230933333334,0.0,24.781384589922904,3,15.0,0.75,11.25,1.0831226023738583,1.1711968574413667
800,4.351936864,LIP,0.02,0.0,12.807749632,4.35068928,0.26005230933333334,0.0,24.781384589922904,3,15.0,1.0,15.0,1.084627750815679,1.1711968574413667
800,4.351936864,LIP,0.02,0.0,12.807749632,4.35068928,0.26005230933333334,0.0,24.781384589922904,3,17.7,0.05,0.885,1.0272541624008749,1.1711968574413667
800,4.351936864,LIP,0.02,0.0,12.807749632,4.35068928,0.26005230933333334,0.0,24.781384589922904,3,17.7,0.1,1.77,1.062817020819135,1.1711968574413667
800,4.351936864,LIP,0.02,0.0,12.807749632,4.35068928,0.26005230933333334,0.0,24.781384589922904,3,17.7,0.2,3.54,1.0815380867742312,1.1711968574413667
800,4.351936864,LIP,0.02,0.0,12.807749632,4.35068928,0.26005230933333334,0.0,24.781384589922904,3,17.7,0.28,4.956,1.087008713128159,1.1711968574413667
800,4.351936864,LIP,0.02,0.0,12.807749632,4.35068928,0.26005230933333334,0.0,24.781384589922904,3,17.7,0.5,8.85,1.0930906808693184,1.1711968574413667
800,4.351936864,LIP,0.02,0.0,12.807749632,4.35068928,0.26005230933333334,0.0,24.781384589922904,3,17.7,0.75,13.274999999999999,1.0956915199558566,1.1711968574413667
800,4.351936864,LIP,0.02,0.0,12.807749632,4.35068928,0.26005230933333334,0.0,24.781384589922904,3,17.7,1.0,17.7,1.0969965862459827,1.1711968574413667
800,4.351936864,LIP,0.02,0.0,12.807749632,4.35068928,0.26005230933333334,0.0,24.781384589922904,3,19.0,0.05,0.9500000000000001,1.0359657008857126,1.1711968574413667
800,4.351936864,LIP,0.02,0.0,12.807749632,4.35068928,0.26005230933333334,0.0,24.781384589922904,3,19.0,0.1,1.9000000000000001,1.0695891515669147,1.1711968574413667
800,4.351936864,LIP,0.02,0.0,12.807749632,4.35068928,0.26005230933333334,0.0,24.781384589922904,3,19.0,0.2,3.8000000000000003,1.0872328437615235,1.1711968574413667
800,4.351936864,LIP,0.02,0.0,12.807749632,4.35068928,0.26005230933333334,0.0,24.781384589922904,3,19.0,0.28,5.32,1.0923813198947936,1.1711968574413667
800,4.351936864,LIP,0.02,0.0,12.807749632,4.35068928,0.26005230933333334,0.0,24.781384589922904,3,19.0,0.5,9.5,1.0981012564821464,1.1711968574413667
800,4.351936864,LIP,0.02,0.0,12.807749632,4.35068928,0.26005230933333334,0.0,24.781384589922904,3,19.0,0.75,14.25,1.1005460335199617,1.1711968574413667
800,4.351936864,LIP,0.02,0.0,12.807749632,4.35068928,0.26005230933333334,0.0,24.781384589922904,3,19.0,1.0,19.0,1.1017725088174593,1.1711968574413667
800,4.351936864,LIP,0.05,0.0,12.807787861333335,4.350651050666667,0.6172945066666666,0.0,24.781160072923115,3,15.0,0.05,0.75,0.9085889798410969,1.171195040885848
800,4.351936864,LIP,0.05,0.0,12.807787861333335,4.350651050666667,0.6172945066666666,0.0,24.781160072923115,3,15.0,0.1,1.5,0.9907169343430614,1.171195040885848
800,4.351936864,LIP,0.05,0.0,12.807787861333335,4.350651050666667,0.6172945066666666,0.0,24.781160072923115,3,15.0,0.2,3.0,1.037612156420307,1.171195040885848
800,4.351936864,LIP,0.05,0.0,12.807787861333335,4.350651050666667,0.6172945066666666,0.0,24.781160072923115,3,15.0,0.28,4.2,1.0518373954624238,1.171195040885848
800,4.351936864,LIP,0.05,0.0,12.807787861333335,4.350651050666667,0.6172945066666666,0.0,24.781160072923115,3,15.0,0.5,7.5,1.067942557567271,1.171195040885848
800,4.351936864,LIP,0.05,0.0,12.807787861333335,4.350651050666667,0.6172945066666666,0.0,24.781160072923115,3,15.0,0.75,11.25,1.074925022479183,1.171195040885848
800,4.351936864,LIP,0.05,0.0,12.807787861333335,4.350651050666667,0.6172945066666666,0.0,24.781160072923115,3,15.0,1.0,15.0,1.0784506070105437,1.171195040885848
800,4.351936864,LIP,0.05,0.0,12.807787861333335,4.350651050666667,0.6172945066666666,0.0,24.781160072923115,3,17.7,0.05,0.885,0.9407661387928916,1.171195040885848
800,4.351936864,LIP,0.05,0.0,12.807787861333335,4.350651050666667,0.6172945066666666,0.0,24.781160072923115,3,17.7,0.1,1.77,1.0145657038597704,1.171195040885848
800,4.351936864,LIP,0.05,0.0,12.807787861333335,4.350651050666667,0.6172945066666666,0.0,24.781160072923115,3,17.7,0.2,3.54,1.0559847184951212,1.171195040885848
800,4.351936864,LIP,0.05,0.0,12.807787861333335,4.350651050666667,0.6172945066666666,0.0,24.781160072923115,3,17.7,0.28,4.956,1.0684472023064053,1.171195040885848
800,4.351936864,LIP,0.05,0.0,12.807787861333335,4.350651050666667,0.6172945066666666,0.0,24.781160072923115,3,17.7,0.5,8.85,1.0825001563710088,1.171195040885848
800,4.351936864,LIP,0.05,0.0,12.807787861333335,4.350651050666667,0.6172945066666666,0.0,24.781160072923115,3,17.7,0.75,13.274999999999999,1.0885743235744805,1.171195040885848
800,4.351936864,LIP,0.05,0.0,12.807787861333335,4.350651050666667,0.6172945066666666,0.0,24.781160072923115,3,17.7,1.0,17.7,1.0916370418006047,1.171195040885848
800,4.351936864,LIP,0.05,0.0,12.807787861333335,4.350651050666667,0.6172945066666666,0.0,24.781160072923115,3,19.0,0.05,0.9500000000000001,0.9536031869654173,1.171195040885848
800,4.351936864,LIP,0.05,0.0,12.807787861333335,4.350651050666667,0.6172945066666666,0.0,24.781160072923115,3,19.0,0.1,1.9000000000000001,1.0239349794969117,1.171195040885848
800,4.351936864,LIP,0.05,0.0,12.807787861333335,4.350651050666667,0.6172945066666666,0.0,24.781160072923115,3,19.0,0.2,3.8000000000000003,1.0631402596357737,1.171195040885848
800,4.351936864,LIP,0.05,0.0,12.807787861333335,4.350651050666667,0.6172945066666666,0.0,24.781160072923115,3,19.0,0.28,5.32,1.0748993009980634,1.171195040885848
800,4.351936864,LIP,0.05,0.0,12.807787861333335,4.350651050666667,0.6172945066666666,0.0,24.781160072923115,3,19.0,0.5,9.5,1.088138392143043,1.171195040885848
800,4.351936864,LIP,0.05,0.0,12.807787861333335,4.350651050666667,0.6172945066666666,0.0,24.781160072923115,3,19.0,0.75,14.25,1.0938540188145631,1.171195040885848
800,4.351936864,LIP,0.05,0.0,12.807787861333335,4.350651050666667,0.6172945066666666,0.0,24.781160072923115,3,19.0,1.0,19.0,1.0967344081474109,1.171195040885848
800,4.351936864,LIP,0.1,0.0,12.807771477333334,4.350667434666667,1.254866944,0.0,24.781256294494458,3,15.0,0.05,0.75,0.7757489449278826,1.1711958194089516
800,4.351936864,LIP,0.1,0.0,12.807771477333334,4.350667434666667,1.254866944,0.0,24.781256294494458,3,15.0,0.1,1.5,0.9061217362160247,1.1711958194089516
800,4.351936864,LIP,0.1,0.0,12.807771477333334,4.350667434666667,1.254866944,0.0,24.781256294494458,3,15.0,0.2,3.0,0.9892485630635763,1.1711958194089516
800,4.351936864,LIP,0.1,0.0,12.807771477333334,4.350667434666667,1.254866944,0.0,24.781256294494458,3,15.0,0.28,4.2,1.0158758706385826,1.1711958194089516
800,4.351936864,LIP,0.1,0.0,12.807771477333334,4.350667434666667,1.254866944,0.0,24.781256294494458,3,15.0,0.5,7.5,1.0468720464373322,1.1711958194089516
800,4.351936864,LIP,0.1,0.0,12.807771477333334,4.350667434666667,1.254866944,0.0,24.781256294494458,3,15.0,0.75,11.25,1.0606008770960447,1.1711958194089516
800,4.351936864,LIP,0.1,0.0,12.807771477333334,4.350667434666667,1.254866944,0.0,24.781256294494458,3,15.0,1.0,15.0,1.0676012150755945,1.1711958194089516
800,4.351936864,LIP,0.1,0.0,12.807771477333334,4.350667434666667,1.254866944,0.0,24.781256294494458,3,17.7,0.05,0.885,0.8178734940306917,1.1711958194089516
800,4.351936864,LIP,0.1,0.0,12.807771477333334,4.350667434666667,1.254866944,0.0,24.781256294494458,3,17.7,0.1,1.77,0.9385238672347818,1.1711958194089516
800,4.351936864,LIP,0.1,0.0,12.807771477333334,4.350667434666667,1.254866944,0.0,24.781256294494458,3,17.7,0.2,3.54,1.0132605234535588,1.1711958194089516
800,4.351936864,LIP,0.1,0.0,12.807771477333334,4.350667434666667,1.254866944,0.0,24.781256294494458,3,17.7,0.28,4.956,1.0368509963437627,1.1711958194089516
800,4.351936864,LIP,0.1,0.0,12.807771477333334,4.350667434666667,1.254866944,0.0,24.781256294494458,3,17.7,0.5,8.85,1.0641025774192703,1.1711958194089516
800,4.351936864,LIP,0.1,0.0,12.807771477333334,4.350667434666667,1.254866944,0.0,24.781256294494458,3,17.7,0.75,13.274999999999999,1.076101512186742,1.1711958194089516
800,4.351936864,LIP,0.1,0.0,12.807771477333334,4.350667434666667,1.254866944,0.0,24.781256294494458,3,17.7,1.0,17.7,1.082203030897652,1.1711958194089516
800,4.351936864,LIP,0.1,0.0,12.807771477333334,4.350667434666667,1.254866944,0.0,24.781256294494458,3,19.0,0.05,0.9500000000000001,0.8351110442781786,1.1711958194089516
800,4.351936864,LIP,0.1,0.0,12.807771477333334,4.350667434666667,1.254866944,0.0,24.781256294494458,3,19.0,0.1,1.9000000000000001,0.9514566890867113,1.1711958194089516
800,4.351936864,LIP,0.1,0.0,12.807771477333334,4.350667434666667,1.254866944,0.0,24.781256294494458,3,19.0,0.2,3.8000000000000003,1.022696485818677,1.1711958194089516
800,4.351936864,LIP,0.1,0.0,12.807771477333334,4.350667434666667,1.254866944,0.0,24.781256294494458,3,19.0,0.28,5.32,1.045052991078301,1.1711958194089516
800,4.351936864,LIP,0.1,0.0,12.807771477333334,4.350667434666667,1.254866944,0.0,24.781256294494458,3,19.0,0.5,9.5,1.070801908488507,1.1711958194089516
800,4.351936864,LIP,0.1,0.0,12.807771477333334,4.350667434666667,1.254866944,0.0,24.781256294494458,3,19.0,0.75,14.25,1.0821130751671624,1.1711958194089516
800,4.351936864,LIP,0.1,0.0,12.807771477333334,4.350667434666667,1.254866944,0.0,24.781256294494458,3,19.0,1.0,19.0,1.0878587464751182,1.1711958194089516
800,4.351936864,LIP,0.2,0.0,12.807787861333335,4.350651050666667,2.5306125653333336,0.0,24.781160072923115,3,15.0,0.05,0.75,0.6001702999101998,0.8179847311814399
800,4.351936864,LIP,0.2,0.0,12.807787861333335,4.350651050666667,2.5306125653333336,0.0,24.781160072923115,3,15.0,0.1,1.5,0.7738961208689601,1.171195040885848
800,4.351936864,LIP,0.2,0.0,12.807787861333335,4.350651050666667,2.5306125653333336,0.0,24.781160072923115,3,15.0,0.2,3.0,0.9048563814292458,1.171195040885848
800,4.351936864,LIP,0.2,0.0,12.807787861333335,4.350651050666667,2.5306125653333336,0.0,24.781160072923115,3,15.0,0.28,4.2,0.9508281094556059,1.171195040885848
800,4.351936864,LIP,0.2,0.0,12.807787861333335,4.350651050666667,2.5306125653333336,0.0,24.781160072923115,3,15.0,0.5,7.5,1.0071116597409246,1.171195040885848
800,4.351936864,LIP,0.2,0.0,12.807787861333335,4.350651050666667,2.5306125653333336,0.0,24.781160072923115,3,15.0,0.75,11.25,1.033054455885947,1.171195040885848
800,4.351936864,LIP,0.2,0.0,12.807787861333335,4.350651050666667,2.5306125653333336,0.0,24.781160072923115,3,15.0,1.0,15.0,1.0465336007255186,1.171195040885848
800,4.351936864,LIP,0.2,0.0,12.807787861333335,4.350651050666667,2.5306125653333336,0.0,24.781160072923115,3,17.7,0.05,0.885,0.6483933589497025,0.9102522061323111
800,4.351936864,LIP,0.2,0.0,12.807787861333335,4.350651050666667,2.5306125653333336,0.0,24.781160072923115,3,17.7,0.1,1.77,0.816127644104792,1.171195040885848
800,4.351936864,LIP,0.2,0.0,12.807787861333335,4.350651050666667,2.5306125653333336,0.0,24.781160072923115,3,17.7,0.2,3.54,0.9373731974636282,1.171195040885848
800,4.351936864,LIP,0.2,0.0,12.807787861333335,4.350651050666667,2.5306125653333336,0.0,24.781160072923115,3,17.7,0.28,4.956,0.9789249238917748,1.171195040885848
800,4.351936864,LIP,0.2,0.0,12.807787861333335,4.350651050666667,2.5306125653333336,0.0,24.781160072923115,3,17.7,0.5,8.85,1.0291047083862939,1.171195040885848
800,4.351936864,LIP,0.2,0.0,12.807787861333335,4.350651050666667,2.5306125653333336,0.0,24.781160072923115,3,17.7,0.75,13.274999999999999,1.0519818493551394,1.171195040885848
800,4.351936864,LIP,0.2,0.0,12.807787861333335,4.350651050666667,2.5306125653333336,0.0,24.781160072923115,3,17.7,1.0,17.7,1.0638061285406397,1.171195040885848
800,4.351936864,LIP,0.2,0.0,12.807787861333335,4.350651050666667,2.5306125653333336,0.0,24.781160072923115,3,19.0,0.05,0.9500000000000001,0.6688204753096398,0.9510291343204726
800,4.351936864,LIP,0.2,0.0,12.807787861333335,4.350651050666667,2.5306125653333336,0.0,24.781160072923115,3,19.0,0.1,1.9000000000000001,0.833415165133304,1.171195040885848
800,4.351936864,LIP,0.2,0.0,12.807787861333335,4.350651050666667,2.5306125653333336,0.0,24.781160072923115,3,19.0,0.2,3.8000000000000003,0.9503548930741401,1.171195040885848
800,4.351936864,LIP,0.2,0.0,12.807787861333335,4.350651050666667,2.5306125653333336,0.0,24.781160072923115,3,19.0,0.28,5.32,0.9900455047786563,1.171195040885848
800,4.351936864,LIP,0.2,0.0,12.807787861333335,4.350651050666667,2.5306125653333336,0.0,24.781160072923115,3,19.0,0.5,9.5,1.0377187051077295,1.171195040885848
800,4.351936864,LIP,0.2,0.0,12.807787861333335,4.350651050666667,2.5306125653333336,0.0,24.781160072923115,3,19.0,0.75,14.25,1.0593596731372992,1.171195040885848
800,4.351936864,LIP,0.2,0.0,12.807787861333335,4.350651050666667,2.5306125653333336,0.0,24.781160072923115,3,19.0,1.0,19.0,1.0705222052886254,1.171195040885848
800,4.351936864,LIP,0.35,0.0,12.807766016,4.350672896,4.440866816,0.0,24.78128836835157,3,15.0,0.05,0.75,0.4482548676306635,0.5595352721953962
800,4.351936864,LIP,0.35,0.0,12.807766016,4.350672896,4.440866816,0.0,24.78128836835157,3,15.0,0.1,1.5,0.6351211105890396,0.8843088996215338
800,4.351936864,LIP,0.35,0.0,12.807766016,4.350672896,4.440866816,0.0,24.78128836835157,3,15.0,0.2,3.0,0.8023638135047998,1.171196078916883
800,4.351936864,LIP,0.35,0.0,12.807766016,4.350672896,4.440866816,0.0,24.78128836835157,3,15.0,0.28,4.2,0.8676411988927945,1.171196078916883
800,4.351936864,LIP,0.35,0.0,12.807766016,4.350672896,4.440866816,0.0,24.78128836835157,3,15.0,0.5,7.5,0.9529198831371452,1.171196078916883
800,4.351936864,LIP,0.35,0.0,12.807766016,4.350672896,4.440866816,0.0,24.78128836835157,3,15.0,0.75,11.25,0.9943836143332268,1.171196078916883
800,4.351936864,LIP,0.35,0.0,12.807766016,4.350672896,4.440866816,0.0,24.78128836835157,3,15.0,1.0,15.0,1.0164987102767185,1.171196078916883
800,4.351936864,LIP,0.35,0.0,12.807766016,4.350672896,4.440866816,0.0,24.78128836835157,3,17.7,0.05,0.885,0.4948496322707223,0.6340592772192681
800,4.351936864,LIP,0.35,0.0,12.807766016,4.350672896,4.440866816,0.0,24.78128836835157,3,17.7,0.1,1.77,0.6827945473209514,0.9795344711902654
800,4.351936864,LIP,0.35,0.0,12.807766016,4.350672896,4.440866816,0.0,24.78128836835157,3,17.7,0.2,3.54,0.842853252676814,1.171196078916883
800,4.351936864,LIP,0.35,0.0,12.807766016,4.350672896,4.440866816,0.0,24.78128836835157,3,17.7,0.28,4.956,0.9033567538785381,1.171196078916883
800,4.351936864,LIP,0.35,0.0,12.807766016,4.350672896,4.440866816,0.0,24.78128836835157,3,17.7,0.5,8.85,0.9808035108685978,1.171196078916883
800,4.351936864,LIP,0.35,0.0,12.807766016,4.350672896,4.440866816,0.0,24.78128836835157,3,17.7,0.75,13.274999999999999,1.0178229890346266,1.171196078916883
800,4.351936864,LIP,0.35,0.0,12.807766016,4.350672896,4.440866816,0.0,24.78128836835157,3,17.7,1.0,17.7,1.037400833672202,1.171196078916883
800,4.351936864,LIP,0.35,0.0,12.807766016,4.350672896,4.440866816,0.0,24.78128836835157,3,19.0,0.05,0.9500000000000001,0.5152064869757059,0.6678719226054985
800,4.351936864,LIP,0.35,0.0,12.807766016,4.350672896,4.440866816,0.0,24.78128836835157,3,19.0,0.1,1.9000000000000001,0.7028484474922896,1.0213403471111153
800,4.351936864,LIP,0.35,0.0,12.807766016,4.350672896,4.440866816,0.0,24.78128836835157,3,19.0,0.2,3.8000000000000003,0.8593368156624044,1.171196078916883
800,4.351936864,LIP,0.35,0.0,12.807766016,4.350672896,4.440866816,0.0,24.78128836835157,3,19.0,0.28,5.32,0.917716374438566,1.171196078916883
800,4.351936864,LIP,0.35,0.0,12.807766016,4.350672896,4.440866816,0.0,24.78128836835157,3,19.0,0.5,9.5,0.9918353961360171,1.171196078916883
800,4.351936864,LIP,0.35,0.0,12.807766016,4.350672896,4.440866816,0.0,24.78128836835157,3,19.0,0.75,14.25,1.0270251620104724,1.171196078916883
800,4.351936864,LIP,0.35,0.0,12.807766016,4.350672896,4.440866816,0.0,24.78128836835157,3,19.0,1.0,19.0,1.0455733410836558,1.171196078916883
800,4.351936864,LIP,0.5,0.0,12.807776938666667,4.350661973333333,6.36928,0.0,24.781224220637355,3,15.0,0.05,0.75,0.35702526887432,0.4242239448267503
800,4.351936864,LIP,0.5,0.0,12.807776938666667,4.350661973333333,6.36928,0.0,24.781224220637355,3,15.0,0.1,1.5,0.5377711057260056,0.7062892373472668
800,4.351936864,LIP,0.5,0.0,12.807776938666667,4.350661973333333,6.36928,0.0,24.781224220637355,3,15.0,0.2,3.0,0.7200306814912758,1.0580297063251183
800,4.351936864,LIP,0.5,0.0,12.807776938666667,4.350661973333333,6.36928,0.0,24.781224220637355,3,15.0,0.28,4.2,0.7972290185074745,1.1711955599011354
800,4.351936864,LIP,0.5,0.0,12.807776938666667,4.350661973333333,6.36928,0.0,24.781224220637355,3,15.0,0.5,7.5,0.9038230923864015,1.1711955599011354
800,4.351936864,LIP,0.5,0.0,12.807776938666667,4.350661973333333,6.36928,0.0,24.781224220637355,3,15.0,0.75,11.25,0.9581742175139861,1.1711955599011354
800,4.351936864,LIP,0.5,0.0,12.807776938666667,4.350661973333333,6.36928,0.0,24.781224220637355,3,15.0,1.0,15.0,0.9878770598870583,1.1711955599011354
800,4.351936864,LIP,0.5,0.0,12.807776938666667,4.350661973333333,6.36928,0.0,24.781224220637355,3,17.7,0.05,0.885,0.39937571444512726,0.4853824116995378
800,4.351936864,LIP,0.5,0.0,12.807776938666667,4.350661973333333,6.36928,0.0,24.781224220637355,3,17.7,0.1,1.77,0.5861267833431127,0.7921175703338258
800,4.351936864,LIP,0.5,0.0,12.807776938666667,4.350661973333333,6.36928,0.0,24.781224220637355,3,17.7,0.2,3.54,0.7649825658796571,1.158020362763164
800,4.351936864,LIP,0.5,0.0,12.807776938666667,4.350661973333333,6.36928,0.0,24.781224220637355,3,17.7,0.28,4.956,0.8380480551548724,1.1711955599011354
800,4.351936864,LIP,0.5,0.0,12.807776938666667,4.350661973333333,6.36928,0.0,24.781224220637355,3,17.7,0.5,8.85,0.9364333816750375,1.1711955599011354
800,4.351936864,LIP,0.5,0.0,12.807776938666667,4.350661973333333,6.36928,0.0,24.781224220637355,3,17.7,0.75,13.274999999999999,0.9855173632958898,1.1711955599011354
800,4.351936864,LIP,0.5,0.0,12.807776938666667,4.350661973333333,6.36928,0.0,24.781224220637355,3,17.7,1.0,17.7,1.0120408707177448,1.1711955599011354
800,4.351936864,LIP,0.5,0.0,12.807776938666667,4.350661973333333,6.36928,0.0,24.781224220637355,3,19.0,0.05,0.9500000000000001,0.4182337000257728,0.513523369189574
800,4.351936864,LIP,0.5,0.0,12.807776938666667,4.350661973333333,6.36928,0.0,24.781224220637355,3,19.0,0.1,1.9000000000000001,0.6068693482856553,0.8304789264861191
800,4.351936864,LIP,0.5,0.0,12.807776938666667,4.350661973333333,6.36928,0.0,24.781224220637355,3,19.0,0.2,3.8000000000000003,0.7835775639702297,1.1711955599011354
800,4.351936864,LIP,0.5,0.0,12.807776938666667,4.350661973333333,6.36928,0.0,24.781224220637355,3,19.0,0.28,5.32,0.8546822421567031,1.1711955599011354
800,4.351936864,LIP,0.5,0.0,12.807776938666667,4.350661973333333,6.36928,0.0,24.781224220637355,3,19.0,0.5,9.5,0.9494549358183852,1.1711955599011354
800,4.351936864,LIP,0.5,0.0,12.807776938666667,4.350661973333333,6.36928,0.0,24.781224220637355,3,19.0,0.75,14.25,0.9963247870054512,1.1711955599011354
800,4.351936864,LIP,0.5,0.0,12.807776938666667,4.350661973333333,6.36928,0.0,24.781224220637355,3,19.0,1.0,19.0,1.0215389260009962,1.1711955599011354
800,4.351936864,LIP,0.75,0.0,12.807771477333334,4.350667434666667,9.610898090666666,0.0,24.781256294494458,3,15.0,0.05,0.75,0.266016870499651,0.30161512410634184
800,4.351936864,LIP,0.75,0.0,12.807771477333334,4.350667434666667,9.610898090666666,0.0,24.781256294494458,3,15.0,0.1,1.5,0.42759783282041364,0.5277129457517424
800,4.351936864,LIP,0.75,0.0,12.807771477333334,4.350667434666667,9.610898090666666,0.0,24.781256294494458,3,15.0,0.2,3.0,0.614103841925961,0.8440865564077323
800,4.351936864,LIP,0.75,0.0,12.807771477333334,4.350667434666667,9.610898090666666,0.0,24.781256294494458,3,15.0,0.28,4.2,0.701528653167351,1.018555996928844
800,4.351936864,LIP,0.75,0.0,12.807771477333334,4.350667434666667,9.610898090666666,0.0,24.781256294494458,3,15.0,0.5,7.5,0.8317842050282818,1.1711958194089516
800,4.351936864,LIP,0.75,0.0,12.807771477333334,4.350667434666667,9.610898090666666,0.0,24.781256294494458,3,15.0,0.75,11.25,0.9029068453227687,1.1711958194089516
800,4.351936864,LIP,0.75,0.0,12.807771477333334,4.350667434666667,9.610898090666666,0.0,24.781256294494458,3,15.0,1.0,15.0,0.9432329399369141,1.1711958194089516
800,4.351936864,LIP,0.75,0.0,12.807771477333334,4.350667434666667,9.610898090666666,0.0,24.781256294494458,3,17.7,0.05,0.885,0.30157053186023075,0.34815336479480674
800,4.351936864,LIP,0.75,0.0,12.807771477333334,4.350667434666667,9.610898090666666,0.0,24.781256294494458,3,17.7,0.1,1.77,0.4734515715341124,0.5993507930100276
800,4.351936864,LIP,0.75,0.0,12.807771477333334,4.350667434666667,9.610898090666666,0.0,24.781256294494458,3,17.7,0.2,3.54,0.662148283060815,0.937594404945327
800,4.351936864,LIP,0.75,0.0,12.807771477333334,4.350667434666667,9.610898090666666,0.0,24.781256294494458,3,17.7,0.28,4.956,0.7472385738322107,1.117837753888119
800,4.351936864,LIP,0.75,0.0,12.807771477333334,4.350667434666667,9.610898090666666,0.0,24.781256294494458,3,17.7,0.5,8.85,0.8702552826836701,1.1711958194089516
800,4.351936864,LIP,0.75,0.0,12.807771477333334,4.350667434666667,9.610898090666666,0.0,24.781256294494458,3,17.7,0.75,13.274999999999999,0.9355997810423531,1.1711958194089516
800,4.351936864,LIP,0.75,0.0,12.807771477333334,4.350667434666667,9.610898090666666,0.0,24.781256294494458,3,17.7,1.0,17.7,0.9720954452996151,1.1711958194089516
800,4.351936864,LIP,0.75,0.0,12.807771477333334,4.350667434666667,9.610898090666666,0.0,24.781256294494458,3,19.0,0.05,0.9500000000000001,0.3177113336909091,0.36984508236615893
800,4.351936864,LIP,0.75,0.0,12.807771477333334,4.350667434666667,9.610898090666666,0.0,24.781256294494458,3,19.0,0.1,1.9000000000000001,0.49357054109454734,0.6319609007781709
800,4.351936864,LIP,0.75,0.0,12.807771477333334,4.350667434666667,9.610898090666666,0.0,24.781256294494458,3,19.0,0.2,3.8000000000000003,0.6824430945364444,0.9788115010840013
800,4.351936864,LIP,0.75,0.0,12.807771477333334,4.350667434666667,9.610898090666666,0.0,24.781256294494458,3,19.0,0.28,5.32,0.7662158299991494,1.160848536865403
800,4.351936864,LIP,0.75,0.0,12.807771477333334,4.350667434666667,9.610898090666666,0.0,24.781256294494458,3,19.0,0.5,9.5,0.8858289465481075,1.1711958194089516
800,4.351936864,LIP,0.75,0.0,12.807771477333334,4.350667434666667,9.610898090666666,0.0,24.781256294494458,3,19.0,0.75,14.25,0.9486565960799069,1.1711958194089516
800,4.351936864,LIP,0.75,0.0,12.807771477333334,4.350667434666667,9.610898090666666,0.0,24.781256294494458,3,19.0,1.0,19.0,0.983535346832946,1.1711958194089516
800,4.351936864,LIP,1.0,0.0,12.807766016,4.350672896,12.80671744,0.0,24.78128836835157,3,15.0,0.05,0.75,0.21259137770640252,0.23473168111874493
800,4.351936864,LIP,1.0,0.0,12.807766016,4.350672896,12.80671744,0.0,24.78128836835157,3,15.0,0.1,1.5,0.3557458162296519,0.42241868353867595
800,4.351936864,LIP,1.0,0.0,12.807766016,4.350672896,12.80671744,0.0,24.78128836835157,3,15.0,0.2,3.0,0.5363184379472579,0.703785426053486
800,4.351936864,LIP,1.0,0.0,12.807766016,4.350672896,12.80671744,0.0,24.78128836835157,3,15.0,0.28,4.2,0.6272916587394619,0.869203549931146
800,4.351936864,LIP,1.0,0.0,12.807766016,4.350672896,12.80671744,0.0,24.78128836835157,3,15.0,0.5,7.5,0.7711855721252501,1.171196078916883
800,4.351936864,LIP,1.0,0.0,12.807766016,4.350672896,12.80671744,0.0,24.78128836835157,3,15.0,0.75,11.25,0.8543256554786289,1.171196078916883
800,4.351936864,LIP,1.0,0.0,12.807766016,4.350672896,12.80671744,0.0,24.78128836835157,3,15.0,1.0,15.0,0.903001090172128,1.171196078916883
800,4.351936864,LIP,1.0,0.0,12.807766016,4.350672896,12.80671744,0.0,24.78128836835157,3,17.7,0.05,0.885,0.2429208803764933,0.2722651355895905
800,4.351936864,LIP,1.0,0.0,12.807766016,4.350672896,12.80671744,0.0,24.78128836835157,3,17.7,0.1,1.77,0.3980186963401281,0.4833793611763044
800,4.351936864,LIP,1.0,0.0,12.807766016,4.350672896,12.80671744,0.0,24.78128836835157,3,17.7,0.2,3.54,0.5846640801410727,0.7894481927407851
800,4.351936864,LIP,1.0,0.0,12.807766016,4.350672896,12.80671744,0.0,24.78128836835157,3,17.7,0.28,4.956,0.6751175265389212,0.9638114822400532
800,4.351936864,LIP,1.0,0.0,12.807766016,4.350672896,12.80671744,0.0,24.78128836835157,3,17.7,0.5,8.85,0.8135721505765822,1.171196078916883
800,4.351936864,LIP,1.0,0.0,12.807766016,4.350672896,12.80671744,0.0,24.78128836835157,3,17.7,0.75,13.274999999999999,0.8911021281998945,1.171196078916883
800,4.351936864,LIP,1.0,0.0,12.807766016,4.350672896,12.80671744,0.0,24.78128836835157,3,17.7,1.0,17.7,0.9356855622908051,1.171196078916883
800,4.351936864,LIP,1.0,0.0,12.807766016,4.350672896,12.80671744,0.0,24.78128836835157,3,19.0,0.05,0.9500000000000001,0.25684975552267664,0.2898844495092496
800,4.351936864,LIP,1.0,0.0,12.807766016,4.350672896,12.80671744,0.0,24.78128836835157,3,19.0,0.1,1.9000000000000001,0.4168472165492432,0.5114346033736136
800,4.351936864,LIP,1.0,0.0,12.807766016,4.350672896,12.80671744,0.0,24.78128836835157,3,19.0,0.2,3.8000000000000003,0.6054084541228671,0.8277452839334193
800,4.351936864,LIP,1.0,0.0,12.807766016,4.350672896,12.80671744,0.0,24.78128836835157,3,19.0,0.28,5.32,0.6952669286856337,1.0054088659638818
800,4.351936864,LIP,1.0,0.0,12.807766016,4.350672896,12.80671744,0.0,24.78128836835157,3,19.0,0.5,9.5,0.8309322548167551,1.171196078916883
800,4.351936864,LIP,1.0,0.0,12.807766016,4.350672896,12.80671744,0.0,24.78128836835157,3,19.0,0.75,14.25,0.9059258245712677,1.171196078916883
800,4.351936864,LIP,1.0,0.0,12.807766016,4.350672896,12.80671744,0.0,24.78128836835157,3,19.0,1.0,19.0,0.9487387653152578,1.171196078916883
800,4.351936864,LIP,0.0,0.25,16.071032832,1.08740608,0.0,1.08740608,5.616453118926012,3,15.0,0.05,0.75,1.017352397468685,1.0342636578788142
800,4.351936864,LIP,0.0,0.25,16.071032832,1.08740608,0.0,1.08740608,5.616453118926012,3,15.0,0.1,1.5,1.017352397468685,1.0342636578788142
800,4.351936864,LIP,0.0,0.25,16.071032832,1.08740608,0.0,1.08740608,5.616453118926012,3,15.0,0.2,3.0,1.017352397468685,1.0342636578788142
800,4.351936864,LIP,0.0,0.25,16.071032832,1.08740608,0.0,1.08740608,5.616453118926012,3,15.0,0.28,4.2,1.017352397468685,1.0342636578788142
800,4.351936864,LIP,0.0,0.25,16.071032832,1.08740608,0.0,1.08740608,5.616453118926012,3,15.0,0.5,7.5,1.017352397468685,1.0342636578788142
800,4.351936864,LIP,0.0,0.25,16.071032832,1.08740608,0.0,1.08740608,5.616453118926012,3,15.0,0.75,11.25,1.017352397468685,1.0342636578788142
800,4.351936864,LIP,0.0,0.25,16.071032832,1.08740608,0.0,1.08740608,5.616453118926012,3,15.0,1.0,15.0,1.017352397468685,1.0342636578788142
800,4.351936864,LIP,0.0,0.25,16.071032832,1.08740608,0.0,1.08740608,5.616453118926012,3,17.7,0.05,0.885,1.0198962457359695,1.0342636578788142
800,4.351936864,LIP,0.0,0.25,16.071032832,1.08740608,0.0,1.08740608,5.616453118926012,3,17.7,0.1,1.77,1.0198962457359695,1.0342636578788142
800,4.351936864,LIP,0.0,0.25,16.071032832,1.08740608,0.0,1.08740608,5.616453118926012,3,17.7,0.2,3.54,1.0198962457359695,1.0342636578788142
800,4.351936864,LIP,0.0,0.25,16.071032832,1.08740608,0.0,1.08740608,5.616453118926012,3,17.7,0.28,4.956,1.0198962457359695,1.0342636578788142
800,4.351936864,LIP,0.0,0.25,16.071032832,1.08740608,0.0,1.08740608,5.616453118926012,3,17.7,0.5,8.85,1.0198962457359695,1.0342636578788142
800,4.351936864,LIP,0.0,0.25,16.071032832,1.08740608,0.0,1.08740608,5.616453118926012,3,17.7,0.75,13.274999999999999,1.0198962457359695,1.0342636578788142
800,4.351936864,LIP,0.0,0.25,16.071032832,1.08740608,0.0,1.08740608,5.616453118926012,3,17.7,1.0,17.7,1.0198962457359695,1.0342636578788142
800,4.351936864,LIP,0.0,0.25,16.071032832,1.08740608,0.0,1.08740608,5.616453118926012,3,19.0,0.05,0.9500000000000001,1.0208665456855173,1.0342636578788142
800,4.351936864,LIP,0.0,0.25,16.071032832,1.08740608,0.0,1.08740608,5.616453118926012,3,19.0,0.1,1.9000000000000001,1.0208665456855173,1.0342636578788142
800,4.351936864,LIP,0.0,0.25,16.071032832,1.08740608,0.0,1.08740608,5.616453118926012,3,19.0,0.2,3.8000000000000003,1.0208665456855173,1.0342636578788142
800,4.351936864,LIP,0.0,0.25,16.071032832,1.08740608,0.0,1.08740608,5.616453118926012,3,19.0,0.28,5.32,1.0208665456855173,1.0342636578788142
800,4.351936864,LIP,0.0,0.25,16.071032832,1.08740608,0.0,1.08740608,5.616453118926012,3,19.0,0.5,9.5,1.0208665456855173,1.0342636578788142
800,4.351936864,LIP,0.0,0.25,16.071032832,1.08740608,0.0,1.08740608,5.616453118926012,3,19.0,0.75,14.25,1.0208665456855173,1.0342636578788142
800,4.351936864,LIP,0.0,0.25,16.071032832,1.08740608,0.0,1.08740608,5.616453118926012,3,19.0,1.0,19.0,1.0208665456855173,1.0342636578788142
800,4.351936864,LIP,0.02,0.25,12.807744170666666,4.350694741333333,0.24013482666666666,1.08740608,24.78141666378002,3,15.0,0.05,0.75,1.0110031763600582,1.171197116949758
800,4.351936864,LIP,0.02,0.25,12.807744170666666,4.350694741333333,0.24013482666666666,1.08740608,24.78141666378002,3,15.0,0.1,1.5,1.0486312521129386,1.171197116949758
800,4.351936864,LIP,0.02,0.25,12.807744170666666,4.350694741333333,0.24013482666666666,1.08740608,24.78141666378002,3,15.0,0.2,3.0,1.0685155537349296,1.171197116949758
800,4.351936864,LIP,0.02,0.25,12.807744170666666,4.350694741333333,0.24013482666666666,1.08740608,24.78141666378002,3,15.0,0.28,4.2,1.074336045085183,1.171197116949758
800,4.351936864,LIP,0.02,0.25,12.807744170666666,4.350694741333333,0.24013482666666666,1.08740608,24.78141666378002,3,15.0,0.5,7.5,1.0808122674246559,1.171197116949758
800,4.351936864,LIP,0.02,0.25,12.807744170666666,4.350694741333333,0.24013482666666666,1.08740608,24.78141666378002,3,15.0,0.75,11.25,1.083583404726158,1.171197116949758
800,4.351936864,LIP,0.02,0.25,12.807744170666666,4.350694741333333,0.24013482666666666,1.08740608,24.78141666378002,3,15.0,1.0,15.0,1.0849743089883637,1.171197116949758
800,4.351936864,LIP,0.02,0.25,12.807744170666666,4.350694741333333,0.24013482666666666,1.08740608,24.78141666378002,3,17.7,0.05,0.885,1.032546677366708,1.171197116949758
800,4.351936864,LIP,0.02,0.25,12.807744170666666,4.350694741333333,0.24013482666666666,1.08740608,24.78141666378002,3,17.7,0.1,1.77,1.0656427148194383,1.171197116949758
800,4.351936864,LIP,0.02,0.25,12.807744170666666,4.350694741333333,0.24013482666666666,1.08740608,24.78141666378002,3,17.7,0.2,3.54,1.0829993082071163,1.171197116949758
800,4.351936864,LIP,0.02,0.25,12.807744170666666,4.350694741333333,0.24013482666666666,1.08740608,24.78141666378002,3,17.7,0.28,4.956,1.0880626673652345,1.171197116949758
800,4.351936864,LIP,0.02,0.25,12.807744170666666,4.350694741333333,0.24013482666666666,1.08740608,24.78141666378002,3,17.7,0.5,8.85,1.0936873292500404,1.171197116949758
800,4.351936864,LIP,0.02,0.25,12.807744170666666,4.350694741333333,0.24013482666666666,1.08740608,24.78141666378002,3,17.7,0.75,13.274999999999999,1.0960911566493448,1.171197116949758
800,4.351936864,LIP,0.02,0.25,12.807744170666666,4.350694741333333,0.24013482666666666,1.08740608,24.78141666378002,3,17.7,1.0,17.7,1.0972970372574449,1.171197116949758
800,4.351936864,LIP,0.02,0.25,12.807744170666666,4.350694741333333,0.24013482666666666,1.08740608,24.78141666378002,3,19.0,0.05,0.9500000000000001,1.0409785255427269,1.171197116949758
800,4.351936864,LIP,0.02,0.25,12.807744170666666,4.350694741333333,0.24013482666666666,1.08740608,24.78141666378002,3,19.0,0.1,1.9000000000000001,1.0722547336095092,1.171197116949758
800,4.351936864,LIP,0.02,0.25,12.807744170666666,4.350694741333333,0.24013482666666666,1.08740608,24.78141666378002,3,19.0,0.2,3.8000000000000003,1.0886083569747116,1.171197116949758
800,4.351936864,LIP,0.02,0.25,12.807744170666666,4.350694741333333,0.24013482666666666,1.08740608,24.78141666378002,3,19.0,0.28,5.32,1.0933728452062539,1.171197116949758
800,4.351936864,LIP,0.02,0.25,12.807744170666666,4.350694741333333,0.24013482666666666,1.08740608,24.78141666378002,3,19.0,0.5,9.5,1.0986621848648743,1.171197116949758
800,4.351936864,LIP,0.02,0.25,12.807744170666666,4.350694741333333,0.24013482666666666,1.08740608,24.78141666378002,3,19.0,0.75,14.25,1.1009216397645039,1.171197116949758
800,4.351936864,LIP,0.02,0.25,12.807744170666666,4.350694741333333,0.24013482666666666,1.08740608,24.78141666378002,3,19.0,1.0,19.0,1.1020548558148664,1.171197116949758
800,4.351936864,LIP,0.05,0.25,12.807793322666665,4.350645589333333,0.6197302613333334,1.08740608,24.781127999066012,3,15.0,0.05,0.75,0.9079948773625732,1.171194781378377
800,4.351936864,LIP,0.05,0.25,12.807793322666665,4.350645589333333,0.6197302613333334,1.08740608,24.781127999066012,3,15.0,0.1,1.5,0.9903635964872375,1.171194781378377
800,4.351936864,LIP,0.05,0.25,12.807793322666665,4.350645589333333,0.6197302613333334,1.08740608,24.781127999066012,3,15.0,0.2,3.0,1.037418275240656,1.171194781378377
800,4.351936864,LIP,0.05,0.25,12.807793322666665,4.350645589333333,0.6197302613333334,1.08740608,24.781127999066012,3,15.0,0.28,4.2,1.0516950440732509,1.171194781378377
800,4.351936864,LIP,0.05,0.25,12.807793322666665,4.350645589333333,0.6197302613333334,1.08740608,24.781127999066012,3,15.0,0.5,7.5,1.0678603217195002,1.171194781378377
800,4.351936864,LIP,0.05,0.25,12.807793322666665,4.350645589333333,0.6197302613333334,1.08740608,24.781127999066012,3,15.0,0.75,11.25,1.0748694361539732,1.171194781378377
800,4.351936864,LIP,0.05,0.25,12.807793322666665,4.350645589333333,0.6197302613333334,1.08740608,24.781127999066012,3,15.0,1.0,15.0,1.0784086112735083,1.171194781378377
800,4.351936864,LIP,0.05,0.25,12.807793322666665,4.350645589333333,0.6197302613333334,1.08740608,24.781127999066012,3,17.7,0.05,0.885,0.9402263012264974,1.171194781378377
800,4.351936864,LIP,0.05,0.25,12.807793322666665,4.350645589333333,0.6197302613333334,1.08740608,24.781127999066012,3,17.7,0.1,1.77,1.0142516306700633,1.171194781378377
800,4.351936864,LIP,0.05,0.25,12.807793322666665,4.350645589333333,0.6197302613333334,1.08740608,24.781127999066012,3,17.7,0.2,3.54,1.055814505755505,1.171194781378377
800,4.351936864,LIP,0.05,0.25,12.807793322666665,4.350645589333333,0.6197302613333334,1.08740608,24.781127999066012,3,17.7,0.28,4.956,1.0683226901658802,1.171194781378377
800,4.351936864,LIP,0.05,0.25,12.807793322666665,4.350645589333333,0.6197302613333334,1.08740608,24.781127999066012,3,17.7,0.5,8.85,1.0824285174459596,1.171194781378377
800,4.351936864,LIP,0.05,0.25,12.807793322666665,4.350645589333333,0.6197302613333334,1.08740608,24.781127999066012,3,17.7,0.75,13.274999999999999,1.0885259780525613,1.171194781378377
800,4.351936864,LIP,0.05,0.25,12.807793322666665,4.350645589333333,0.6197302613333334,1.08740608,24.781127999066012,3,17.7,1.0,17.7,1.0916005419593067,1.171194781378377
800,4.351936864,LIP,0.05,0.25,12.807793322666665,4.350645589333333,0.6197302613333334,1.08740608,24.781127999066012,3,19.0,0.05,0.9500000000000001,0.9530864392476003,1.171194781378377
800,4.351936864,LIP,0.05,0.25,12.807793322666665,4.350645589333333,0.6197302613333334,1.08740608,24.781127999066012,3,19.0,0.1,1.9000000000000001,1.0236369476032006,1.171194781378377
800,4.351936864,LIP,0.05,0.25,12.807793322666665,4.350645589333333,0.6197302613333334,1.08740608,24.781127999066012,3,19.0,0.2,3.8000000000000003,1.0629795205636123,1.171194781378377
800,4.351936864,LIP,0.05,0.25,12.807793322666665,4.350645589333333,0.6197302613333334,1.08740608,24.781127999066012,3,19.0,0.28,5.32,1.0747818871605221,1.171194781378377
800,4.351936864,LIP,0.05,0.25,12.807793322666665,4.350645589333333,0.6197302613333334,1.08740608,24.781127999066012,3,19.0,0.5,9.5,1.0880709422028676,1.171194781378377
800,4.351936864,LIP,0.05,0.25,12.807793322666665,4.350645589333333,0.6197302613333334,1.08740608,24.781127999066012,3,19.0,0.75,14.25,1.093808527594275,1.171194781378377
800,4.351936864,LIP,0.05,0.25,12.807793322666665,4.350645589333333,0.6197302613333334,1.08740608,24.781127999066012,3,19.0,1.0,19.0,1.0967000717327438,1.171194781378377
800,4.351936864,LIP,0.1,0.25,12.807733248,4.350705664,1.2530920106666668,1.08740608,24.781480811494237,3,15.0,0.05,0.75,0.7760652754142072,1.1711976359668854
800,4.351936864,LIP,0.1,0.25,12.807733248,4.350705664,1.2530920106666668,1.08740608,24.781480811494237,3,15.0,0.1,1.5,0.9063378066608825,1.1711976359668854
800,4.351936864,LIP,0.1,0.25,12.807733248,4.350705664,1.2530920106666668,1.08740608,24.781480811494237,3,15.0,0.2,3.0,0.9893776873045248,1.1711976359668854
800,4.351936864,LIP,0.1,0.25,12.807733248,4.350705664,1.2530920106666668,1.08740608,24.781480811494237,3,15.0,0.28,4.2,1.015973354739742,1.1711976359668854
800,4.351936864,LIP,0.1,0.25,12.807733248,4.350705664,1.2530920106666668,1.08740608,24.781480811494237,3,15.0,0.5,7.5,1.0469303835182115,1.1711976359668854
800,4.351936864,LIP,0.1,0.25,12.807733248,4.350705664,1.2530920106666668,1.08740608,24.781480811494237,3,15.0,0.75,11.25,1.0606410792205991,1.1711976359668854
800,4.351936864,LIP,0.1,0.25,12.807733248,4.350705664,1.2530920106666668,1.08740608,24.781480811494237,3,15.0,1.0,15.0,1.067631982082391,1.1711976359668854
800,4.351936864,LIP,0.1,0.25,12.807733248,4.350705664,1.2530920106666668,1.08740608,24.781480811494237,3,17.7,0.05,0.885,0.8181715975554383,1.1711976359668854
800,4.351936864,LIP,0.1,0.25,12.807733248,4.350705664,1.2530920106666668,1.08740608,24.781480811494237,3,17.7,0.1,1.77,0.9387204799653307,1.1711976359668854
800,4.351936864,LIP,0.1,0.25,12.807733248,4.350705664,1.2530920106666668,1.08740608,24.781480811494237,3,17.7,0.2,3.54,1.0133755329675131,1.1711976359668854
800,4.351936864,LIP,0.1,0.25,12.807733248,4.350705664,1.2530920106666668,1.08740608,24.781480811494237,3,17.7,0.28,4.956,1.0369372728079496,1.1711976359668854
800,4.351936864,LIP,0.1,0.25,12.807733248,4.350705664,1.2530920106666668,1.08740608,24.781480811494237,3,17.7,0.5,8.85,1.064153884799209,1.1711976359668854
800,4.351936864,LIP,0.1,0.25,12.807733248,4.350705664,1.2530920106666668,1.08740608,24.781480811494237,3,17.7,0.75,13.274999999999999,1.0761368186716063,1.1711976359668854
800,4.351936864,LIP,0.1,0.25,12.807733248,4.350705664,1.2530920106666668,1.08740608,24.781480811494237,3,17.7,1.0,17.7,1.082230059235676,1.1711976359668854
800,4.351936864,LIP,0.1,0.25,12.807733248,4.350705664,1.2530920106666668,1.08740608,24.781480811494237,3,19.0,0.05,0.9500000000000001,0.8354006386286679,1.1711976359668854
800,4.351936864,LIP,0.1,0.25,12.807733248,4.350705664,1.2530920106666668,1.08740608,24.781480811494237,3,19.0,0.1,1.9000000000000001,0.9516450118975878,1.1711976359668854
800,4.351936864,LIP,0.1,0.25,12.807733248,4.350705664,1.2530920106666668,1.08740608,24.781480811494237,3,19.0,0.2,3.8000000000000003,1.0228057250877647,1.1711976359668854
800,4.351936864,LIP,0.1,0.25,12.807733248,4.350705664,1.2530920106666668,1.08740608,24.781480811494237,3,19.0,0.28,5.32,1.0451347395894817,1.1711976359668854
800,4.351936864,LIP,0.1,0.25,12.807733248,4.350705664,1.2530920106666668,1.08740608,24.781480811494237,3,19.0,0.5,9.5,1.0708504128521261,1.1711976359668854
800,4.351936864,LIP,0.1,0.25,12.807733248,4.350705664,1.2530920106666668,1.08740608,24.781480811494237,3,19.0,0.75,14.25,1.0821464404953145,1.1711976359668854
800,4.351936864,LIP,0.1,0.25,12.807733248,4.350705664,1.2530920106666668,1.08740608,24.781480811494237,3,19.0,1.0,19.0,1.0878842965670517,1.1711976359668854
800,4.351936864,LIP,0.2,0.25,12.807776938666667,4.350661973333333,2.512863232,1.08740608,24.781224220637355,3,15.0,0.05,0.75,0.6020662649870159,0.8215103752872589
800,4.351936864,LIP,0.2,0.25,12.807776938666667,4.350661973333333,2.512863232,1.08740608,24.781224220637355,3,15.0,0.1,1.5,0.7754706385002559,1.1711955599011354
800,4.351936864,LIP,0.2,0.25,12.807776938666667,4.350661973333333,2.512863232,1.08740608,24.781224220637355,3,15.0,0.2,3.0,0.9059318075332029,1.1711955599011354
800,4.351936864,LIP,0.2,0.25,12.807776938666667,4.350661973333333,2.512863232,1.08740608,24.781224220637355,3,15.0,0.28,4.2,0.9516761122469685,1.1711955599011354
800,4.351936864,LIP,0.2,0.25,12.807776938666667,4.350661973333333,2.512863232,1.08740608,24.781224220637355,3,15.0,0.5,7.5,1.0076443294491253,1.1711955599011354
800,4.351936864,LIP,0.2,0.25,12.807776938666667,4.350661973333333,2.512863232,1.08740608,24.781224220637355,3,15.0,0.75,11.25,1.033428114565855,1.1711955599011354
800,4.351936864,LIP,0.2,0.25,12.807776938666667,4.350661973333333,2.512863232,1.08740608,24.781224220637355,3,15.0,1.0,15.0,1.0468212400568757,1.1711955599011354
800,4.351936864,LIP,0.2,0.25,12.807776938666667,4.350661973333333,2.512863232,1.08740608,24.781224220637355,3,17.7,0.05,0.885,0.6502682077503456,0.9139511944390193
800,4.351936864,LIP,0.2,0.25,12.807776938666667,4.350661973333333,2.512863232,1.08740608,24.781224220637355,3,17.7,0.1,1.77,0.8176113018937226,1.1711955599011354
800,4.351936864,LIP,0.2,0.25,12.807776938666667,4.350661973333333,2.512863232,1.08740608,24.781224220637355,3,17.7,0.2,3.54,0.9383511637397213,1.1711955599011354
800,4.351936864,LIP,0.2,0.25,12.807776938666667,4.350661973333333,2.512863232,1.08740608,24.781224220637355,3,17.7,0.28,4.956,0.9796866383974234,1.1711955599011354
800,4.351936864,LIP,0.2,0.25,12.807776938666667,4.350661973333333,2.512863232,1.08740608,24.781224220637355,3,17.7,0.5,8.85,1.0295760822099391,1.1711955599011354
800,4.351936864,LIP,0.2,0.25,12.807776938666667,4.350661973333333,2.512863232,1.08740608,24.781224220637355,3,17.7,0.75,13.274999999999999,1.0523102667379853,1.1711955599011354
800,4.351936864,LIP,0.2,0.25,12.807776938666667,4.350661973333333,2.512863232,1.08740608,24.781224220637355,3,17.7,1.0,17.7,1.0640580591956268,1.1711955599011354
800,4.351936864,LIP,0.2,0.25,12.807776938666667,4.350661973333333,2.512863232,1.08740608,24.781224220637355,3,19.0,0.05,0.9500000000000001,0.670678628765057,0.9547902759517339
800,4.351936864,LIP,0.2,0.25,12.807776938666667,4.350661973333333,2.512863232,1.08740608,24.781224220637355,3,19.0,0.1,1.9000000000000001,0.8348563743334421,1.1711955599011354
800,4.351936864,LIP,0.2,0.25,12.807776938666667,4.350661973333333,2.512863232,1.08740608,24.781224220637355,3,19.0,0.2,3.8000000000000003,0.9512913241594432,1.1711955599011354
800,4.351936864,LIP,0.2,0.25,12.807776938666667,4.350661973333333,2.512863232,1.08740608,24.781224220637355,3,19.0,0.28,5.32,0.9907713083380698,1.1711955599011354
800,4.351936864,LIP,0.2,0.25,12.807776938666667,4.350661973333333,2.512863232,1.08740608,24.781224220637355,3,19.0,0.5,9.5,1.0381652245430486,1.1711955599011354
800,4.351936864,LIP,0.2,0.25,12.807776938666667,4.350661973333333,2.512863232,1.08740608,24.781224220637355,3,19.0,0.75,14.25,1.0596699493503647,1.1711955599011354
800,4.351936864,LIP,0.2,0.25,12.807776938666667,4.350661973333333,2.512863232,1.08740608,24.781224220637355,3,19.0,1.0,19.0,1.0707598974555068,1.1711955599011354
800,4.351936864,LIP,0.35,0.25,12.807766016,4.350672896,4.449249962666667,1.08740608,24.78128836835157,3,15.0,0.05,0.75,0.447757489740057,0.5587605040219656
800,4.351936864,LIP,0.35,0.25,12.807766016,4.350672896,4.449249962666667,1.08740608,24.78128836835157,3,15.0,0.1,1.5,0.6346216973261509,0.8833410207675834
800,4.351936864,LIP,0.35,0.25,12.807766016,4.350672896,4.449249962666667,1.08740608,24.78128836835157,3,15.0,0.2,3.0,0.8019651693029626,1.171196078916883
800,4.351936864,LIP,0.35,0.25,12.807766016,4.350672896,4.449249962666667,1.08740608,24.78128836835157,3,15.0,0.28,4.2,0.8673081989235242,1.171196078916883
800,4.351936864,LIP,0.35,0.25,12.807766016,4.350672896,4.449249962666667,1.08740608,24.78128836835157,3,15.0,0.5,7.5,0.9526949109466912,1.171196078916883
800,4.351936864,LIP,0.35,0.25,12.807766016,4.350672896,4.449249962666667,1.08740608,24.78128836835157,3,15.0,0.75,11.25,0.9942202851001608,1.171196078916883
800,4.351936864,LIP,0.35,0.25,12.807766016,4.350672896,4.449249962666667,1.08740608,24.78128836835157,3,15.0,1.0,15.0,1.0163706991926742,1.171196078916883
800,4.351936864,LIP,0.35,0.25,12.807766016,4.350672896,4.449249962666667,1.08740608,24.78128836835157,3,17.7,0.05,0.885,0.4943359057297057,0.6332161008900691
800,4.351936864,LIP,0.35,0.25,12.807766016,4.350672896,4.449249962666667,1.08740608,24.78128836835157,3,17.7,0.1,1.77,0.6823053597357135,0.9785280040905441
800,4.351936864,LIP,0.35,0.25,12.807766016,4.350672896,4.449249962666667,1.08740608,24.78128836835157,3,17.7,0.2,3.54,0.842480441950778,1.171196078916883
800,4.351936864,LIP,0.35,0.25,12.807766016,4.350672896,4.449249962666667,1.08740608,24.78128836835157,3,17.7,0.28,4.956,0.9030508252934178,1.171196078916883
800,4.351936864,LIP,0.35,0.25,12.807766016,4.350672896,4.449249962666667,1.08740608,24.78128836835157,3,17.7,0.5,8.85,0.9806015295637468,1.171196078916883
800,4.351936864,LIP,0.35,0.25,12.807766016,4.350672896,4.449249962666667,1.08740608,24.78128836835157,3,17.7,0.75,13.274999999999999,1.0176779690131574,1.171196078916883
800,4.351936864,LIP,0.35,0.25,12.807766016,4.350672896,4.449249962666667,1.08740608,24.78128836835157,3,17.7,1.0,17.7,1.0372878404276638,1.171196078916883
800,4.351936864,LIP,0.35,0.25,12.807766016,4.350672896,4.449249962666667,1.08740608,24.78128836835157,3,19.0,0.05,0.9500000000000001,0.5146877091784648,0.6670004062429201
800,4.351936864,LIP,0.35,0.25,12.807766016,4.350672896,4.449249962666667,1.08740608,24.78128836835157,3,19.0,0.1,1.9000000000000001,0.7023655542147302,1.0203209730751952
800,4.351936864,LIP,0.35,0.25,12.807766016,4.350672896,4.449249962666667,1.08740608,24.78128836835157,3,19.0,0.2,3.8000000000000003,0.8589757878912666,1.171196078916883
800,4.351936864,LIP,0.35,0.25,12.807766016,4.350672896,4.449249962666667,1.08740608,24.78128836835157,3,19.0,0.28,5.32,0.9174222399309756,1.171196078916883
800,4.351936864,LIP,0.35,0.25,12.807766016,4.350672896,4.449249962666667,1.08740608,24.78128836835157,3,19.0,0.5,9.5,0.9916429756958137,1.171196078916883
800,4.351936864,LIP,0.35,0.25,12.807766016,4.350672896,4.449249962666667,1.08740608,24.78128836835157,3,19.0,0.75,14.25,1.0268876093485542,1.171196078916883
800,4.351936864,LIP,0.35,0.25,12.807766016,4.350672896,4.449249962666667,1.08740608,24.78128836835157,3,19.0,1.0,19.0,1.0454664132293856,1.171196078916883
800,4.351936864,LIP,0.5,0.25,12.807749632,4.35068928,6.371672064,1.08740608,24.781384589922904,3,15.0,0.05,0.75,0.3569352280466965,0.424096655446116
800,4.351936864,LIP,0.5,0.25,12.807749632,4.35068928,6.371672064,1.08740608,24.781384589922904,3,15.0,0.1,1.5,0.5376690352534869,0.7061127122564576
800,4.351936864,LIP,0.5,0.25,12.807749632,4.35068928,6.371672064,1.08740608,24.781384589922904,3,15.0,0.2,3.0,0.7199393255467991,1.0578314034234806
800,4.351936864,LIP,0.5,0.25,12.807749632,4.35068928,6.371672064,1.08740608,24.781384589922904,3,15.0,0.28,4.2,0.797149117984347,1.1711968574413667
800,4.351936864,LIP,0.5,0.25,12.807749632,4.35068928,6.371672064,1.08740608,24.781384589922904,3,15.0,0.5,7.5,0.9037657758598268,1.1711968574413667
800,4.351936864,LIP,0.5,0.25,12.807749632,4.35068928,6.371672064,1.08740608,24.781384589922904,3,15.0,0.75,11.25,0.9581314378617101,1.1711968574413667
800,4.351936864,LIP,0.5,0.25,12.807749632,4.35068928,6.371672064,1.08740608,24.781384589922904,3,15.0,1.0,15.0,0.9878430870614066,1.1711968574413667
800,4.351936864,LIP,0.5,0.25,12.807749632,4.35068928,6.371672064,1.08740608,24.781384589922904,3,17.7,0.05,0.885,0.3992802538980492,0.4852411931204214
800,4.351936864,LIP,0.5,0.25,12.807749632,4.35068928,6.371672064,1.08740608,24.781384589922904,3,17.7,0.1,1.77,0.5860240756135473,0.7919294031295786
800,4.351936864,LIP,0.5,0.25,12.807749632,4.35068928,6.371672064,1.08740608,24.781384589922904,3,17.7,0.2,3.54,0.76489526037713,1.1578190415084773
800,4.351936864,LIP,0.5,0.25,12.807749632,4.35068928,6.371672064,1.08740608,24.781384589922904,3,17.7,0.28,4.956,0.837973331945883,1.1711968574413667
800,4.351936864,LIP,0.5,0.25,12.807749632,4.35068928,6.371672064,1.08740608,24.781384589922904,3,17.7,0.5,8.85,0.9363813661419831,1.1711968574413667
800,4.351936864,LIP,0.5,0.25,12.807749632,4.35068928,6.371672064,1.08740608,24.781384589922904,3,17.7,0.75,13.274999999999999,0.9854791506084243,1.1711968574413667
800,4.351936864,LIP,0.5,0.25,12.807749632,4.35068928,6.371672064,1.08740608,24.781384589922904,3,17.7,1.0,17.7,1.0120108021547505,1.1711968574413667
800,4.351936864,LIP,0.5,0.25,12.807749632,4.35068928,6.371672064,1.08740608,24.781384589922904,3,19.0,0.05,0.9500000000000001,0.41813618524014545,0.5133761156721478
800,4.351936864,LIP,0.5,0.25,12.807749632,4.35068928,6.371672064,1.08740608,24.781384589922904,3,19.0,0.1,1.9000000000000001,0.606766799183523,0.8302862432454264
800,4.351936864,LIP,0.5,0.25,12.807749632,4.35068928,6.371672064,1.08740608,24.781384589922904,3,19.0,0.2,3.8000000000000003,0.7834922692373095,1.1711968574413667
800,4.351936864,LIP,0.5,0.25,12.807749632,4.35068928,6.371672064,1.08740608,24.781384589922904,3,19.0,0.28,5.32,0.8546098877492205,1.1711968574413667
800,4.351936864,LIP,0.5,0.25,12.807749632,4.35068928,6.371672064,1.08740608,24.781384589922904,3,19.0,0.5,9.5,0.9494051804343661,1.1711968574413667
800,4.351936864,LIP,0.5,0.25,12.807749632,4.35068928,6.371672064,1.08740608,24.781384589922904,3,19.0,0.75,14.25,0.9962884679938889,1.1711968574413667
800,4.351936864,LIP,0.5,0.25,12.807749632,4.35068928,6.371672064,1.08740608,24.781384589922904,3,19.0,1.0,19.0,1.0215104540053193,1.1711968574413667
800,4.351936864,LIP,0.75,0.25,12.807766016,4.350672896,9.608790016,1.08740608,24.78128836835157,3,15.0,0.05,0.75,0.2660609831839979,0.3016718170649976
800,4.351936864,LIP,0.75,0.25,12.807766016,4.350672896,9.608790016,1.08740608,24.78128836835157,3,15.0,0.1,1.5,0.42765482923922354,0.5277997062222013
800,4.351936864,LIP,0.75,0.25,12.807766016,4.350672896,9.608790016,1.08740608,24.78128836835157,3,15.0,0.2,3.0,0.6141626402591343,0.8441975105461628
800,4.351936864,LIP,0.75,0.25,12.807766016,4.350672896,9.608790016,1.08740608,24.78128836835157,3,15.0,0.28,4.2,0.7015834754840925,1.018671372367573
800,4.351936864,LIP,0.75,0.25,12.807766016,4.350672896,9.608790016,1.08740608,24.78128836835157,3,15.0,0.5,7.5,0.8318273963700843,1.171196078916883
800,4.351936864,LIP,0.75,0.25,12.807766016,4.350672896,9.608790016,1.08740608,24.78128836835157,3,15.0,0.75,11.25,0.902940803230235,1.171196078916883
800,4.351936864,LIP,0.75,0.25,12.807766016,4.350672896,9.608790016,1.08740608,24.78128836835157,3,15.0,1.0,15.0,0.9432607580396107,1.171196078916883
800,4.351936864,LIP,0.75,0.25,12.807766016,4.350672896,9.608790016,1.08740608,24.78128836835157,3,17.7,0.05,0.885,0.30161857836792816,0.34821737958121396
800,4.351936864,LIP,0.75,0.25,12.807766016,4.350672896,9.608790016,1.08740608,24.78128836835157,3,17.7,0.1,1.77,0.47351079442167243,0.5994456357048706
800,4.351936864,LIP,0.75,0.25,12.807766016,4.350672896,9.608790016,1.08740608,24.78128836835157,3,17.7,0.2,3.54,0.6622062260866384,0.9377104199592832
800,4.351936864,LIP,0.75,0.25,12.807766016,4.350672896,9.608790016,1.08740608,24.78128836835157,3,17.7,0.28,4.956,0.7472913007731721,1.117955518727548
800,4.351936864,LIP,0.75,0.25,12.807766016,4.350672896,9.608790016,1.08740608,24.78128836835157,3,17.7,0.5,8.85,0.870295371293282,1.171196078916883
800,4.351936864,LIP,0.75,0.25,12.807766016,4.350672896,9.608790016,1.08740608,24.78128836835157,3,17.7,0.75,13.274999999999999,0.935630705791667,1.171196078916883
800,4.351936864,LIP,0.75,0.25,12.807766016,4.350672896,9.608790016,1.08740608,24.78128836835157,3,17.7,1.0,17.7,0.9721205119637425,1.171196078916883
800,4.351936864,LIP,0.75,0.25,12.807766016,4.350672896,9.608790016,1.08740608,24.78128836835157,3,19.0,0.05,0.9500000000000001,0.31776101342294405,0.36991237966618623
800,4.351936864,LIP,0.75,0.25,12.807766016,4.350672896,9.608790016,1.08740608,24.78128836835157,3,19.0,0.1,1.9000000000000001,0.4936305033361574,0.6320591299725877
800,4.351936864,LIP,0.75,0.25,12.807766016,4.350672896,9.608790016,1.08740608,24.78128836835157,3,19.0,0.2,3.8000000000000003,0.6825004384542324,0.9789292889352473
800,4.351936864,LIP,0.75,0.25,12.807766016,4.350672896,9.608790016,1.08740608,24.78128836835157,3,19.0,0.28,5.32,0.766267483344362,1.1609668484821298
800,4.351936864,LIP,0.75,0.25,12.807766016,4.350672896,9.608790016,1.08740608,24.78128836835157,3,19.0,0.5,9.5,0.885867650919813,1.171196078916883
800,4.351936864,LIP,0.75,0.25,12.807766016,4.350672896,9.608790016,1.08740608,24.78128836835157,3,19.0,0.75,14.25,0.9486862262187231,1.171196078916883
800,4.351936864,LIP,0.75,0.25,12.807766016,4.350672896,9.608790016,1.08740608,24.78128836835157,3,19.0,1.0,19.0,0.9835592637466517,1.171196078916883
800,4.351936864,LIP,1.0,0.25,12.807766016,4.350672896,12.80671744,1.08740608,24.78128836835157,3,15.0,0.05,0.75,0.21259137770640252,0.23473168111874493
800,4.351936864,LIP,1.0,0.25,12.807766016,4.350672896,12.80671744,1.08740608,24.78128836835157,3,15.0,0.1,1.5,0.3557458162296519,0.42241868353867595
800,4.351936864,LIP,1.0,0.25,12.807766016,4.350672896,12.80671744,1.08740608,24.78128836835157,3,15.0,0.2,3.0,0.5363184379472579,0.703785426053486
800,4.351936864,LIP,1.0,0.25,12.807766016,4.350672896,12.80671744,1.08740608,24.78128836835157,3,15.0,0.28,4.2,0.6272916587394619,0.869203549931146
800,4.351936864,LIP,1.0,0.25,12.807766016,4.350672896,12.80671744,1.08740608,24.78128836835157,3,15.0,0.5,7.5,0.7711855721252501,1.171196078916883
800,4.351936864,LIP,1.0,0.25,12.807766016,4.350672896,12.80671744,1.08740608,24.78128836835157,3,15.0,0.75,11.25,0.8543256554786289,1.171196078916883
800,4.351936864,LIP,1.0,0.25,12.807766016,4.350672896,12.80671744,1.08740608,24.78128836835157,3,15.0,1.0,15.0,0.903001090172128,1.171196078916883
800,4.351936864,LIP,1.0,0.25,12.807766016,4.350672896,12.80671744,1.08740608,24.78128836835157,3,17.7,0.05,0.885,0.2429208803764933,0.2722651355895905
800,4.351936864,LIP,1.0,0.25,12.807766016,4.350672896,12.80671744,1.08740608,24.78128836835157,3,17.7,0.1,1.77,0.3980186963401281,0.4833793611763044
800,4.351936864,LIP,1.0,0.25,12.807766016,4.350672896,12.80671744,1.08740608,24.78128836835157,3,17.7,0.2,3.54,0.5846640801410727,0.7894481927407851
800,4.351936864,LIP,1.0,0.25,12.807766016,4.350672896,12.80671744,1.08740608,24.78128836835157,3,17.7,0.28,4.956,0.6751175265389212,0.9638114822400532
800,4.351936864,LIP,1.0,0.25,12.807766016,4.350672896,12.80671744,1.08740608,24.78128836835157,3,17.7,0.5,8.85,0.8135721505765822,1.171196078916883
800,4.351936864,LIP,1.0,0.25,12.807766016,4.350672896,12.80671744,1.08740608,24.78128836835157,3,17.7,0.75,13.274999999999999,0.8911021281998945,1.171196078916883
800,4.351936864,LIP,1.0,0.25,12.807766016,4.350672896,12.80671744,1.08740608,24.78128836835157,3,17.7,1.0,17.7,0.9356855622908051,1.171196078916883
800,4.351936864,LIP,1.0,0.25,12.807766016,4.350672896,12.80671744,1.08740608,24.78128836835157,3,19.0,0.05,0.9500000000000001,0.25684975552267664,0.2898844495092496
800,4.351936864,LIP,1.0,0.25,12.807766016,4.350672896,12.80671744,1.08740608,24.78128836835157,3,19.0,0.1,1.9000000000000001,0.4168472165492432,0.5114346033736136
800,4.351936864,LIP,1.0,0.25,12.807766016,4.350672896,12.80671744,1.08740608,24.78128836835157,3,19.0,0.2,3.8000000000000003,0.6054084541228671,0.8277452839334193
800,4.351936864,LIP,1.0,0.25,12.807766016,4.350672896,12.80671744,1.08740608,24.78128836835157,3,19.0,0.28,5.32,0.6952669286856337,1.0054088659638818
800,4.351936864,LIP,1.0,0.25,12.807766016,4.350672896,12.80671744,1.08740608,24.78128836835157,3,19.0,0.5,9.5,0.8309322548167551,1.171196078916883
800,4.351936864,LIP,1.0,0.25,12.807766016,4.350672896,12.80671744,1.08740608,24.78128836835157,3,19.0,0.75,14.25,0.9059258245712677,1.171196078916883
800,4.351936864,LIP,1.0,0.25,12.807766016,4.350672896,12.80671744,1.08740608,24.78128836835157,3,19.0,1.0,19.0,0.9487387653152578,1.171196078916883
800,4.351936864,LIP,0.0,0.5,14.982578176,2.175860736,0.0,2.175860736,12.008836989111572,3,15.0,0.05,0.75,1.0402300343865125,1.0762338624789474
800,4.351936864,LIP,0.0,0.5,14.982578176,2.175860736,0.0,2.175860736,12.008836989111572,3,15.0,0.1,1.5,1.0402300343865125,1.0762338624789474
800,4.351936864,LIP,0.0,0.5,14.982578176,2.175860736,0.0,2.175860736,12.008836989111572,3,15.0,0.2,3.0,1.0402300343865125,1.0762338624789474
800,4.351936864,LIP,0.0,0.5,14.982578176,2.175860736,0.0,2.175860736,12.008836989111572,3,15.0,0.28,4.2,1.0402300343865125,1.0762338624789474
800,4.351936864,LIP,0.0,0.5,14.982578176,2.175860736,0.0,2.175860736,12.008836989111572,3,15.0,0.5,7.5,1.0402300343865125,1.0762338624789474
800,4.351936864,LIP,0.0,0.5,14.982578176,2.175860736,0.0,2.175860736,12.008836989111572,3,15.0,0.75,11.25,1.0402300343865125,1.0762338624789474
800,4.351936864,LIP,0.0,0.5,14.982578176,2.175860736,0.0,2.175860736,12.008836989111572,3,15.0,1.0,15.0,1.0402300343865125,1.0762338624789474
800,4.351936864,LIP,0.0,0.5,14.982578176,2.175860736,0.0,2.175860736,12.008836989111572,3,17.7,0.05,0.885,1.04556564131718,1.0762338624789474
800,4.351936864,LIP,0.0,0.5,14.982578176,2.175860736,0.0,2.175860736,12.008836989111572,3,17.7,0.1,1.77,1.04556564131718,1.0762338624789474
800,4.351936864,LIP,0.0,0.5,14.982578176,2.175860736,0.0,2.175860736,12.008836989111572,3,17.7,0.2,3.54,1.04556564131718,1.0762338624789474
800,4.351936864,LIP,0.0,0.5,14.982578176,2.175860736,0.0,2.175860736,12.008836989111572,3,17.7,0.28,4.956,1.04556564131718,1.0762338624789474
800,4.351936864,LIP,0.0,0.5,14.982578176,2.175860736,0.0,2.175860736,12.008836989111572,3,17.7,0.5,8.85,1.04556564131718,1.0762338624789474
800,4.351936864,LIP,0.0,0.5,14.982578176,2.175860736,0.0,2.175860736,12.008836989111572,3,17.7,0.75,13.274999999999999,1.04556564131718,1.0762338624789474
800,4.351936864,LIP,0.0,0.5,14.982578176,2.175860736,0.0,2.175860736,12.008836989111572,3,17.7,1.0,17.7,1.04556564131718,1.0762338624789474
800,4.351936864,LIP,0.0,0.5,14.982578176,2.175860736,0.0,2.175860736,12.008836989111572,3,19.0,0.05,0.9500000000000001,1.0476081813004363,1.0762338624789474
800,4.351936864,LIP,0.0,0.5,14.982578176,2.175860736,0.0,2.175860736,12.008836989111572,3,19.0,0.1,1.9000000000000001,1.0476081813004363,1.0762338624789474
800,4.351936864,LIP,0.0,0.5,14.982578176,2.175860736,0.0,2.175860736,12.008836989111572,3,19.0,0.2,3.8000000000000003,1.0476081813004363,1.0762338624789474
800,4.351936864,LIP,0.0,0.5,14.982578176,2.175860736,0.0,2.175860736,12.008836989111572,3,19.0,0.28,5.32,1.0476081813004363,1.0762338624789474
800,4.351936864,LIP,0.0,0.5,14.982578176,2.175860736,0.0,2.175860736,12.008836989111572,3,19.0,0.5,9.5,1.0476081813004363,1.0762338624789474
800,4.351936864,LIP,0.0,0.5,14.982578176,2.175860736,0.0,2.175860736,12.008836989111572,3,19.0,0.75,14.25,1.0476081813004363,1.0762338624789474
800,4.351936864,LIP,0.0,0.5,14.982578176,2.175860736,0.0,2.175860736,12.008836989111572,3,19.0,1.0,19.0,1.0476081813004363,1.0762338624789474
800,4.351936864,LIP,0.02,0.5,12.807716864,4.350722048,0.23385429333333335,2.175860736,24.78157703306558,3,15.0,0.05,0.75,1.012904938157914,1.171198414493439
800,4.351936864,LIP,0.02,0.5,12.807716864,4.350722048,0.23385429333333335,2.175860736,24.78157703306558,3,15.0,0.1,1.5,1.0496536042837394,1.171198414493439
800,4.351936864,LIP,0.02,0.5,12.807716864,4.350722048,0.23385429333333335,2.175860736,24.78157703306558,3,15.0,0.2,3.0,1.0690463558260148,1.171198414493439
800,4.351936864,LIP,0.02,0.5,12.807716864,4.350722048,0.23385429333333335,2.175860736,24.78157703306558,3,15.0,0.28,4.2,1.0747194566102392,1.171198414493439
800,4.351936864,LIP,0.02,0.5,12.807716864,4.350722048,0.23385429333333335,2.175860736,24.78157703306558,3,15.0,0.5,7.5,1.08102981929038,1.171198414493439
800,4.351936864,LIP,0.02,0.5,12.807716864,4.350722048,0.23385429333333335,2.175860736,24.78157703306558,3,15.0,0.75,11.25,1.0837293865653297,1.171198414493439
800,4.351936864,LIP,0.02,0.5,12.807716864,4.350722048,0.23385429333333335,2.175860736,24.78157703306558,3,15.0,1.0,15.0,1.085084232580012,1.171198414493439
800,4.351936864,LIP,0.02,0.5,12.807716864,4.350722048,0.23385429333333335,2.175860736,24.78157703306558,3,17.7,0.05,0.885,1.0342274868483816,1.171198414493439
800,4.351936864,LIP,0.02,0.5,12.807716864,4.350722048,0.23385429333333335,2.175860736,24.78157703306558,3,17.7,0.1,1.77,1.066537496477752,1.171198414493439
800,4.351936864,LIP,0.02,0.5,12.807716864,4.350722048,0.23385429333333335,2.175860736,24.78157703306558,3,17.7,0.2,3.54,1.0834615551225966,1.171198414493439
800,4.351936864,LIP,0.02,0.5,12.807716864,4.350722048,0.23385429333333335,2.175860736,24.78157703306558,3,17.7,0.28,4.956,1.0883961025392943,1.171198414493439
800,4.351936864,LIP,0.02,0.5,12.807716864,4.350722048,0.23385429333333335,2.175860736,24.78157703306558,3,17.7,0.5,8.85,1.0938762811269622,1.171198414493439
800,4.351936864,LIP,0.02,0.5,12.807716864,4.350722048,0.23385429333333335,2.175860736,24.78157703306558,3,17.7,0.75,13.274999999999999,1.0962179135563812,1.171198414493439
800,4.351936864,LIP,0.02,0.5,12.807716864,4.350722048,0.23385429333333335,2.175860736,24.78157703306558,3,17.7,1.0,17.7,1.0973924933029464,1.171198414493439
800,4.351936864,LIP,0.02,0.5,12.807716864,4.350722048,0.23385429333333335,2.175860736,24.78157703306558,3,19.0,0.05,0.9500000000000001,1.0425699224768952,1.171198414493439
800,4.351936864,LIP,0.02,0.5,12.807716864,4.350722048,0.23385429333333335,2.175860736,24.78157703306558,3,19.0,0.1,1.9000000000000001,1.073098699615512,1.171198414493439
800,4.351936864,LIP,0.02,0.5,12.807716864,4.350722048,0.23385429333333335,2.175860736,24.78157703306558,3,19.0,0.2,3.8000000000000003,1.0890435134839285,1.171198414493439
800,4.351936864,LIP,0.02,0.5,12.807716864,4.350722048,0.23385429333333335,2.175860736,24.78157703306558,3,19.0,0.28,5.32,1.0936865769802133,1.171198414493439
800,4.351936864,LIP,0.02,0.5,12.807716864,4.350722048,0.23385429333333335,2.175860736,24.78157703306558,3,19.0,0.5,9.5,1.0988398896333014,1.171198414493439
800,4.351936864,LIP,0.02,0.5,12.807716864,4.350722048,0.23385429333333335,2.175860736,24.78157703306558,3,19.0,0.75,14.25,1.1010408444946482,1.171198414493439
800,4.351936864,LIP,0.02,0.5,12.807716864,4.350722048,0.23385429333333335,2.175860736,24.78157703306558,3,19.0,1.0,19.0,1.1021446315921568,1.171198414493439
800,4.351936864,LIP,0.05,0.5,12.807766016,4.350672896,0.622526464,2.175860736,24.78128836835157,3,15.0,0.05,0.75,0.9073143645246035,1.171196078916883
800,4.351936864,LIP,0.05,0.5,12.807766016,4.350672896,0.622526464,2.175860736,24.78128836835157,3,15.0,0.1,1.5,0.9899589351087674,1.171196078916883
800,4.351936864,LIP,0.05,0.5,12.807766016,4.350672896,0.622526464,2.175860736,24.78128836835157,3,15.0,0.2,3.0,1.0371965098222269,1.171196078916883
800,4.351936864,LIP,0.05,0.5,12.807766016,4.350672896,0.622526464,2.175860736,24.78128836835157,3,15.0,0.28,4.2,1.0515324120840974,1.171196078916883
800,4.351936864,LIP,0.05,0.5,12.807766016,4.350672896,0.622526464,2.175860736,24.78128836835157,3,15.0,0.5,7.5,1.067766692352684,1.171196078916883
800,4.351936864,LIP,0.05,0.5,12.807766016,4.350672896,0.622526464,2.175860736,24.78128836835157,3,15.0,0.75,11.25,1.0748064014932799,1.171196078916883
800,4.351936864,LIP,0.05,0.5,12.807766016,4.350672896,0.622526464,2.175860736,24.78128836835157,3,15.0,1.0,15.0,1.0783611804131445,1.171196078916883
800,4.351936864,LIP,0.05,0.5,12.807766016,4.350672896,0.622526464,2.175860736,24.78128836835157,3,17.7,0.05,0.885,0.9396079963094801,1.171196078916883
800,4.351936864,LIP,0.05,0.5,12.807766016,4.350672896,0.622526464,2.175860736,24.78128836835157,3,17.7,0.1,1.77,1.0138920832706204,1.171196078916883
800,4.351936864,LIP,0.05,0.5,12.807766016,4.350672896,0.622526464,2.175860736,24.78128836835157,3,17.7,0.2,3.54,1.0556199996794322,1.171196078916883
800,4.351936864,LIP,0.05,0.5,12.807766016,4.350672896,0.622526464,2.175860736,24.78128836835157,3,17.7,0.28,4.956,1.068180635500011,1.171196078916883
800,4.351936864,LIP,0.05,0.5,12.807766016,4.350672896,0.622526464,2.175860736,24.78128836835157,3,17.7,0.5,8.85,1.0823471588202,1.171196078916883
800,4.351936864,LIP,0.05,0.5,12.807766016,4.350672896,0.622526464,2.175860736,24.78128836835157,3,17.7,0.75,13.274999999999999,1.0884713633121883,1.171196078916883
800,4.351936864,LIP,0.05,0.5,12.807766016,4.350672896,0.622526464,2.175860736,24.78128836835157,3,17.7,1.0,17.7,1.091559528561949,1.171196078916883
800,4.351936864,LIP,0.05,0.5,12.807766016,4.350672896,0.622526464,2.175860736,24.78128836835157,3,19.0,0.05,0.9500000000000001,0.9524946119806567,1.171196078916883
800,4.351936864,LIP,0.05,0.5,12.807766016,4.350672896,0.622526464,2.175860736,24.78128836835157,3,19.0,0.1,1.9000000000000001,1.023295833854656,1.171196078916883
800,4.351936864,LIP,0.05,0.5,12.807766016,4.350672896,0.622526464,2.175860736,24.78128836835157,3,19.0,0.2,3.8000000000000003,1.062795926153283,1.171196078916883
800,4.351936864,LIP,0.05,0.5,12.807766016,4.350672896,0.622526464,2.175860736,24.78128836835157,3,19.0,0.28,5.32,1.0746480205881468,1.171196078916883
800,4.351936864,LIP,0.05,0.5,12.807766016,4.350672896,0.622526464,2.175860736,24.78128836835157,3,19.0,0.5,9.5,1.0879944342392327,1.171196078916883
800,4.351936864,LIP,0.05,0.5,12.807766016,4.350672896,0.622526464,2.175860736,24.78128836835157,3,19.0,0.75,14.25,1.0937572319010735,1.171196078916883
800,4.351936864,LIP,0.05,0.5,12.807766016,4.350672896,0.622526464,2.175860736,24.78128836835157,3,19.0,1.0,19.0,1.0966615844491236,1.171196078916883
800,4.351936864,LIP,0.1,0.5,12.807755093333334,4.350683818666667,1.2684602026666667,2.175860736,24.78135251606579,3,15.0,0.05,0.75,0.773338535631413,1.1711965979330903
800,4.351936864,LIP,0.1,0.5,12.807755093333334,4.350683818666667,1.2684602026666667,2.175860736,24.78135251606579,3,15.0,0.1,1.5,0.9044754016851814,1.1711965979330903
800,4.351936864,LIP,0.1,0.5,12.807755093333334,4.350683818666667,1.2684602026666667,2.175860736,24.78135251606579,3,15.0,0.2,3.0,0.9882667833522255,1.1711965979330903
800,4.351936864,LIP,0.1,0.5,12.807755093333334,4.350683818666667,1.2684602026666667,2.175860736,24.78135251606579,3,15.0,0.28,4.2,1.0151362396913997,1.1711965979330903
800,4.351936864,LIP,0.1,0.5,12.807755093333334,4.350683818666667,1.2684602026666667,2.175860736,24.78135251606579,3,15.0,0.5,7.5,1.0464322132622819,1.1711965979330903
800,4.351936864,LIP,0.1,0.5,12.807755093333334,4.350683818666667,1.2684602026666667,2.175860736,24.78135251606579,3,15.0,0.75,11.25,1.0602999947304788,1.1711965979330903
800,4.351936864,LIP,0.1,0.5,12.807755093333334,4.350683818666667,1.2684602026666667,2.175860736,24.78135251606579,3,15.0,1.0,15.0,1.0673726413615434,1.1711965979330903
800,4.351936864,LIP,0.1,0.5,12.807755093333334,4.350683818666667,1.2684602026666667,2.175860736,24.78135251606579,3,17.7,0.05,0.885,0.8156022101122448,1.1711965979330903
800,4.351936864,LIP,0.1,0.5,12.807755093333334,4.350683818666667,1.2684602026666667,2.175860736,24.78135251606579,3,17.7,0.1,1.77,0.9370268457303393,1.1711965979330903
800,4.351936864,LIP,0.1,0.5,12.807755093333334,4.350683818666667,1.2684602026666667,2.175860736,24.78135251606579,3,17.7,0.2,3.54,1.0123875999722842,1.1711965979330903
800,4.351936864,LIP,0.1,0.5,12.807755093333334,4.350683818666667,1.2684602026666667,2.175860736,24.78135251606579,3,17.7,0.28,4.956,1.0361980682555114,1.1711965979330903
800,4.351936864,LIP,0.1,0.5,12.807755093333334,4.350683818666667,1.2684602026666667,2.175860736,24.78135251606579,3,17.7,0.5,8.85,1.063717542100417,1.1711965979330903
800,4.351936864,LIP,0.1,0.5,12.807755093333334,4.350683818666667,1.2684602026666667,2.175860736,24.78135251606579,3,17.7,0.75,13.274999999999999,1.0758391092459756,1.1711965979330903
800,4.351936864,LIP,0.1,0.5,12.807755093333334,4.350683818666667,1.2684602026666667,2.175860736,24.78135251606579,3,17.7,1.0,17.7,1.0820040847427037,1.1711965979330903
800,4.351936864,LIP,0.1,0.5,12.807755093333334,4.350683818666667,1.2684602026666667,2.175860736,24.78135251606579,3,19.0,0.05,0.9500000000000001,0.8329047633042358,1.1711965979330903
800,4.351936864,LIP,0.1,0.5,12.807755093333334,4.350683818666667,1.2684602026666667,2.175860736,24.78135251606579,3,19.0,0.1,1.9000000000000001,0.9500233036213086,1.1711965979330903
800,4.351936864,LIP,0.1,0.5,12.807755093333334,4.350683818666667,1.2684602026666667,2.175860736,24.78135251606579,3,19.0,0.2,3.8000000000000003,1.0218680703128062,1.1711965979330903
800,4.351936864,LIP,0.1,0.5,12.807755093333334,4.350683818666667,1.2684602026666667,2.175860736,24.78135251606579,3,19.0,0.28,5.32,1.0444350943891858,1.1711965979330903
800,4.351936864,LIP,0.1,0.5,12.807755093333334,4.350683818666667,1.2684602026666667,2.175860736,24.78135251606579,3,19.0,0.5,9.5,1.0704387232888435,1.1711965979330903
800,4.351936864,LIP,0.1,0.5,12.807755093333334,4.350683818666667,1.2684602026666667,2.175860736,24.78135251606579,3,19.0,0.75,14.25,1.0818659289303239,1.1711965979330903
800,4.351936864,LIP,0.1,0.5,12.807755093333334,4.350683818666667,1.2684602026666667,2.175860736,24.78135251606579,3,19.0,1.0,19.0,1.0876715139629016,1.1711965979330903
800,4.351936864,LIP,0.2,0.5,12.807744170666666,4.350694741333333,2.5376085333333336,2.175860736,24.78141666378002,3,15.0,0.05,0.75,0.5994266173265411,0.8166029124862009
800,4.351936864,LIP,0.2,0.5,12.807744170666666,4.350694741333333,2.5376085333333336,2.175860736,24.78141666378002,3,15.0,0.1,1.5,0.7732778440185137,1.171197116949758
800,4.351936864,LIP,0.2,0.5,12.807744170666666,4.350694741333333,2.5376085333333336,2.175860736,24.78141666378002,3,15.0,0.2,3.0,0.9044339790428298,1.171197116949758
800,4.351936864,LIP,0.2,0.5,12.807744170666666,4.350694741333333,2.5376085333333336,2.175860736,24.78141666378002,3,15.0,0.28,4.2,0.9504951421702073,1.171197116949758
800,4.351936864,LIP,0.2,0.5,12.807744170666666,4.350694741333333,2.5376085333333336,2.175860736,24.78141666378002,3,15.0,0.5,7.5,1.0069028270766576,1.171197116949758
800,4.351936864,LIP,0.2,0.5,12.807744170666666,4.350694741333333,2.5376085333333336,2.175860736,24.78141666378002,3,15.0,0.75,11.25,1.0329082681252173,1.171197116949758
800,4.351936864,LIP,0.2,0.5,12.807744170666666,4.350694741333333,2.5376085333333336,2.175860736,24.78141666378002,3,15.0,1.0,15.0,1.0464213138016467,1.171197116949758
800,4.351936864,LIP,0.2,0.5,12.807744170666666,4.350694741333333,2.5376085333333336,2.175860736,24.78141666378002,3,17.7,0.05,0.885,0.6476577923611265,0.9088019526167062
800,4.351936864,LIP,0.2,0.5,12.807744170666666,4.350694741333333,2.5376085333333336,2.175860736,24.78141666378002,3,17.7,0.1,1.77,0.8155450390507597,1.171197116949758
800,4.351936864,LIP,0.2,0.5,12.807744170666666,4.350694741333333,2.5376085333333336,2.175860736,24.78141666378002,3,17.7,0.2,3.54,0.9369892200587947,1.171197116949758
800,4.351936864,LIP,0.2,0.5,12.807744170666666,4.350694741333333,2.5376085333333336,2.175860736,24.78141666378002,3,17.7,0.28,4.956,0.9786260330967929,1.171197116949758
800,4.351936864,LIP,0.2,0.5,12.807744170666666,4.350694741333333,2.5376085333333336,2.175860736,24.78141666378002,3,17.7,0.5,8.85,1.028920156886931,1.171197116949758
800,4.351936864,LIP,0.2,0.5,12.807744170666666,4.350694741333333,2.5376085333333336,2.175860736,24.78141666378002,3,17.7,0.75,13.274999999999999,1.0518536330857968,1.171197116949758
800,4.351936864,LIP,0.2,0.5,12.807744170666666,4.350694741333333,2.5376085333333336,2.175860736,24.78141666378002,3,17.7,1.0,17.7,1.0637080628875126,1.171197116949758
800,4.351936864,LIP,0.2,0.5,12.807744170666666,4.350694741333333,2.5376085333333336,2.175860736,24.78141666378002,3,19.0,0.05,0.9500000000000001,0.6680913949777928,0.9495542898564143
800,4.351936864,LIP,0.2,0.5,12.807744170666666,4.350694741333333,2.5376085333333336,2.175860736,24.78141666378002,3,19.0,0.1,1.9000000000000001,0.8328492380093461,1.171197116949758
800,4.351936864,LIP,0.2,0.5,12.807744170666666,4.350694741333333,2.5376085333333336,2.175860736,24.78141666378002,3,19.0,0.2,3.8000000000000003,0.9499872965637638,1.171197116949758
800,4.351936864,LIP,0.2,0.5,12.807744170666666,4.350694741333333,2.5376085333333336,2.175860736,24.78141666378002,3,19.0,0.28,5.32,0.9897607987278935,1.171197116949758
800,4.351936864,LIP,0.2,0.5,12.807744170666666,4.350694741333333,2.5376085333333336,2.175860736,24.78141666378002,3,19.0,0.5,9.5,1.037544000203774,1.171197116949758
800,4.351936864,LIP,0.2,0.5,12.807744170666666,4.350694741333333,2.5376085333333336,2.175860736,24.78141666378002,3,19.0,0.75,14.25,1.05923866358077,1.171197116949758
800,4.351936864,LIP,0.2,0.5,12.807744170666666,4.350694741333333,2.5376085333333336,2.175860736,24.78141666378002,3,19.0,1.0,19.0,1.0704298103658845,1.171197116949758
800,4.351936864,LIP,0.35,0.5,12.807744170666666,4.350694741333333,4.447890090666667,2.175860736,24.78141666378002,3,15.0,0.05,0.75,0.44783818388756,0.5588859363493546
800,4.351936864,LIP,0.35,0.5,12.807744170666666,4.350694741333333,4.447890090666667,2.175860736,24.78141666378002,3,15.0,0.1,1.5,0.6347028310479873,0.8834976291986598
800,4.351936864,LIP,0.35,0.5,12.807744170666666,4.350694741333333,4.447890090666667,2.175860736,24.78141666378002,3,15.0,0.2,3.0,0.8020300875338868,1.171197116949758
800,4.351936864,LIP,0.35,0.5,12.807744170666666,4.350694741333333,4.447890090666667,2.175860736,24.78141666378002,3,15.0,0.28,4.2,0.8673625255454398,1.171197116949758
800,4.351936864,LIP,0.35,0.5,12.807744170666666,4.350694741333333,4.447890090666667,2.175860736,24.78141666378002,3,15.0,0.5,7.5,0.9527317914103639,1.171197116949758
800,4.351936864,LIP,0.35,0.5,12.807744170666666,4.350694741333333,4.447890090666667,2.175860736,24.78141666378002,3,15.0,0.75,11.25,0.9942472047944354,1.171197116949758
800,4.351936864,LIP,0.35,0.5,12.807744170666666,4.350694741333333,4.447890090666667,2.175860736,24.78141666378002,3,15.0,1.0,15.0,1.0163919105270385,1.171197116949758
800,4.351936864,LIP,0.35,0.5,12.807744170666666,4.350694741333333,4.447890090666667,2.175860736,24.78141666378002,3,17.7,0.05,0.885,0.4944192854799444,0.6333526145494641
800,4.351936864,LIP,0.35,0.5,12.807744170666666,4.350694741333333,4.447890090666667,2.175860736,24.78141666378002,3,17.7,0.1,1.77,0.6823848906211343,0.9786908654809542
800,4.351936864,LIP,0.35,0.5,12.807744170666666,4.350694741333333,4.447890090666667,2.175860736,24.78141666378002,3,17.7,0.2,3.54,0.8425412379810259,1.171197116949758
800,4.351936864,LIP,0.35,0.5,12.807744170666666,4.350694741333333,4.447890090666667,2.175860736,24.78141666378002,3,17.7,0.28,4.956,0.9031008314427571,1.171197116949758
800,4.351936864,LIP,0.35,0.5,12.807744170666666,4.350694741333333,4.447890090666667,2.175860736,24.78141666378002,3,17.7,0.5,8.85,0.9806347528960911,1.171197116949758
800,4.351936864,LIP,0.35,0.5,12.807744170666666,4.350694741333333,4.447890090666667,2.175860736,24.78141666378002,3,17.7,0.75,13.274999999999999,1.0177019910028817,1.171197116949758
800,4.351936864,LIP,0.35,0.5,12.807744170666666,4.350694741333333,4.447890090666667,2.175860736,24.78141666378002,3,17.7,1.0,17.7,1.0373066877937425,1.171197116949758
800,4.351936864,LIP,0.35,0.5,12.807744170666666,4.350694741333333,4.447890090666667,2.175860736,24.78141666378002,3,19.0,0.05,0.9500000000000001,0.5147719246911059,0.6671415112158781
800,4.351936864,LIP,0.35,0.5,12.807744170666666,4.350694741333333,4.447890090666667,2.175860736,24.78141666378002,3,19.0,0.1,1.9000000000000001,0.7024440892700037,1.0204859270722266
800,4.351936864,LIP,0.35,0.5,12.807744170666666,4.350694741333333,4.447890090666667,2.175860736,24.78141666378002,3,19.0,0.2,3.8000000000000003,0.8590347017215361,1.171197116949758
800,4.351936864,LIP,0.35,0.5,12.807744170666666,4.350694741333333,4.447890090666667,2.175860736,24.78141666378002,3,19.0,0.28,5.32,0.9174703625706083,1.171197116949758
800,4.351936864,LIP,0.35,0.5,12.807744170666666,4.350694741333333,4.447890090666667,2.175860736,24.78141666378002,3,19.0,0.5,9.5,0.9916746776231605,1.171197116949758
800,4.351936864,LIP,0.35,0.5,12.807744170666666,4.350694741333333,4.447890090666667,2.175860736,24.78141666378002,3,19.0,0.75,14.25,1.0269104491641152,1.171197116949758
800,4.351936864,LIP,0.35,0.5,12.807744170666666,4.350694741333333,4.447890090666667,2.175860736,24.78141666378002,3,19.0,1.0,19.0,1.0454843055770162,1.171197116949758
800,4.351936864,LIP,0.5,0.5,12.807755093333334,4.350683818666667,6.374222506666667,2.175860736,24.78135251606579,3,15.0,0.05,0.75,0.35683918818257065,0.42396111419971066
800,4.351936864,LIP,0.5,0.5,12.807755093333334,4.350683818666667,6.374222506666667,2.175860736,24.78135251606579,3,15.0,0.1,1.5,0.5375600509215395,0.7059248512682982
800,4.351936864,LIP,0.5,0.5,12.807755093333334,4.350683818666667,6.374222506666667,2.175860736,24.78135251606579,3,15.0,0.2,3.0,0.7198415906179412,1.0576206243719894
800,4.351936864,LIP,0.5,0.5,12.807755093333334,4.350683818666667,6.374222506666667,2.175860736,24.78135251606579,3,15.0,0.28,4.2,0.7970635086082354,1.1711965979330903
800,4.351936864,LIP,0.5,0.5,12.807755093333334,4.350683818666667,6.374222506666667,2.175860736,24.78135251606579,3,15.0,0.5,7.5,0.903704111585455,1.1711965979330903
800,4.351936864,LIP,0.5,0.5,12.807755093333334,4.350683818666667,6.374222506666667,2.175860736,24.78135251606579,3,15.0,0.75,11.25,0.958085199622406,1.1711965979330903
800,4.351936864,LIP,0.5,0.5,12.807755093333334,4.350683818666667,6.374222506666667,2.175860736,24.78135251606579,3,15.0,1.0,15.0,0.9878061974001071,1.1711965979330903
800,4.351936864,LIP,0.5,0.5,12.807755093333334,4.350683818666667,6.374222506666667,2.175860736,24.78135251606579,3,17.7,0.05,0.885,0.3991784013133339,0.485090816849647
800,4.351936864,LIP,0.5,0.5,12.807755093333334,4.350683818666667,6.374222506666667,2.175860736,24.78135251606579,3,17.7,0.1,1.77,0.5859143447350734,0.7917291472871075
800,4.351936864,LIP,0.5,0.5,12.807755093333334,4.350683818666667,6.374222506666667,2.175860736,24.78135251606579,3,17.7,0.2,3.54,0.7648017490506531,1.1576050482107798
800,4.351936864,LIP,0.5,0.5,12.807755093333334,4.350683818666667,6.374222506666667,2.175860736,24.78135251606579,3,17.7,0.28,4.956,0.8378931391398257,1.1711965979330903
800,4.351936864,LIP,0.5,0.5,12.807755093333334,4.350683818666667,6.374222506666667,2.175860736,24.78135251606579,3,17.7,0.5,8.85,0.9363252426348644,1.1711965979330903
800,4.351936864,LIP,0.5,0.5,12.807755093333334,4.350683818666667,6.374222506666667,2.175860736,24.78135251606579,3,17.7,0.75,13.274999999999999,0.9854376685619577,1.1711965979330903
800,4.351936864,LIP,0.5,0.5,12.807755093333334,4.350683818666667,6.374222506666667,2.175860736,24.78135251606579,3,17.7,1.0,17.7,1.0119779616230542,1.1711965979330903
800,4.351936864,LIP,0.5,0.5,12.807755093333334,4.350683818666667,6.374222506666667,2.175860736,24.78135251606579,3,19.0,0.05,0.9500000000000001,0.4180321252677489,0.5132193117540302
800,4.351936864,LIP,0.5,0.5,12.807755093333334,4.350683818666667,6.374222506666667,2.175860736,24.78135251606579,3,19.0,0.1,1.9000000000000001,0.6066572061408774,0.8300811788941616
800,4.351936864,LIP,0.5,0.5,12.807755093333334,4.350683818666667,6.374222506666667,2.175860736,24.78135251606579,3,19.0,0.2,3.8000000000000003,0.7834008601126679,1.1711965979330903
800,4.351936864,LIP,0.5,0.5,12.807755093333334,4.350683818666667,6.374222506666667,2.175860736,24.78135251606579,3,19.0,0.28,5.32,0.8545321762281152,1.1711965979330903
800,4.351936864,LIP,0.5,0.5,12.807755093333334,4.350683818666667,6.374222506666667,2.175860736,24.78135251606579,3,19.0,0.5,9.5,0.9493514206106566,1.1711965979330903
800,4.351936864,LIP,0.5,0.5,12.807755093333334,4.350683818666667,6.374222506666667,2.175860736,24.78135251606579,3,19.0,0.75,14.25,0.9962489588631835,1.1711965979330903
800,4.351936864,LIP,0.5,0.5,12.807755093333334,4.350683818666667,6.374222506666667,2.175860736,24.78135251606579,3,19.0,1.0,19.0,1.0214792698372488,1.1711965979330903
800,4.351936864,LIP,0.75,0.5,12.807755093333334,4.350683818666667,9.607009621333335,2.175860736,24.78135251606579,3,15.0,0.05,0.75,0.2660982592459175,0.30171970575952484
800,4.351936864,LIP,0.75,0.5,12.807755093333334,4.350683818666667,9.607009621333335,2.175860736,24.78135251606579,3,15.0,0.1,1.5,0.4277030008739263,0.5278729768447071
800,4.351936864,LIP,0.75,0.5,12.807755093333334,4.350683818666667,9.607009621333335,2.175860736,24.78135251606579,3,15.0,0.2,3.0,0.6142123550066075,0.844291174167354
800,4.351936864,LIP,0.75,0.5,12.807755093333334,4.350683818666667,9.607009621333335,2.175860736,24.78135251606579,3,15.0,0.28,4.2,0.7016298445684859,1.0187687373608008
800,4.351936864,LIP,0.75,0.5,12.807755093333334,4.350683818666667,9.607009621333335,2.175860736,24.78135251606579,3,15.0,0.5,7.5,0.8318639642521324,1.1711965979330903
800,4.351936864,LIP,0.75,0.5,12.807755093333334,4.350683818666667,9.607009621333335,2.175860736,24.78135251606579,3,15.0,0.75,11.25,0.9029695868823827,1.1711965979330903
800,4.351936864,LIP,0.75,0.5,12.807755093333334,4.350683818666667,9.607009621333335,2.175860736,24.78135251606579,3,15.0,1.0,15.0,0.9432843648775434,1.1711965979330903
800,4.351936864,LIP,0.75,0.5,12.807755093333334,4.350683818666667,9.607009621333335,2.175860736,24.78135251606579,3,17.7,0.05,0.885,0.3016591811323683,0.34827145263491566
800,4.351936864,LIP,0.75,0.5,12.807755093333334,4.350683818666667,9.607009621333335,2.175860736,24.78135251606579,3,17.7,0.1,1.77,0.47356085451731567,0.5995257309859573
800,4.351936864,LIP,0.75,0.5,12.807755093333334,4.350683818666667,9.607009621333335,2.175860736,24.78135251606579,3,17.7,0.2,3.54,0.6622552315301976,0.9378083544027673
800,4.351936864,LIP,0.75,0.5,12.807755093333334,4.350683818666667,9.607009621333335,2.175860736,24.78135251606579,3,17.7,0.28,4.956,0.7473359155557092,1.1180548986772925
800,4.351936864,LIP,0.75,0.5,12.807755093333334,4.350683818666667,9.607009621333335,2.175860736,24.78135251606579,3,17.7,0.5,8.85,0.8703293370986392,1.1711965979330903
800,4.351936864,LIP,0.75,0.5,12.807755093333334,4.350683818666667,9.607009621333335,2.175860736,24.78135251606579,3,17.7,0.75,13.274999999999999,0.9356569473511785,1.1711965979330903
800,4.351936864,LIP,0.75,0.5,12.807755093333334,4.350683818666667,9.607009621333335,2.175860736,24.78135251606579,3,17.7,1.0,17.7,0.9721418151496157,1.1711965979330903
800,4.351936864,LIP,0.75,0.5,12.807755093333334,4.350683818666667,9.607009621333335,2.175860736,24.78135251606579,3,19.0,0.05,0.9500000000000001,0.317802997661245,0.3699692252469043
800,4.351936864,LIP,0.75,0.5,12.807755093333334,4.350683818666667,9.607009621333335,2.175860736,24.78135251606579,3,19.0,0.1,1.9000000000000001,0.4936811917019543,0.6321420847454846
800,4.351936864,LIP,0.75,0.5,12.807755093333334,4.350683818666667,9.607009621333335,2.175860736,24.78135251606579,3,19.0,0.2,3.8000000000000003,0.6825489438507647,0.9790287193017453
800,4.351936864,LIP,0.75,0.5,12.807755093333334,4.350683818666667,9.607009621333335,2.175860736,24.78135251606579,3,19.0,0.28,5.32,0.7663111982239057,1.1610666892170738
800,4.351936864,LIP,0.75,0.5,12.807755093333334,4.350683818666667,9.607009621333335,2.175860736,24.78135251606579,3,19.0,0.5,9.5,0.8859004554719925,1.1711965979330903
800,4.351936864,LIP,0.75,0.5,12.807755093333334,4.350683818666667,9.607009621333335,2.175860736,24.78135251606579,3,19.0,0.75,14.25,0.9487113825522978,1.1711965979330903
800,4.351936864,LIP,0.75,0.5,12.807755093333334,4.350683818666667,9.607009621333335,2.175860736,24.78135251606579,3,19.0,1.0,19.0,0.9835796041524202,1.1711965979330903
800,4.351936864,LIP,1.0,0.5,12.807766016,4.350672896,12.80671744,2.175860736,24.78128836835157,3,15.0,0.05,0.75,0.21259137770640252,0.23473168111874493
800,4.351936864,LIP,1.0,0.5,12.807766016,4.350672896,12.80671744,2.175860736,24.78128836835157,3,15.0,0.1,1.5,0.3557458162296519,0.42241868353867595
800,4.351936864,LIP,1.0,0.5,12.807766016,4.350672896,12.80671744,2.175860736,24.78128836835157,3,15.0,0.2,3.0,0.5363184379472579,0.703785426053486
800,4.351936864,LIP,1.0,0.5,12.807766016,4.350672896,12.80671744,2.175860736,24.78128836835157,3,15.0,0.28,4.2,0.6272916587394619,0.869203549931146
800,4.351936864,LIP,1.0,0.5,12.807766016,4.350672896,12.80671744,2.175860736,24.78128836835157,3,15.0,0.5,7.5,0.7711855721252501,1.171196078916883
800,4.351936864,LIP,1.0,0.5,12.807766016,4.350672896,12.80671744,2.175860736,24.78128836835157,3,15.0,0.75,11.25,0.8543256554786289,1.171196078916883
800,4.351936864,LIP,1.0,0.5,12.807766016,4.350672896,12.80671744,2.175860736,24.78128836835157,3,15.0,1.0,15.0,0.903001090172128,1.171196078916883
800,4.351936864,LIP,1.0,0.5,12.807766016,4.350672896,12.80671744,2.175860736,24.78128836835157,3,17.7,0.05,0.885,0.2429208803764933,0.2722651355895905
800,4.351936864,LIP,1.0,0.5,12.807766016,4.350672896,12.80671744,2.175860736,24.78128836835157,3,17.7,0.1,1.77,0.3980186963401281,0.4833793611763044
800,4.351936864,LIP,1.0,0.5,12.807766016,4.350672896,12.80671744,2.175860736,24.78128836835157,3,17.7,0.2,3.54,0.5846640801410727,0.7894481927407851
800,4.351936864,LIP,1.0,0.5,12.807766016,4.350672896,12.80671744,2.175860736,24.78128836835157,3,17.7,0.28,4.956,0.6751175265389212,0.9638114822400532
800,4.351936864,LIP,1.0,0.5,12.807766016,4.350672896,12.80671744,2.175860736,24.78128836835157,3,17.7,0.5,8.85,0.8135721505765822,1.171196078916883
800,4.351936864,LIP,1.0,0.5,12.807766016,4.350672896,12.80671744,2.175860736,24.78128836835157,3,17.7,0.75,13.274999999999999,0.8911021281998945,1.171196078916883
800,4.351936864,LIP,1.0,0.5,12.807766016,4.350672896,12.80671744,2.175860736,24.78128836835157,3,17.7,1.0,17.7,0.9356855622908051,1.171196078916883
800,4.351936864,LIP,1.0,0.5,12.807766016,4.350672896,12.80671744,2.175860736,24.78128836835157,3,19.0,0.05,0.9500000000000001,0.25684975552267664,0.2898844495092496
800,4.351936864,LIP,1.0,0.5,12.807766016,4.350672896,12.80671744,2.175860736,24.78128836835157,3,19.0,0.1,1.9000000000000001,0.4168472165492432,0.5114346033736136
800,4.351936864,LIP,1.0,0.5,12.807766016,4.350672896,12.80671744,2.175860736,24.78128836835157,3,19.0,0.2,3.8000000000000003,0.6054084541228671,0.8277452839334193
800,4.351936864,LIP,1.0,0.5,12.807766016,4.350672896,12.80671744,2.175860736,24.78128836835157,3,19.0,0.28,5.32,0.6952669286856337,1.0054088659638818
800,4.351936864,LIP,1.0,0.5,12.807766016,4.350672896,12.80671744,2.175860736,24.78128836835157,3,19.0,0.5,9.5,0.8309322548167551,1.171196078916883
800,4.351936864,LIP,1.0,0.5,12.807766016,4.350672896,12.80671744,2.175860736,24.78128836835157,3,19.0,0.75,14.25,0.9059258245712677,1.171196078916883
800,4.351936864,LIP,1.0,0.5,12.807766016,4.350672896,12.80671744,2.175860736,24.78128836835157,3,19.0,1.0,19.0,0.9487387653152578,1.171196078916883
800,4.351936864,LIP,0.0,0.75,13.895172096,3.263266816,0.0,3.263266816,18.395062678731566,3,15.0,0.05,0.75,1.064136676359417,1.1217087184929624
800,4.351936864,LIP,0.0,0.75,13.895172096,3.263266816,0.0,3.263266816,18.395062678731566,3,15.0,0.1,1.5,1.064136676359417,1.1217087184929624
800,4.351936864,LIP,0.0,0.75,13.895172096,3.263266816,0.0,3.263266816,18.395062678731566,3,15.0,0.2,3.0,1.064136676359417,1.1217087184929624
800,4.351936864,LIP,0.0,0.75,13.895172096,3.263266816,0.0,3.263266816,18.395062678731566,3,15.0,0.28,4.2,1.064136676359417,1.1217087184929624
800,4.351936864,LIP,0.0,0.75,13.895172096,3.263266816,0.0,3.263266816,18.395062678731566,3,15.0,0.5,7.5,1.064136676359417,1.1217087184929624
800,4.351936864,LIP,0.0,0.75,13.895172096,3.263266816,0.0,3.263266816,18.395062678731566,3,15.0,0.75,11.25,1.064136676359417,1.1217087184929624
800,4.351936864,LIP,0.0,0.75,13.895172096,3.263266816,0.0,3.263266816,18.395062678731566,3,15.0,1.0,15.0,1.064136676359417,1.1217087184929624
800,4.351936864,LIP,0.0,0.75,13.895172096,3.263266816,0.0,3.263266816,18.395062678731566,3,17.7,0.05,0.885,1.072533848262324,1.1217087184929624
800,4.351936864,LIP,0.0,0.75,13.895172096,3.263266816,0.0,3.263266816,18.395062678731566,3,17.7,0.1,1.77,1.072533848262324,1.1217087184929624
800,4.351936864,LIP,0.0,0.75,13.895172096,3.263266816,0.0,3.263266816,18.395062678731566,3,17.7,0.2,3.54,1.072533848262324,1.1217087184929624
800,4.351936864,LIP,0.0,0.75,13.895172096,3.263266816,0.0,3.263266816,18.395062678731566,3,17.7,0.28,4.956,1.072533848262324,1.1217087184929624
800,4.351936864,LIP,0.0,0.75,13.895172096,3.263266816,0.0,3.263266816,18.395062678731566,3,17.7,0.5,8.85,1.072533848262324,1.1217087184929624
800,4.351936864,LIP,0.0,0.75,13.895172096,3.263266816,0.0,3.263266816,18.395062678731566,3,17.7,0.75,13.274999999999999,1.072533848262324,1.1217087184929624
800,4.351936864,LIP,0.0,0.75,13.895172096,3.263266816,0.0,3.263266816,18.395062678731566,3,17.7,1.0,17.7,1.072533848262324,1.1217087184929624
800,4.351936864,LIP,0.0,0.75,13.895172096,3.263266816,0.0,3.263266816,18.395062678731566,3,19.0,0.05,0.9500000000000001,1.0757606220580254,1.1217087184929624
800,4.351936864,LIP,0.0,0.75,13.895172096,3.263266816,0.0,3.263266816,18.395062678731566,3,19.0,0.1,1.9000000000000001,1.0757606220580254,1.1217087184929624
800,4.351936864,LIP,0.0,0.75,13.895172096,3.263266816,0.0,3.263266816,18.395062678731566,3,19.0,0.2,3.8000000000000003,1.0757606220580254,1.1217087184929624
800,4.351936864,LIP,0.0,0.75,13.895172096,3.263266816,0.0,3.263266816,18.395062678731566,3,19.0,0.28,5.32,1.0757606220580254,1.1217087184929624
800,4.351936864,LIP,0.0,0.75,13.895172096,3.263266816,0.0,3.263266816,18.395062678731566,3,19.0,0.5,9.5,1.0757606220580254,1.1217087184929624
800,4.351936864,LIP,0.0,0.75,13.895172096,3.263266816,0.0,3.263266816,18.395062678731566,3,19.0,0.75,14.25,1.0757606220580254,1.1217087184929624
800,4.351936864,LIP,0.0,0.75,13.895172096,3.263266816,0.0,3.263266816,18.395062678731566,3,19.0,1.0,19.0,1.0757606220580254,1.1217087184929624
800,4.351936864,LIP,0.02,0.75,12.807776938666667,4.350661973333333,0.24537224533333335,3.263266816,24.781224220637355,3,15.0,0.05,0.75,1.0094225221872675,1.1711955599011354
800,4.351936864,LIP,0.02,0.75,12.807776938666667,4.350661973333333,0.24537224533333335,3.263266816,24.781224220637355,3,15.0,0.1,1.5,1.0477800029395,1.1711955599011354
800,4.351936864,LIP,0.02,0.75,12.807776938666667,4.350661973333333,0.24537224533333335,3.263266816,24.781224220637355,3,15.0,0.2,3.0,1.0680730873463615,1.1711955599011354
800,4.351936864,LIP,0.02,0.75,12.807776938666667,4.350661973333333,0.24537224533333335,3.263266816,24.781224220637355,3,15.0,0.28,4.2,1.0740162933174868,1.1711955599011354
800,4.351936864,LIP,0.02,0.75,12.807776938666667,4.350661973333333,0.24537224533333335,3.263266816,24.781224220637355,3,15.0,0.5,7.5,1.0806306831803538,1.1711955599011354
800,4.351936864,LIP,0.02,0.75,12.807776938666667,4.350661973333333,0.24537224533333335,3.263266816,24.781224220637355,3,15.0,0.75,11.25,1.0834614655693775,1.1711955599011354
800,4.351936864,LIP,0.02,0.75,12.807776938666667,4.350661973333333,0.24537224533333335,3.263266816,24.781224220637355,3,15.0,1.0,15.0,1.084882425621878,1.1711955599011354
800,4.351936864,LIP,0.02,0.75,12.807776938666667,4.350661973333333,0.24537224533333335,3.263266816,24.781224220637355,3,17.7,0.05,0.885,1.0311489652321497,1.1711955599011354
800,4.351936864,LIP,0.02,0.75,12.807776938666667,4.350661973333333,0.24537224533333335,3.263266816,24.781224220637355,3,17.7,0.1,1.77,1.0648974412551155,1.1711955599011354
800,4.351936864,LIP,0.02,0.75,12.807776938666667,4.350661973333333,0.24537224533333335,3.263266816,24.781224220637355,3,17.7,0.2,3.54,1.0826138768512166,1.1711955599011354
800,4.351936864,LIP,0.02,0.75,12.807776938666667,4.350661973333333,0.24537224533333335,3.263266816,24.781224220637355,3,17.7,0.28,4.956,1.0877845060046425,1.1711955599011354
800,4.351936864,LIP,0.02,0.75,12.807776938666667,4.350661973333333,0.24537224533333335,3.263266816,24.781224220637355,3,17.7,0.5,8.85,1.0935295453534457,1.1711955599011354
800,4.351936864,LIP,0.02,0.75,12.807776938666667,4.350661973333333,0.24537224533333335,3.263266816,24.781224220637355,3,17.7,0.75,13.274999999999999,1.0959852092657798,1.1711955599011354
800,4.351936864,LIP,0.02,0.75,12.807776938666667,4.350661973333333,0.24537224533333335,3.263266816,24.781224220637355,3,17.7,1.0,17.7,1.097217181757371,1.1711955599011354
800,4.351936864,LIP,0.02,0.75,12.807776938666667,4.350661973333333,0.24537224533333335,3.263266816,24.781224220637355,3,19.0,0.05,0.9500000000000001,1.0396549008728022,1.1711955599011354
800,4.351936864,LIP,0.02,0.75,12.807776938666667,4.350661973333333,0.24537224533333335,3.263266816,24.781224220637355,3,19.0,0.1,1.9000000000000001,1.0715516900984605,1.1711955599011354
800,4.351936864,LIP,0.02,0.75,12.807776938666667,4.350661973333333,0.24537224533333335,3.263266816,24.781224220637355,3,19.0,0.2,3.8000000000000003,1.0882454681463989,1.1711955599011354
800,4.351936864,LIP,0.02,0.75,12.807776938666667,4.350661973333333,0.24537224533333335,3.263266816,24.781224220637355,3,19.0,0.28,5.32,1.0931110833835935,1.1711955599011354
800,4.351936864,LIP,0.02,0.75,12.807776938666667,4.350661973333333,0.24537224533333335,3.263266816,24.781224220637355,3,19.0,0.5,9.5,1.0985137613613083,1.1711955599011354
800,4.351936864,LIP,0.02,0.75,12.807776938666667,4.350661973333333,0.24537224533333335,3.263266816,24.781224220637355,3,19.0,0.75,14.25,1.1008219748308776,1.1711955599011354
800,4.351936864,LIP,0.02,0.75,12.807776938666667,4.350661973333333,0.24537224533333335,3.263266816,24.781224220637355,3,19.0,1.0,19.0,1.1019797229306867,1.1711955599011354
800,4.351936864,LIP,0.05,0.75,12.807771477333334,4.350667434666667,0.6197248,3.263266816,24.781256294494458,3,15.0,0.05,0.75,0.9079965660679361,1.1711958194089516
800,4.351936864,LIP,0.05,0.75,12.807771477333334,4.350667434666667,0.6197248,3.263266816,24.781256294494458,3,15.0,0.1,1.5,0.9903648137524816,1.1711958194089516
800,4.351936864,LIP,0.05,0.75,12.807771477333334,4.350667434666667,0.6197248,3.263266816,24.781256294494458,3,15.0,0.2,3.0,1.0374191765554477,1.1711958194089516
800,4.351936864,LIP,0.05,0.75,12.807771477333334,4.350667434666667,0.6197248,3.263266816,24.781256294494458,3,15.0,0.28,4.2,1.0516958428214842,1.1711958194089516
800,4.351936864,LIP,0.05,0.75,12.807771477333334,4.350667434666667,0.6197248,3.263266816,24.781256294494458,3,15.0,0.5,7.5,1.0678610005657572,1.1711958194089516
800,4.351936864,LIP,0.05,0.75,12.807771477333334,4.350667434666667,0.6197248,3.263266816,24.781256294494458,3,15.0,0.75,11.25,1.0748700617680933,1.1711958194089516
800,4.351936864,LIP,0.05,0.75,12.807771477333334,4.350667434666667,0.6197248,3.263266816,24.781256294494458,3,15.0,1.0,15.0,1.0784092097227922,1.1711958194089516
800,4.351936864,LIP,0.05,0.75,12.807771477333334,4.350667434666667,0.6197248,3.263266816,24.781256294494458,3,17.7,0.05,0.885,0.9402279377855507,1.1711958194089516
800,4.351936864,LIP,0.05,0.75,12.807771477333334,4.350667434666667,0.6197248,3.263266816,24.781256294494458,3,17.7,0.1,1.77,1.0142528313654107,1.1711958194089516
800,4.351936864,LIP,0.05,0.75,12.807771477333334,4.350667434666667,0.6197248,3.263266816,24.781256294494458,3,17.7,0.2,3.54,1.0558154255931376,1.1711958194089516
800,4.351936864,LIP,0.05,0.75,12.807771477333334,4.350667434666667,0.6197248,3.263266816,24.781256294494458,3,17.7,0.28,4.956,1.0683235203935457,1.1711958194089516
800,4.351936864,LIP,0.05,0.75,12.807771477333334,4.350667434666667,0.6197248,3.263266816,24.781256294494458,3,17.7,0.5,8.85,1.0824292437943557,1.1711958194089516
800,4.351936864,LIP,0.05,0.75,12.807771477333334,4.350667434666667,0.6197248,3.263266816,24.781256294494458,3,17.7,0.75,13.274999999999999,1.0885266585709992,1.1711958194089516
800,4.351936864,LIP,0.05,0.75,12.807771477333334,4.350667434666667,0.6197248,3.263266816,24.781256294494458,3,17.7,1.0,17.7,1.0916011991564911,1.1711958194089516
800,4.351936864,LIP,0.05,0.75,12.807771477333334,4.350667434666667,0.6197248,3.263266816,24.781256294494458,3,19.0,0.05,0.9500000000000001,0.9530880528557449,1.1711958194089516
800,4.351936864,LIP,0.05,0.75,12.807771477333334,4.350667434666667,0.6197248,3.263266816,24.781256294494458,3,19.0,0.1,1.9000000000000001,1.0236381411964348,1.1711958194089516
800,4.351936864,LIP,0.05,0.75,12.807771477333334,4.350667434666667,0.6197248,3.263266816,24.781256294494458,3,19.0,0.2,3.8000000000000003,1.0629804476395235,1.1711958194089516
800,4.351936864,LIP,0.05,0.75,12.807771477333334,4.350667434666667,0.6197248,3.263266816,24.781256294494458,3,19.0,0.28,5.32,1.0747827297749786,1.1711958194089516
800,4.351936864,LIP,0.05,0.75,12.807771477333334,4.350667434666667,0.6197248,3.263266816,24.781256294494458,3,19.0,0.5,9.5,1.088071687225921,1.1711958194089516
800,4.351936864,LIP,0.05,0.75,12.807771477333334,4.350667434666667,0.6197248,3.263266816,24.781256294494458,3,19.0,0.75,14.25,1.0938092296665225,1.1711958194089516
800,4.351936864,LIP,0.05,0.75,12.807771477333334,4.350667434666667,0.6197248,3.263266816,24.781256294494458,3,19.0,1.0,19.0,1.0967007519728909,1.1711958194089516
800,4.351936864,LIP,0.1,0.75,12.807771477333334,4.350667434666667,1.26459904,3.263266816,24.781256294494458,3,15.0,0.05,0.75,0.7740215479027575,1.1711958194089516
800,4.351936864,LIP,0.1,0.75,12.807771477333334,4.350667434666667,1.26459904,3.263266816,24.781256294494458,3,15.0,0.1,1.5,0.9049422432989682,1.1711958194089516
800,4.351936864,LIP,0.1,0.75,12.807771477333334,4.350667434666667,1.26459904,3.263266816,24.781256294494458,3,15.0,0.2,3.0,0.9885452318283211,1.1711958194089516
800,4.351936864,LIP,0.1,0.75,12.807771477333334,4.350667434666667,1.26459904,3.263266816,24.781256294494458,3,15.0,0.28,4.2,1.0153459820155268,1.1711958194089516
800,4.351936864,LIP,0.1,0.75,12.807771477333334,4.350667434666667,1.26459904,3.263266816,24.781256294494458,3,15.0,0.5,7.5,1.0465568550420397,1.1711958194089516
800,4.351936864,LIP,0.1,0.75,12.807771477333334,4.350667434666667,1.26459904,3.263266816,24.781256294494458,3,15.0,0.75,11.25,1.0603851809947593,1.1711958194089516
800,4.351936864,LIP,0.1,0.75,12.807771477333334,4.350667434666667,1.26459904,3.263266816,24.781256294494458,3,15.0,1.0,15.0,1.0674372922778645,1.1711958194089516
800,4.351936864,LIP,0.1,0.75,12.807771477333334,4.350667434666667,1.26459904,3.263266816,24.781256294494458,3,17.7,0.05,0.885,0.8162459113201318,1.1711958194089516
800,4.351936864,LIP,0.1,0.75,12.807771477333334,4.350667434666667,1.26459904,3.263266816,24.781256294494458,3,17.7,0.1,1.77,0.937451360606556,1.1711958194089516
800,4.351936864,LIP,0.1,0.75,12.807771477333334,4.350667434666667,1.26459904,3.263266816,24.781256294494458,3,17.7,0.2,3.54,1.0126351347408602,1.1711958194089516
800,4.351936864,LIP,0.1,0.75,12.807771477333334,4.350667434666667,1.26459904,3.263266816,24.781256294494458,3,17.7,0.28,4.956,1.0363831700907482,1.1711958194089516
800,4.351936864,LIP,0.1,0.75,12.807771477333334,4.350667434666667,1.26459904,3.263266816,24.781256294494458,3,17.7,0.5,8.85,1.0638265893861836,1.1711958194089516
800,4.351936864,LIP,0.1,0.75,12.807771477333334,4.350667434666667,1.26459904,3.263266816,24.781256294494458,3,17.7,0.75,13.274999999999999,1.075913331440357,1.1711958194089516
800,4.351936864,LIP,0.1,0.75,12.807771477333334,4.350667434666667,1.26459904,3.263266816,24.781256294494458,3,17.7,1.0,17.7,1.082060284182687,1.1711958194089516
800,4.351936864,LIP,0.1,0.75,12.807771477333334,4.350667434666667,1.26459904,3.263266816,24.781256294494458,3,19.0,0.05,0.9500000000000001,0.833530083532341,1.1711958194089516
800,4.351936864,LIP,0.1,0.75,12.807771477333334,4.350667434666667,1.26459904,3.263266816,24.781256294494458,3,19.0,0.1,1.9000000000000001,0.9504297737461832,1.1711958194089516
800,4.351936864,LIP,0.1,0.75,12.807771477333334,4.350667434666667,1.26459904,3.263266816,24.781256294494458,3,19.0,0.2,3.8000000000000003,1.0221029635740204,1.1711958194089516
800,4.351936864,LIP,0.1,0.75,12.807771477333334,4.350667434666667,1.26459904,3.263266816,24.781256294494458,3,19.0,0.28,5.32,1.0446102394726207,1.1711958194089516
800,4.351936864,LIP,0.1,0.75,12.807771477333334,4.350667434666667,1.26459904,3.263266816,24.781256294494458,3,19.0,0.5,9.5,1.0705415520956134,1.1711958194089516
800,4.351936864,LIP,0.1,0.75,12.807771477333334,4.350667434666667,1.26459904,3.263266816,24.781256294494458,3,19.0,0.75,14.25,1.0819358038550684,1.1711958194089516
800,4.351936864,LIP,0.1,0.75,12.807771477333334,4.350667434666667,1.26459904,3.263266816,24.781256294494458,3,19.0,1.0,19.0,1.0877243719468892,1.1711958194089516
800,4.351936864,LIP,0.2,0.75,12.807760554666666,4.350678357333333,2.5278764373333336,3.263266816,24.78132044220869,3,15.0,0.05,0.75,0.6004619748189706,0.8185259948219454
800,4.351936864,LIP,0.2,0.75,12.807760554666666,4.350678357333333,2.5278764373333336,3.263266816,24.78132044220869,3,15.0,0.1,1.5,0.7741387268173251,1.171196338424929
800,4.351936864,LIP,0.2,0.75,12.807760554666666,4.350678357333333,2.5278764373333336,3.263266816,24.78132044220869,3,15.0,0.2,3.0,0.9050224128266072,1.171196338424929
800,4.351936864,LIP,0.2,0.75,12.807760554666666,4.350678357333333,2.5278764373333336,3.263266816,24.78132044220869,3,15.0,0.28,4.2,0.9509591940133166,1.171196338424929
800,4.351936864,LIP,0.2,0.75,12.807760554666666,4.350678357333333,2.5278764373333336,3.263266816,24.78132044220869,3,15.0,0.5,7.5,1.0071942523496191,1.171196338424929
800,4.351936864,LIP,0.2,0.75,12.807760554666666,4.350678357333333,2.5278764373333336,3.263266816,24.78132044220869,3,15.0,0.75,11.25,1.0331125823456822,1.171196338424929
800,4.351936864,LIP,0.2,0.75,12.807760554666666,4.350678357333333,2.5278764373333336,3.263266816,24.78132044220869,3,15.0,1.0,15.0,1.0465784885347533,1.171196338424929
800,4.351936864,LIP,0.2,0.75,12.807760554666666,4.350678357333333,2.5278764373333336,3.263266816,24.78132044220869,3,17.7,0.05,0.885,0.648681907403468,0.9108201998961054
800,4.351936864,LIP,0.2,0.75,12.807760554666666,4.350678357333333,2.5278764373333336,3.263266816,24.78132044220869,3,17.7,0.1,1.77,0.8163563821598521,1.171196338424929
800,4.351936864,LIP,0.2,0.75,12.807760554666666,4.350678357333333,2.5278764373333336,3.263266816,24.78132044220869,3,17.7,0.2,3.54,0.9375243198749675,1.171196338424929
800,4.351936864,LIP,0.2,0.75,12.807760554666666,4.350678357333333,2.5278764373333336,3.263266816,24.78132044220869,3,17.7,0.28,4.956,0.9790428110428325,1.171196338424929
800,4.351936864,LIP,0.2,0.75,12.807760554666666,4.350678357333333,2.5278764373333336,3.263266816,24.78132044220869,3,17.7,0.5,8.85,1.0291779445476554,1.171196338424929
800,4.351936864,LIP,0.2,0.75,12.807760554666666,4.350678357333333,2.5278764373333336,3.263266816,24.78132044220869,3,17.7,0.75,13.274999999999999,1.0520330899619041,1.171196338424929
800,4.351936864,LIP,0.2,0.75,12.807760554666666,4.350678357333333,2.5278764373333336,3.263266816,24.78132044220869,3,17.7,1.0,17.7,1.0638455981745998,1.171196338424929
800,4.351936864,LIP,0.2,0.75,12.807760554666666,4.350678357333333,2.5278764373333336,3.263266816,24.78132044220869,3,19.0,0.05,0.9500000000000001,0.6691065087880025,0.9516067249821318
800,4.351936864,LIP,0.2,0.75,12.807760554666666,4.350678357333333,2.5278764373333336,3.263266816,24.78132044220869,3,19.0,0.1,1.9000000000000001,0.8336374176477521,1.171196338424929
800,4.351936864,LIP,0.2,0.75,12.807760554666666,4.350678357333333,2.5278764373333336,3.263266816,24.78132044220869,3,19.0,0.2,3.8000000000000003,0.9504996591068988,1.171196338424929
800,4.351936864,LIP,0.2,0.75,12.807760554666666,4.350678357333333,2.5278764373333336,3.263266816,24.78132044220869,3,19.0,0.28,5.32,0.990157897946873,1.171196338424929
800,4.351936864,LIP,0.2,0.75,12.807760554666666,4.350678357333333,2.5278764373333336,3.263266816,24.78132044220869,3,19.0,0.5,9.5,1.0377881467030998,1.171196338424929
800,4.351936864,LIP,0.2,0.75,12.807760554666666,4.350678357333333,2.5278764373333336,3.263266816,24.78132044220869,3,19.0,0.75,14.25,1.0594081522015528,1.171196338424929
800,4.351936864,LIP,0.2,0.75,12.807760554666666,4.350678357333333,2.5278764373333336,3.263266816,24.78132044220869,3,19.0,1.0,19.0,1.0705595141903879,1.171196338424929
800,4.351936864,LIP,0.35,0.75,12.807755093333334,4.350683818666667,4.425110869333333,3.263266816,24.78135251606579,3,15.0,0.05,0.75,0.44919271894308493,0.5609972108781078
800,4.351936864,LIP,0.35,0.75,12.807755093333334,4.350683818666667,4.425110869333333,3.263266816,24.78135251606579,3,15.0,0.1,1.5,0.636061965105943,0.8861336318903894
800,4.351936864,LIP,0.35,0.75,12.807755093333334,4.350683818666667,4.425110869333333,3.263266816,24.78135251606579,3,15.0,0.2,3.0,0.8031142701902876,1.1711965979330903
800,4.351936864,LIP,0.35,0.75,12.807755093333334,4.350683818666667,4.425110869333333,3.263266816,24.78135251606579,3,15.0,0.28,4.2,0.8682679212653306,1.1711965979330903
800,4.351936864,LIP,0.35,0.75,12.807755093333334,4.350683818666667,4.425110869333333,3.263266816,24.78135251606579,3,15.0,0.5,7.5,0.9533431984087557,1.1711965979330903
800,4.351936864,LIP,0.35,0.75,12.807755093333334,4.350683818666667,4.425110869333333,3.263266816,24.78135251606579,3,15.0,0.75,11.25,0.9946909480606934,1.1711965979330903
800,4.351936864,LIP,0.35,0.75,12.807755093333334,4.350683818666667,4.425110869333333,3.263266816,24.78135251606579,3,15.0,1.0,15.0,1.016739615933392,1.1711965979330903
800,4.351936864,LIP,0.35,0.75,12.807755093333334,4.350683818666667,4.425110869333333,3.263266816,24.78135251606579,3,17.7,0.05,0.885,0.49581812476992326,0.6356500455009981
800,4.351936864,LIP,0.35,0.75,12.807755093333334,4.350683818666667,4.425110869333333,3.263266816,24.78135251606579,3,17.7,0.1,1.77,0.6837159786319168,0.9814315863065262
800,4.351936864,LIP,0.35,0.75,12.807755093333334,4.350683818666667,4.425110869333333,3.263266816,24.78135251606579,3,17.7,0.2,3.54,0.8435550080063222,1.1711965979330903
800,4.351936864,LIP,0.35,0.75,12.807755093333334,4.350683818666667,4.425110869333333,3.263266816,24.78135251606579,3,17.7,0.28,4.956,0.9039324988042481,1.1711965979330903
800,4.351936864,LIP,0.35,0.75,12.807755093333334,4.350683818666667,4.425110869333333,3.263266816,24.78135251606579,3,17.7,0.5,8.85,0.9811835882523109,1.1711965979330903
800,4.351936864,LIP,0.35,0.75,12.807755093333334,4.350683818666667,4.425110869333333,3.263266816,24.78135251606579,3,17.7,0.75,13.274999999999999,1.0180959133469096,1.1711965979330903
800,4.351936864,LIP,0.35,0.75,12.807755093333334,4.350683818666667,4.425110869333333,3.263266816,24.78135251606579,3,17.7,1.0,17.7,1.0376135287838146,1.1711965979330903
800,4.351936864,LIP,0.35,0.75,12.807755093333334,4.350683818666667,4.425110869333333,3.263266816,24.78135251606579,3,19.0,0.05,0.9500000000000001,0.5161844209848965,0.66951603997261
800,4.351936864,LIP,0.35,0.75,12.807755093333334,4.350683818666667,4.425110869333333,3.263266816,24.78135251606579,3,19.0,0.1,1.9000000000000001,0.7037579585449844,1.0232616275970556
800,4.351936864,LIP,0.35,0.75,12.807755093333334,4.350683818666667,4.425110869333333,3.263266816,24.78135251606579,3,19.0,0.2,3.8000000000000003,0.8600163671574549,1.1711965979330903
800,4.351936864,LIP,0.35,0.75,12.807755093333334,4.350683818666667,4.425110869333333,3.263266816,24.78135251606579,3,19.0,0.28,5.32,0.9182699162647984,1.1711965979330903
800,4.351936864,LIP,0.35,0.75,12.807755093333334,4.350683818666667,4.425110869333333,3.263266816,24.78135251606579,3,19.0,0.5,9.5,0.9921974954428582,1.1711965979330903
800,4.351936864,LIP,0.35,0.75,12.807755093333334,4.350683818666667,4.425110869333333,3.263266816,24.78135251606579,3,19.0,0.75,14.25,1.0272840538685506,1.1711965979330903
800,4.351936864,LIP,0.35,0.75,12.807755093333334,4.350683818666667,4.425110869333333,3.263266816,24.78135251606579,3,19.0,1.0,19.0,1.0457746433389679,1.1711965979330903
800,4.351936864,LIP,0.5,0.75,12.807776938666667,4.350661973333333,6.372070741333333,3.263266816,24.781224220637355,3,15.0,0.05,0.75,0.35692014505315417,0.4240755326559721
800,4.351936864,LIP,0.5,0.75,12.807776938666667,4.350661973333333,6.372070741333333,3.263266816,24.781224220637355,3,15.0,0.1,1.5,0.5376518443731938,0.7060835347382798
800,4.351936864,LIP,0.5,0.75,12.807776938666667,4.350661973333333,6.372070741333333,3.263266816,24.781224220637355,3,15.0,0.2,3.0,0.7199237738740976,1.0577988870360604
800,4.351936864,LIP,0.5,0.75,12.807776938666667,4.350661973333333,6.372070741333333,3.263266816,24.781224220637355,3,15.0,0.28,4.2,0.7971354007376935,1.1711955599011354
800,4.351936864,LIP,0.5,0.75,12.807776938666667,4.350661973333333,6.372070741333333,3.263266816,24.781224220637355,3,15.0,0.5,7.5,0.9037557070176863,1.1711955599011354
800,4.351936864,LIP,0.5,0.75,12.807776938666667,4.350661973333333,6.372070741333333,3.263266816,24.781224220637355,3,15.0,0.75,11.25,0.9581237274477897,1.1711955599011354
800,4.351936864,LIP,0.5,0.75,12.807776938666667,4.350661973333333,6.372070741333333,3.263266816,24.781224220637355,3,15.0,1.0,15.0,0.9878368077231711,1.1711955599011354
800,4.351936864,LIP,0.5,0.75,12.807776938666667,4.350661973333333,6.372070741333333,3.263266816,24.781224220637355,3,17.7,0.05,0.885,0.3992642359292725,0.48521775862739774
800,4.351936864,LIP,0.5,0.75,12.807776938666667,4.350661973333333,6.372070741333333,3.263266816,24.781224220637355,3,17.7,0.1,1.77,0.5860067192118246,0.7918983008582596
800,4.351936864,LIP,0.5,0.75,12.807776938666667,4.350661973333333,6.372070741333333,3.263266816,24.781224220637355,3,17.7,0.2,3.54,0.7648802992043879,1.1577860296698628
800,4.351936864,LIP,0.5,0.75,12.807776938666667,4.350661973333333,6.372070741333333,3.263266816,24.781224220637355,3,17.7,0.28,4.956,0.837960384651779,1.1711955599011354
800,4.351936864,LIP,0.5,0.75,12.807776938666667,4.350661973333333,6.372070741333333,3.263266816,24.781224220637355,3,17.7,0.5,8.85,0.9363720797012213,1.1711955599011354
800,4.351936864,LIP,0.5,0.75,12.807776938666667,4.350661973333333,6.372070741333333,3.263266816,24.781224220637355,3,17.7,0.75,13.274999999999999,0.9854720978847477,1.1711955599011354
800,4.351936864,LIP,0.5,0.75,12.807776938666667,4.350661973333333,6.372070741333333,3.263266816,24.781224220637355,3,17.7,1.0,17.7,1.0120050693301297,1.1711955599011354
800,4.351936864,LIP,0.5,0.75,12.807776938666667,4.350661973333333,6.372070741333333,3.263266816,24.781224220637355,3,19.0,0.05,0.9500000000000001,0.4181198092506249,0.5133516795928587
800,4.351936864,LIP,0.5,0.75,12.807776938666667,4.350661973333333,6.372070741333333,3.263266816,24.781224220637355,3,19.0,0.1,1.9000000000000001,0.606749441606973,0.8302543943102354
800,4.351936864,LIP,0.5,0.75,12.807776938666667,4.350661973333333,6.372070741333333,3.263266816,24.781224220637355,3,19.0,0.2,3.8000000000000003,0.7834776060135276,1.1711955599011354
800,4.351936864,LIP,0.5,0.75,12.807776938666667,4.350661973333333,6.372070741333333,3.263266816,24.781224220637355,3,19.0,0.28,5.32,0.8545972953712804,1.1711955599011354
800,4.351936864,LIP,0.5,0.75,12.807776938666667,4.350661973333333,6.372070741333333,3.263266816,24.781224220637355,3,19.0,0.5,9.5,0.9493962287167336,1.1711955599011354
800,4.351936864,LIP,0.5,0.75,12.807776938666667,4.350661973333333,6.372070741333333,3.263266816,24.781224220637355,3,19.0,0.75,14.25,0.9962816886592621,1.1711955599011354
800,4.351936864,LIP,0.5,0.75,12.807776938666667,4.350661973333333,6.372070741333333,3.263266816,24.781224220637355,3,19.0,1.0,19.0,1.021504945155617,1.1711955599011354
800,4.351936864,LIP,0.75,0.75,12.807771477333334,4.350667434666667,9.591706965333334,3.263266816,24.781256294494458,3,15.0,0.05,0.75,0.2664189262089783,0.30213209006919367
800,4.351936864,LIP,0.75,0.75,12.807771477333334,4.350667434666667,9.591706965333334,3.263266816,24.781256294494458,3,15.0,0.1,1.5,0.4281170870486226,0.5285040396667193
800,4.351936864,LIP,0.75,0.75,12.807771477333334,4.350667434666667,9.591706965333334,3.263266816,24.781256294494458,3,15.0,0.2,3.0,0.6146391626191392,0.845098243411765
800,4.351936864,LIP,0.75,0.75,12.807771477333334,4.350667434666667,9.591706965333334,3.263266816,24.781256294494458,3,15.0,0.28,4.2,0.7020275646871462,1.0196080608403497
800,4.351936864,LIP,0.75,0.75,12.807771477333334,4.350667434666667,9.591706965333334,3.263266816,24.781256294494458,3,15.0,0.5,7.5,0.8321768845898789,1.1711958194089516
800,4.351936864,LIP,0.75,0.75,12.807771477333334,4.350667434666667,9.591706965333334,3.263266816,24.781256294494458,3,15.0,0.75,11.25,0.9032152741339368,1.1711958194089516
800,4.351936864,LIP,0.75,0.75,12.807771477333334,4.350667434666667,9.591706965333334,3.263266816,24.781256294494458,3,15.0,1.0,15.0,0.9434853671149888,1.1711958194089516
800,4.351936864,LIP,0.75,0.75,12.807771477333334,4.350667434666667,9.591706965333334,3.263266816,24.781256294494458,3,17.7,0.05,0.885,0.3020083944982891,0.348737076890152
800,4.351936864,LIP,0.75,0.75,12.807771477333334,4.350667434666667,9.591706965333334,3.263266816,24.781256294494458,3,17.7,0.1,1.77,0.47399101464162435,0.600215538480206
800,4.351936864,LIP,0.75,0.75,12.807771477333334,4.350667434666667,9.591706965333334,3.263266816,24.781256294494458,3,17.7,0.2,3.54,0.6626756662256413,0.938652171126112
800,4.351936864,LIP,0.75,0.75,12.807771477333334,4.350667434666667,9.591706965333334,3.263266816,24.781256294494458,3,17.7,0.28,4.956,0.7477182401283848,1.11891153675691
800,4.351936864,LIP,0.75,0.75,12.807771477333334,4.350667434666667,9.591706965333334,3.263266816,24.781256294494458,3,17.7,0.5,8.85,0.870619537287723,1.1711958194089516
800,4.351936864,LIP,0.75,0.75,12.807771477333334,4.350667434666667,9.591706965333334,3.263266816,24.781256294494458,3,17.7,0.75,13.274999999999999,0.9358804207936873,1.1711958194089516
800,4.351936864,LIP,0.75,0.75,12.807771477333334,4.350667434666667,9.591706965333334,3.263266816,24.781256294494458,3,17.7,1.0,17.7,0.9723226510341388,1.1711958194089516
800,4.351936864,LIP,0.75,0.75,12.807771477333334,4.350667434666667,9.591706965333334,3.263266816,24.781256294494458,3,19.0,0.05,0.9500000000000001,0.3181640576329621,0.3704587162096421
800,4.351936864,LIP,0.75,0.75,12.807771477333334,4.350667434666667,9.591706965333334,3.263266816,24.781256294494458,3,19.0,0.1,1.9000000000000001,0.49411667404838294,0.6328565028694035
800,4.351936864,LIP,0.75,0.75,12.807771477333334,4.350667434666667,9.591706965333334,3.263266816,24.781256294494458,3,19.0,0.2,3.8000000000000003,0.6829649551371445,0.9798854014689419
800,4.351936864,LIP,0.75,0.75,12.807771477333334,4.350667434666667,9.591706965333334,3.263266816,24.781256294494458,3,19.0,0.28,5.32,0.76668564844643,1.1619272752091598
800,4.351936864,LIP,0.75,0.75,12.807771477333334,4.350667434666667,9.591706965333334,3.263266816,24.781256294494458,3,19.0,0.5,9.5,0.8861805245611191,1.1711958194089516
800,4.351936864,LIP,0.75,0.75,12.807771477333334,4.350667434666667,9.591706965333334,3.263266816,24.781256294494458,3,19.0,0.75,14.25,0.9489253776405232,1.1711958194089516
800,4.351936864,LIP,0.75,0.75,12.807771477333334,4.350667434666667,9.591706965333334,3.263266816,24.781256294494458,3,19.0,1.0,19.0,0.9837520150701334,1.1711958194089516
800,4.351936864,LIP,1.0,0.75,12.807766016,4.350672896,12.80671744,3.263266816,24.78128836835157,3,15.0,0.05,0.75,0.21259137770640252,0.23473168111874493
800,4.351936864,LIP,1.0,0.75,12.807766016,4.350672896,12.80671744,3.263266816,24.78128836835157,3,15.0,0.1,1.5,0.3557458162296519,0.42241868353867595
800,4.351936864,LIP,1.0,0.75,12.807766016,4.350672896,12.80671744,3.263266816,24.78128836835157,3,15.0,0.2,3.0,0.5363184379472579,0.703785426053486
800,4.351936864,LIP,1.0,0.75,12.807766016,4.350672896,12.80671744,3.263266816,24.78128836835157,3,15.0,0.28,4.2,0.6272916587394619,0.869203549931146
800,4.351936864,LIP,1.0,0.75,12.807766016,4.350672896,12.80671744,3.263266816,24.78128836835157,3,15.0,0.5,7.5,0.7711855721252501,1.171196078916883
800,4.351936864,LIP,1.0,0.75,12.807766016,4.350672896,12.80671744,3.263266816,24.78128836835157,3,15.0,0.75,11.25,0.8543256554786289,1.171196078916883
800,4.351936864,LIP,1.0,0.75,12.807766016,4.350672896,12.80671744,3.263266816,24.78128836835157,3,15.0,1.0,15.0,0.903001090172128,1.171196078916883
800,4.351936864,LIP,1.0,0.75,12.807766016,4.350672896,12.80671744,3.263266816,24.78128836835157,3,17.7,0.05,0.885,0.2429208803764933,0.2722651355895905
800,4.351936864,LIP,1.0,0.75,12.807766016,4.350672896,12.80671744,3.263266816,24.78128836835157,3,17.7,0.1,1.77,0.3980186963401281,0.4833793611763044
800,4.351936864,LIP,1.0,0.75,12.807766016,4.350672896,12.80671744,3.263266816,24.78128836835157,3,17.7,0.2,3.54,0.5846640801410727,0.7894481927407851
800,4.351936864,LIP,1.0,0.75,12.807766016,4.350672896,12.80671744,3.263266816,24.78128836835157,3,17.7,0.28,4.956,0.6751175265389212,0.9638114822400532
800,4.351936864,LIP,1.0,0.75,12.807766016,4.350672896,12.80671744,3.263266816,24.78128836835157,3,17.7,0.5,8.85,0.8135721505765822,1.171196078916883
800,4.351936864,LIP,1.0,0.75,12.807766016,4.350672896,12.80671744,3.263266816,24.78128836835157,3,17.7,0.75,13.274999999999999,0.8911021281998945,1.171196078916883
800,4.351936864,LIP,1.0,0.75,12.807766016,4.350672896,12.80671744,3.263266816,24.78128836835157,3,17.7,1.0,17.7,0.9356855622908051,1.171196078916883
800,4.351936864,LIP,1.0,0.75,12.807766016,4.350672896,12.80671744,3.263266816,24.78128836835157,3,19.0,0.05,0.9500000000000001,0.25684975552267664,0.2898844495092496
800,4.351936864,LIP,1.0,0.75,12.807766016,4.350672896,12.80671744,3.263266816,24.78128836835157,3,19.0,0.1,1.9000000000000001,0.4168472165492432,0.5114346033736136
800,4.351936864,LIP,1.0,0.75,12.807766016,4.350672896,12.80671744,3.263266816,24.78128836835157,3,19.0,0.2,3.8000000000000003,0.6054084541228671,0.8277452839334193
800,4.351936864,LIP,1.0,0.75,12.807766016,4.350672896,12.80671744,3.263266816,24.78128836835157,3,19.0,0.28,5.32,0.6952669286856337,1.0054088659638818
800,4.351936864,LIP,1.0,0.75,12.807766016,4.350672896,12.80671744,3.263266816,24.78128836835157,3,19.0,0.5,9.5,0.8309322548167551,1.171196078916883
800,4.351936864,LIP,1.0,0.75,12.807766016,4.350672896,12.80671744,3.263266816,24.78128836835157,3,19.0,0.75,14.25,0.9059258245712677,1.171196078916883
800,4.351936864,LIP,1.0,0.75,12.807766016,4.350672896,12.80671744,3.263266816,24.78128836835157,3,19.0,1.0,19.0,0.9487387653152578,1.171196078916883
800,4.351936864,LIP,0.0,1.0,12.80671744,4.351721472,0.0,4.351721472,24.787446548917124,3,15.0,0.05,0.75,1.0891927203710106,1.17124590657051
800,4.351936864,LIP,0.0,1.0,12.80671744,4.351721472,0.0,4.351721472,24.787446548917124,3,15.0,0.1,1.5,1.0891927203710106,1.17124590657051
800,4.351936864,LIP,0.0,1.0,12.80671744,4.351721472,0.0,4.351721472,24.787446548917124,3,15.0,0.2,3.0,1.0891927203710106,1.17124590657051
800,4.351936864,LIP,0.0,1.0,12.80671744,4.351721472,0.0,4.351721472,24.787446548917124,3,15.0,0.28,4.2,1.0891927203710106,1.17124590657051
800,4.351936864,LIP,0.0,1.0,12.80671744,4.351721472,0.0,4.351721472,24.787446548917124,3,15.0,0.5,7.5,1.0891927203710106,1.17124590657051
800,4.351936864,LIP,0.0,1.0,12.80671744,4.351721472,0.0,4.351721472,24.787446548917124,3,15.0,0.75,11.25,1.0891927203710106,1.17124590657051
800,4.351936864,LIP,0.0,1.0,12.80671744,4.351721472,0.0,4.351721472,24.787446548917124,3,15.0,1.0,15.0,1.0891927203710106,1.17124590657051
800,4.351936864,LIP,0.0,1.0,12.80671744,4.351721472,0.0,4.351721472,24.787446548917124,3,17.7,0.05,0.885,1.1009581741423198,1.17124590657051
800,4.351936864,LIP,0.0,1.0,12.80671744,4.351721472,0.0,4.351721472,24.787446548917124,3,17.7,0.1,1.77,1.1009581741423198,1.17124590657051
800,4.351936864,LIP,0.0,1.0,12.80671744,4.351721472,0.0,4.351721472,24.787446548917124,3,17.7,0.2,3.54,1.1009581741423198,1.17124590657051
800,4.351936864,LIP,0.0,1.0,12.80671744,4.351721472,0.0,4.351721472,24.787446548917124,3,17.7,0.28,4.956,1.1009581741423198,1.17124590657051
800,4.351936864,LIP,0.0,1.0,12.80671744,4.351721472,0.0,4.351721472,24.787446548917124,3,17.7,0.5,8.85,1.1009581741423198,1.17124590657051
800,4.351936864,LIP,0.0,1.0,12.80671744,4.351721472,0.0,4.351721472,24.787446548917124,3,17.7,0.75,13.274999999999999,1.1009581741423198,1.17124590657051
800,4.351936864,LIP,0.0,1.0,12.80671744,4.351721472,0.0,4.351721472,24.787446548917124,3,17.7,1.0,17.7,1.1009581741423198,1.17124590657051
800,4.351936864,LIP,0.0,1.0,12.80671744,4.351721472,0.0,4.351721472,24.787446548917124,3,19.0,0.05,0.9500000000000001,1.105497369890095,1.17124590657051
800,4.351936864,LIP,0.0,1.0,12.80671744,4.351721472,0.0,4.351721472,24.787446548917124,3,19.0,0.1,1.9000000000000001,1.105497369890095,1.17124590657051
800,4.351936864,LIP,0.0,1.0,12.80671744,4.351721472,0.0,4.351721472,24.787446548917124,3,19.0,0.2,3.8000000000000003,1.105497369890095,1.17124590657051
800,4.351936864,LIP,0.0,1.0,12.80671744,4.351721472,0.0,4.351721472,24.787446548917124,3,19.0,0.28,5.32,1.105497369890095,1.17124590657051
800,4.351936864,LIP,0.0,1.0,12.80671744,4.351721472,0.0,4.351721472,24.787446548917124,3,19.0,0.5,9.5,1.105497369890095,1.17124590657051
800,4.351936864,LIP,0.0,1.0,12.80671744,4.351721472,0.0,4.351721472,24.787446548917124,3,19.0,0.75,14.25,1.105497369890095,1.17124590657051
800,4.351936864,LIP,0.0,1.0,12.80671744,4.351721472,0.0,4.351721472,24.787446548917124,3,19.0,1.0,19.0,1.105497369890095,1.17124590657051
800,4.351936864,LIP,0.02,1.0,12.806531754666667,4.351907157333333,1.0922666666666666e-05,4.351721472,24.788537060058946,3,15.0,0.05,0.75,1.089193265013243,1.1712547306593815
800,4.351936864,LIP,0.02,1.0,12.806531754666667,4.351907157333333,1.0922666666666666e-05,4.351721472,24.788537060058946,3,15.0,0.1,1.5,1.0891951802430013,1.1712547306593815
800,4.351936864,LIP,0.02,1.0,12.806531754666667,4.351907157333333,1.0922666666666666e-05,4.351721472,24.788537060058946,3,15.0,0.2,3.0,1.0891961378604063,1.1712547306593815
800,4.351936864,LIP,0.02,1.0,12.806531754666667,4.351907157333333,1.0922666666666666e-05,4.351721472,24.788537060058946,3,15.0,0.28,4.2,1.0891964114656885,1.1712547306593815
800,4.351936864,LIP,0.02,1.0,12.806531754666667,4.351907157333333,1.0922666666666666e-05,4.351721472,24.788537060058946,3,15.0,0.5,7.5,1.0891967124316573,1.1712547306593815
800,4.351936864,LIP,0.02,1.0,12.806531754666667,4.351907157333333,1.0922666666666666e-05,4.351721472,24.788537060058946,3,15.0,0.75,11.25,1.08919684011424,1.1712547306593815
800,4.351936864,LIP,0.02,1.0,12.806531754666667,4.351907157333333,1.0922666666666666e-05,4.351721472,24.788537060058946,3,15.0,1.0,15.0,1.0891969039555425,1.1712547306593815
800,4.351936864,LIP,0.02,1.0,12.806531754666667,4.351907157333333,1.0922666666666666e-05,4.351721472,24.788537060058946,3,17.7,0.05,0.885,1.1009598350617544,1.1712547306593815
800,4.351936864,LIP,0.02,1.0,12.806531754666667,4.351907157333333,1.0922666666666666e-05,4.351721472,24.788537060058946,3,17.7,0.1,1.77,1.100961493395051,1.1712547306593815
800,4.351936864,LIP,0.02,1.0,12.806531754666667,4.351907157333333,1.0922666666666666e-05,4.351721472,24.788537060058946,3,17.7,0.2,3.54,1.1009623225635723,1.1712547306593815
800,4.351936864,LIP,0.02,1.0,12.806531754666667,4.351907157333333,1.0922666666666666e-05,4.351721472,24.788537060058946,3,17.7,0.28,4.956,1.1009625594690935,1.1712547306593815
800,4.351936864,LIP,0.02,1.0,12.806531754666667,4.351907157333333,1.0922666666666666e-05,4.351721472,24.788537060058946,3,17.7,0.5,8.85,1.1009628200652848,1.1712547306593815
800,4.351936864,LIP,0.02,1.0,12.806531754666667,4.351907157333333,1.0922666666666666e-05,4.351721472,24.788537060058946,3,17.7,0.75,13.274999999999999,1.100962930621282,1.1712547306593815
800,4.351936864,LIP,0.02,1.0,12.806531754666667,4.351907157333333,1.0922666666666666e-05,4.351721472,24.788537060058946,3,17.7,1.0,17.7,1.1009629858992889,1.1712547306593815
800,4.351936864,LIP,0.02,1.0,12.806531754666667,4.351907157333333,1.0922666666666666e-05,4.351721472,24.788537060058946,3,19.0,0.05,0.9500000000000001,1.1054994678221775,1.1712547306593815
800,4.351936864,LIP,0.02,1.0,12.806531754666667,4.351907157333333,1.0922666666666666e-05,4.351721472,24.788537060058946,3,19.0,0.1,1.9000000000000001,1.1055010254567164,1.1712547306593815
800,4.351936864,LIP,0.02,1.0,12.806531754666667,4.351907157333333,1.0922666666666666e-05,4.351721472,24.788537060058946,3,19.0,0.2,3.8000000000000003,1.105501804275632,1.1712547306593815
800,4.351936864,LIP,0.02,1.0,12.806531754666667,4.351907157333333,1.0922666666666666e-05,4.351721472,24.788537060058946,3,19.0,0.28,5.32,1.1055020267955233,1.1712547306593815
800,4.351936864,LIP,0.02,1.0,12.806531754666667,4.351907157333333,1.0922666666666666e-05,4.351721472,24.788537060058946,3,19.0,0.5,9.5,1.1055022715675078,1.1712547306593815
800,4.351936864,LIP,0.02,1.0,12.806531754666667,4.351907157333333,1.0922666666666666e-05,4.351721472,24.788537060058946,3,19.0,0.75,14.25,1.1055023754102005,1.1712547306593815
800,4.351936864,LIP,0.02,1.0,12.806531754666667,4.351907157333333,1.0922666666666666e-05,4.351721472,24.788537060058946,3,19.0,1.0,19.0,1.1055024273315543,1.1712547306593815
800,4.351936864,LIP,0.05,1.0,12.806504448,4.351934464,5.461333333333333e-06,4.351721472,24.7886974293445,3,15.0,0.05,0.75,1.0891958236420096,1.1712560283307238
800,4.351936864,LIP,0.05,1.0,12.806504448,4.351934464,5.461333333333333e-06,4.351721472,24.7886974293445,3,15.0,0.1,1.5,1.0891967812605459,1.1712560283307238
800,4.351936864,LIP,0.05,1.0,12.806504448,4.351934464,5.461333333333333e-06,4.351721472,24.7886974293445,3,15.0,0.2,3.0,1.0891972600704454,1.1712560283307238
800,4.351936864,LIP,0.05,1.0,12.806504448,4.351934464,5.461333333333333e-06,4.351721472,24.7886974293445,3,15.0,0.28,4.2,1.0891973968733513,1.1712560283307238
800,4.351936864,LIP,0.05,1.0,12.806504448,4.351934464,5.461333333333333e-06,4.351721472,24.7886974293445,3,15.0,0.5,7.5,1.0891975473565871,1.1712560283307238
800,4.351936864,LIP,0.05,1.0,12.806504448,4.351934464,5.461333333333333e-06,4.351721472,24.7886974293445,3,15.0,0.75,11.25,1.0891976111979726,1.1712560283307238
800,4.351936864,LIP,0.05,1.0,12.806504448,4.351934464,5.461333333333333e-06,4.351721472,24.7886974293445,3,15.0,1.0,15.0,1.089197643118668,1.1712560283307238
800,4.351936864,LIP,0.05,1.0,12.806504448,4.351934464,5.461333333333333e-06,4.351721472,24.7886974293445,3,17.7,0.05,0.885,1.1009622253953215,1.1712560283307238
800,4.351936864,LIP,0.05,1.0,12.806504448,4.351934464,5.461333333333333e-06,4.351721472,24.7886974293445,3,17.7,0.1,1.77,1.1009630545649456,1.1712560283307238
800,4.351936864,LIP,0.05,1.0,12.806504448,4.351934464,5.461333333333333e-06,4.351721472,24.7886974293445,3,17.7,0.2,3.54,1.1009634691502261,1.1712560283307238
800,4.351936864,LIP,0.05,1.0,12.806504448,4.351934464,5.461333333333333e-06,4.351721472,24.7886974293445,3,17.7,0.28,4.956,1.1009635876032209,1.1712560283307238
800,4.351936864,LIP,0.05,1.0,12.806504448,4.351934464,5.461333333333333e-06,4.351721472,24.7886974293445,3,17.7,0.5,8.85,1.1009637179015443,1.1712560283307238
800,4.351936864,LIP,0.05,1.0,12.806504448,4.351934464,5.461333333333333e-06,4.351721472,24.7886974293445,3,17.7,0.75,13.274999999999999,1.1009637731796302,1.1712560283307238
800,4.351936864,LIP,0.05,1.0,12.806504448,4.351934464,5.461333333333333e-06,4.351721472,24.7886974293445,3,17.7,1.0,17.7,1.1009638008186753,1.1712560283307238
800,4.351936864,LIP,0.05,1.0,12.806504448,4.351934464,5.461333333333333e-06,4.351721472,24.7886974293445,3,19.0,0.05,0.9500000000000001,1.1055017921065775,1.1712560283307238
800,4.351936864,LIP,0.05,1.0,12.806504448,4.351934464,5.461333333333333e-06,4.351721472,24.7886974293445,3,19.0,0.1,1.9000000000000001,1.1055025709265733,1.1712560283307238
800,4.351936864,LIP,0.05,1.0,12.806504448,4.351934464,5.461333333333333e-06,4.351721472,24.7886974293445,3,19.0,0.2,3.8000000000000003,1.1055029603369828,1.1712560283307238
800,4.351936864,LIP,0.05,1.0,12.806504448,4.351934464,5.461333333333333e-06,4.351721472,24.7886974293445,3,19.0,0.28,5.32,1.1055030715971499,1.1712560283307238
800,4.351936864,LIP,0.05,1.0,12.806504448,4.351934464,5.461333333333333e-06,4.351721472,24.7886974293445,3,19.0,0.5,9.5,1.10550319398336,1.1712560283307238
800,4.351936864,LIP,0.05,1.0,12.806504448,4.351934464,5.461333333333333e-06,4.351721472,24.7886974293445,3,19.0,0.75,14.25,1.1055032459047907,1.1712560283307238
800,4.351936864,LIP,0.05,1.0,12.806504448,4.351934464,5.461333333333333e-06,4.351721472,24.7886974293445,3,19.0,1.0,19.0,1.1055032718655078,1.1712560283307238
800,4.351936864,LIP,0.1,1.0,12.806526293333334,4.351912618666667,1.6384e-05,4.351721472,24.78856913391605,3,15.0,0.05,0.75,1.0891914784690562,1.17125499019342
800,4.351936864,LIP,0.1,1.0,12.806526293333334,4.351912618666667,1.6384e-05,4.351721472,24.78856913391605,3,15.0,0.1,1.5,1.0891943513067948,1.17125499019342
800,4.351936864,LIP,0.1,1.0,12.806526293333334,4.351912618666667,1.6384e-05,4.351721472,24.78856913391605,3,15.0,0.2,3.0,1.0891957877313472,1.17125499019342
800,4.351936864,LIP,0.1,1.0,12.806526293333334,4.351912618666667,1.6384e-05,4.351721472,24.78856913391605,3,15.0,0.28,4.2,1.0891961981390579,1.17125499019342
800,4.351936864,LIP,0.1,1.0,12.806526293333334,4.351912618666667,1.6384e-05,4.351721472,24.78856913391605,3,15.0,0.5,7.5,1.089196649587897,1.17125499019342
800,4.351936864,LIP,0.1,1.0,12.806526293333334,4.351912618666667,1.6384e-05,4.351721472,24.78856913391605,3,15.0,0.75,11.25,1.08919684111176,1.17125499019342
800,4.351936864,LIP,0.1,1.0,12.806526293333334,4.351912618666667,1.6384e-05,4.351721472,24.78856913391605,3,15.0,1.0,15.0,1.0891969368737169,1.17125499019342
800,4.351936864,LIP,0.1,1.0,12.806526293333334,4.351912618666667,1.6384e-05,4.351721472,24.78856913391605,3,17.7,0.05,0.885,1.1009583231325482,1.17125499019342
800,4.351936864,LIP,0.1,1.0,12.806526293333334,4.351912618666667,1.6384e-05,4.351721472,24.78856913391605,3,17.7,0.1,1.77,1.1009608106275337,1.17125499019342
800,4.351936864,LIP,0.1,1.0,12.806526293333334,4.351912618666667,1.6384e-05,4.351721472,24.78856913391605,3,17.7,0.2,3.54,1.1009620543792418,1.17125499019342
800,4.351936864,LIP,0.1,1.0,12.806526293333334,4.351912618666667,1.6384e-05,4.351721472,24.78856913391605,3,17.7,0.28,4.956,1.100962409737389,1.17125499019342
800,4.351936864,LIP,0.1,1.0,12.806526293333334,4.351912618666667,1.6384e-05,4.351721472,24.78856913391605,3,17.7,0.5,8.85,1.1009628006316154,1.17125499019342
800,4.351936864,LIP,0.1,1.0,12.806526293333334,4.351912618666667,1.6384e-05,4.351721472,24.78856913391605,3,17.7,0.75,13.274999999999999,1.1009629664656138,1.17125499019342
800,4.351936864,LIP,0.1,1.0,12.806526293333334,4.351912618666667,1.6384e-05,4.351721472,24.78856913391605,3,17.7,1.0,17.7,1.1009630493826315,1.17125499019342
800,4.351936864,LIP,0.1,1.0,12.806526293333334,4.351912618666667,1.6384e-05,4.351721472,24.78856913391605,3,19.0,0.05,0.9500000000000001,1.105498063521051,1.17125499019342
800,4.351936864,LIP,0.1,1.0,12.806526293333334,4.351912618666667,1.6384e-05,4.351721472,24.78856913391605,3,19.0,0.1,1.9000000000000001,1.105500399968569,1.17125499019342
800,4.351936864,LIP,0.1,1.0,12.806526293333334,4.351912618666667,1.6384e-05,4.351721472,24.78856913391605,3,19.0,0.2,3.8000000000000003,1.105501568196032,1.17125499019342
800,4.351936864,LIP,0.1,1.0,12.806526293333334,4.351912618666667,1.6384e-05,4.351721472,24.78856913391605,3,19.0,0.28,5.32,1.1055019019757606,1.17125499019342
800,4.351936864,LIP,0.1,1.0,12.806526293333334,4.351912618666667,1.6384e-05,4.351721472,24.78856913391605,3,19.0,0.5,9.5,1.1055022691336946,1.17125499019342
800,4.351936864,LIP,0.1,1.0,12.806526293333334,4.351912618666667,1.6384e-05,4.351721472,24.78856913391605,3,19.0,0.75,14.25,1.1055024248977403,1.17125499019342
800,4.351936864,LIP,0.1,1.0,12.806526293333334,4.351912618666667,1.6384e-05,4.351721472,24.78856913391605,3,19.0,1.0,19.0,1.10550250277978,1.17125499019342
800,4.351936864,LIP,0.2,1.0,12.806537216,4.351901696,8.192e-05,4.351721472,24.788504986201833,3,15.0,0.05,0.75,1.0891682389659223,1.171254471125458
800,4.351936864,LIP,0.2,1.0,12.806537216,4.351901696,8.192e-05,4.351721472,24.788504986201833,3,15.0,0.1,1.5,1.0891826026931986,1.171254471125458
800,4.351936864,LIP,0.2,1.0,12.806537216,4.351901696,8.192e-05,4.351721472,24.788504986201833,3,15.0,0.2,3.0,1.0891897846989074,1.171254471125458
800,4.351936864,LIP,0.2,1.0,12.806537216,4.351901696,8.192e-05,4.351721472,24.788504986201833,3,15.0,0.28,4.2,1.089191836717935,1.171254471125458
800,4.351936864,LIP,0.2,1.0,12.806537216,4.351901696,8.192e-05,4.351721472,24.788504986201833,3,15.0,0.5,7.5,1.089194093947796,1.171254471125458
800,4.351936864,LIP,0.2,1.0,12.806537216,4.351901696,8.192e-05,4.351721472,24.788504986201833,3,15.0,0.75,11.25,1.0891950515632907,1.171254471125458
800,4.351936864,LIP,0.2,1.0,12.806537216,4.351901696,8.192e-05,4.351721472,24.788504986201833,3,15.0,1.0,15.0,1.0891955303716696,1.171254471125458
800,4.351936864,LIP,0.2,1.0,12.806537216,4.351901696,8.192e-05,4.351721472,24.788504986201833,3,17.7,0.05,0.885,1.1009381307897455,1.171254471125458
800,4.351936864,LIP,0.2,1.0,12.806537216,4.351901696,8.192e-05,4.351721472,24.788504986201833,3,17.7,0.1,1.77,1.1009505679208529,1.171254471125458
800,4.351936864,LIP,0.2,1.0,12.806537216,4.351901696,8.192e-05,4.351721472,24.788504986201833,3,17.7,0.2,3.54,1.1009567865917826,1.171254471125458
800,4.351936864,LIP,0.2,1.0,12.806537216,4.351901696,8.192e-05,4.351721472,24.788504986201833,3,17.7,0.28,4.956,1.1009585633678087,1.171254471125458
800,4.351936864,LIP,0.2,1.0,12.806537216,4.351901696,8.192e-05,4.351721472,24.788504986201833,3,17.7,0.5,8.85,1.1009605178280613,1.171254471125458
800,4.351936864,LIP,0.2,1.0,12.806537216,4.351901696,8.192e-05,4.351721472,24.788504986201833,3,17.7,0.75,13.274999999999999,1.1009613469951132,1.171254471125458
800,4.351936864,LIP,0.2,1.0,12.806537216,4.351901696,8.192e-05,4.351721472,24.788504986201833,3,17.7,1.0,17.7,1.1009617615791076,1.171254471125458
800,4.351936864,LIP,0.2,1.0,12.806537216,4.351901696,8.192e-05,4.351721472,24.788504986201833,3,19.0,0.05,0.9500000000000001,1.1054790656488014,1.171254471125458
800,4.351936864,LIP,0.2,1.0,12.806537216,4.351901696,8.192e-05,4.351721472,24.788504986201833,3,19.0,0.1,1.9000000000000001,1.1054907475836366,1.171254471125458
800,4.351936864,LIP,0.2,1.0,12.806537216,4.351901696,8.192e-05,4.351721472,24.788504986201833,3,19.0,0.2,3.8000000000000003,1.1054965886436396,1.171254471125458
800,4.351936864,LIP,0.2,1.0,12.806537216,4.351901696,8.192e-05,4.351721472,24.788504986201833,3,19.0,0.28,5.32,1.1054982575292631,1.171254471125458
800,4.351936864,LIP,0.2,1.0,12.806537216,4.351901696,8.192e-05,4.351721472,24.788504986201833,3,19.0,0.5,9.5,1.1055000933092693,1.171254471125458
800,4.351936864,LIP,0.2,1.0,12.806537216,4.351901696,8.192e-05,4.351721472,24.788504986201833,3,19.0,0.75,14.25,1.1055008721268715,1.171254471125458
800,4.351936864,LIP,0.2,1.0,12.806537216,4.351901696,8.192e-05,4.351721472,24.788504986201833,3,19.0,1.0,19.0,1.105501261536084,1.171254471125458
800,4.351936864,LIP,0.35,1.0,12.806537216,4.351901696,3.822933333333334e-05,4.351721472,24.788504986201833,3,15.0,0.05,0.75,1.0891835602884874,1.171254471125458
800,4.351936864,LIP,0.35,1.0,12.806537216,4.351901696,3.822933333333334e-05,4.351721472,24.788504986201833,3,15.0,0.1,1.5,1.0891902635026556,1.171254471125458
800,4.351936864,LIP,0.35,1.0,12.806537216,4.351901696,3.822933333333334e-05,4.351721472,24.788504986201833,3,15.0,0.2,3.0,1.0891936151406798,1.171254471125458
800,4.351936864,LIP,0.35,1.0,12.806537216,4.351901696,3.822933333333334e-05,4.351721472,24.788504986201833,3,15.0,0.28,4.2,1.089194572755333,1.171254471125458
800,4.351936864,LIP,0.35,1.0,12.806537216,4.351901696,3.822933333333334e-05,4.351721472,24.788504986201833,3,15.0,0.5,7.5,1.0891956261333957,1.171254471125458
800,4.351936864,LIP,0.35,1.0,12.806537216,4.351901696,3.822933333333334e-05,4.351721472,24.788504986201833,3,15.0,0.75,11.25,1.0891960730216745,1.171254471125458
800,4.351936864,LIP,0.35,1.0,12.806537216,4.351901696,3.822933333333334e-05,4.351721472,24.788504986201833,3,15.0,1.0,15.0,1.0891962964659514,1.171254471125458
800,4.351936864,LIP,0.35,1.0,12.806537216,4.351901696,3.822933333333334e-05,4.351721472,24.788504986201833,3,17.7,0.05,0.885,1.100951397072918,1.171254471125458
800,4.351936864,LIP,0.35,1.0,12.806537216,4.351901696,3.822933333333334e-05,4.351721472,24.788504986201833,3,17.7,0.1,1.77,1.100957201172342,1.171254471125458
800,4.351936864,LIP,0.35,1.0,12.806537216,4.351901696,3.822933333333334e-05,4.351721472,24.788504986201833,3,17.7,0.2,3.54,1.1009601032450036,1.171254471125458
800,4.351936864,LIP,0.35,1.0,12.806537216,4.351901696,3.822933333333334e-05,4.351721472,24.788504986201833,3,17.7,0.28,4.956,1.1009609324114313,1.171254471125458
800,4.351936864,LIP,0.35,1.0,12.806537216,4.351901696,3.822933333333334e-05,4.351721472,24.788504986201833,3,17.7,0.5,8.85,1.1009618444959441,1.171254471125458
800,4.351936864,LIP,0.35,1.0,12.806537216,4.351901696,3.822933333333334e-05,4.351721472,24.788504986201833,3,17.7,0.75,13.274999999999999,1.1009622314413454,1.171254471125458
800,4.351936864,LIP,0.35,1.0,12.806537216,4.351901696,3.822933333333334e-05,4.351721472,24.788504986201833,3,17.7,1.0,17.7,1.1009624249141483,1.171254471125458
800,4.351936864,LIP,0.35,1.0,12.806537216,4.351901696,3.822933333333334e-05,4.351721472,24.788504986201833,3,19.0,0.05,0.9500000000000001,1.1054915263880707,1.171254471125458
800,4.351936864,LIP,0.35,1.0,12.806537216,4.351901696,3.822933333333334e-05,4.351721472,24.788504986201833,3,19.0,0.1,1.9000000000000001,1.1054969780498343,1.171254471125458
800,4.351936864,LIP,0.35,1.0,12.806537216,4.351901696,3.822933333333334e-05,4.351721472,24.788504986201833,3,19.0,0.2,3.8000000000000003,1.1054997039008798,1.171254471125458
800,4.351936864,LIP,0.35,1.0,12.806537216,4.351901696,3.822933333333334e-05,4.351721472,24.788504986201833,3,19.0,0.28,5.32,1.105500482717933,1.171254471125458
800,4.351936864,LIP,0.35,1.0,12.806537216,4.351901696,3.822933333333334e-05,4.351721472,24.788504986201833,3,19.0,0.5,9.5,1.1055013394179596,1.171254471125458
800,4.351936864,LIP,0.35,1.0,12.806537216,4.351901696,3.822933333333334e-05,4.351721472,24.788504986201833,3,19.0,0.75,14.25,1.1055017028668566,1.171254471125458
800,4.351936864,LIP,0.35,1.0,12.806537216,4.351901696,3.822933333333334e-05,4.351721472,24.788504986201833,3,19.0,1.0,19.0,1.1055018845913946,1.171254471125458
800,4.351936864,LIP,0.5,1.0,12.806520832,4.35191808,7.645866666666667e-05,4.351721472,24.788601207773166,3,15.0,0.05,0.75,1.0891705401292442,1.1712552497275734
800,4.351936864,LIP,0.5,1.0,12.806520832,4.35191808,7.645866666666667e-05,4.351721472,24.788601207773166,3,15.0,0.1,1.5,1.0891839463195645,1.1712552497275734
800,4.351936864,LIP,0.5,1.0,12.806520832,4.35191808,7.645866666666667e-05,4.351721472,24.788601207773166,3,15.0,0.2,3.0,1.0891906495384842,1.1712552497275734
800,4.351936864,LIP,0.5,1.0,12.806520832,4.35191808,7.645866666666667e-05,4.351721472,24.788601207773166,3,15.0,0.28,4.2,1.0891925647590441,1.1712552497275734
800,4.351936864,LIP,0.5,1.0,12.806520832,4.35191808,7.645866666666667e-05,4.351721472,24.788601207773166,3,15.0,0.5,7.5,1.0891946715094398,1.1712552497275734
800,4.351936864,LIP,0.5,1.0,12.806520832,4.35191808,7.645866666666667e-05,4.351721472,24.788601207773166,3,15.0,0.75,11.25,1.089195565284797,1.1712552497275734
800,4.351936864,LIP,0.5,1.0,12.806520832,4.35191808,7.645866666666667e-05,4.351721472,24.788601207773166,3,15.0,1.0,15.0,1.0891960121730258,1.1712552497275734
800,4.351936864,LIP,0.5,1.0,12.806520832,4.35191808,7.645866666666667e-05,4.351721472,24.788601207773166,3,17.7,0.05,0.885,1.1009402282403868,1.1712552497275734
800,4.351936864,LIP,0.5,1.0,12.806520832,4.35191808,7.645866666666667e-05,4.351721472,24.788601207773166,3,17.7,0.1,1.77,1.1009518362649082,1.1712552497275734
800,4.351936864,LIP,0.5,1.0,12.806520832,4.35191808,7.645866666666667e-05,4.351721472,24.788601207773166,3,17.7,0.2,3.54,1.1009576403689636,1.1712552497275734
800,4.351936864,LIP,0.5,1.0,12.806520832,4.35191808,7.645866666666667e-05,4.351721472,24.788601207773166,3,17.7,0.28,4.956,1.100959298695648,1.1712552497275734
800,4.351936864,LIP,0.5,1.0,12.806520832,4.35191808,7.645866666666667e-05,4.351721472,24.788601207773166,3,17.7,0.5,8.85,1.1009611228607714,1.1712552497275734
800,4.351936864,LIP,0.5,1.0,12.806520832,4.35191808,7.645866666666667e-05,4.351721472,24.788601207773166,3,17.7,0.75,13.274999999999999,1.1009618967508317,1.1712552497275734
800,4.351936864,LIP,0.5,1.0,12.806520832,4.35191808,7.645866666666667e-05,4.351721472,24.788601207773166,3,17.7,1.0,17.7,1.1009622836962698,1.1712552497275734
800,4.351936864,LIP,0.5,1.0,12.806520832,4.35191808,7.645866666666667e-05,4.351721472,24.788601207773166,3,19.0,0.05,0.9500000000000001,1.105481083198659,1.1712552497275734
800,4.351936864,LIP,0.5,1.0,12.806520832,4.35191808,7.645866666666667e-05,4.351721472,24.788601207773166,3,19.0,0.1,1.9000000000000001,1.105491986369955,1.1712552497275734
800,4.351936864,LIP,0.5,1.0,12.806520832,4.35191808,7.645866666666667e-05,4.351721472,24.788601207773166,3,19.0,0.2,3.8000000000000003,1.1054974380362559,1.1712552497275734
800,4.351936864,LIP,0.5,1.0,12.806520832,4.35191808,7.645866666666667e-05,4.351721472,24.788601207773166,3,19.0,0.28,5.32,1.1054989956650747,1.1712552497275734
800,4.351936864,LIP,0.5,1.0,12.806520832,4.35191808,7.645866666666667e-05,4.351721472,24.788601207773166,3,19.0,0.5,9.5,1.1055007090618452,1.1712552497275734
800,4.351936864,LIP,0.5,1.0,12.806520832,4.35191808,7.645866666666667e-05,4.351721472,24.788601207773166,3,19.0,0.75,14.25,1.1055014359590496,1.1712552497275734
800,4.351936864,LIP,0.5,1.0,12.806520832,4.35191808,7.645866666666667e-05,4.351721472,24.788601207773166,3,19.0,1.0,19.0,1.10550179940801,1.1712552497275734
800,4.351936864,LIP,0.75,1.0,12.806569984,4.351868928,0.000262144,4.351721472,24.788312543059156,3,15.0,0.05,0.75,1.0891042711163201,1.171252913924333
800,4.351936864,LIP,0.75,1.0,12.806569984,4.351868928,0.000262144,4.351721472,24.788312543059156,3,15.0,0.1,1.5,1.0891502309780827,1.171252913924333
800,4.351936864,LIP,0.75,1.0,12.806569984,4.351868928,0.000262144,4.351721472,24.788312543059156,3,15.0,0.2,3.0,1.0891732123636135,1.171252913924333
800,4.351936864,LIP,0.75,1.0,12.806569984,4.351868928,0.000262144,4.351721472,24.788312543059156,3,15.0,0.28,4.2,1.0891797786518977,1.171252913924333
800,4.351936864,LIP,0.75,1.0,12.806569984,4.351868928,0.000262144,4.351721472,24.788312543059156,3,15.0,0.5,7.5,1.0891870016604552,1.171252913924333
800,4.351936864,LIP,0.75,1.0,12.806569984,4.351868928,0.000262144,4.351721472,24.788312543059156,3,15.0,0.75,11.25,1.0891900659960583,1.171252913924333
800,4.351936864,LIP,0.75,1.0,12.806569984,4.351868928,0.000262144,4.351721472,24.788312543059156,3,15.0,1.0,15.0,1.089191598170326,1.171252913924333
800,4.351936864,LIP,0.75,1.0,12.806569984,4.351868928,0.000262144,4.351721472,24.788312543059156,3,17.7,0.05,0.885,1.100882532476509,1.171252913924333
800,4.351936864,LIP,0.75,1.0,12.806569984,4.351868928,0.000262144,4.351721472,24.788312543059156,3,17.7,0.1,1.77,1.100922328265381,1.171252913924333
800,4.351936864,LIP,0.75,1.0,12.806569984,4.351868928,0.000262144,4.351721472,24.788312543059156,3,17.7,0.2,3.54,1.1009422272387692,1.171252913924333
800,4.351936864,LIP,0.75,1.0,12.806569984,4.351868928,0.000262144,4.351721472,24.788312543059156,3,17.7,0.28,4.956,1.100947912791862,1.171252913924333
800,4.351936864,LIP,0.75,1.0,12.806569984,4.351868928,0.000262144,4.351721472,24.788312543059156,3,17.7,0.5,8.85,1.1009541669680898,1.171252913924333
800,4.351936864,LIP,0.75,1.0,12.806569984,4.351868928,0.000262144,4.351721472,24.788312543059156,3,17.7,0.75,13.274999999999999,1.1009568202764415,1.171252913924333
800,4.351936864,LIP,0.75,1.0,12.806569984,4.351868928,0.000262144,4.351721472,24.788312543059156,3,17.7,1.0,17.7,1.1009581469354128,1.171252913924333
800,4.351936864,LIP,0.75,1.0,12.806569984,4.351868928,0.000262144,4.351721472,24.788312543059156,3,19.0,0.05,0.9500000000000001,1.1054267482121085,1.171252913924333
800,4.351936864,LIP,0.75,1.0,12.806569984,4.351868928,0.000262144,4.351721472,24.788312543059156,3,19.0,0.1,1.9000000000000001,1.1054641277343393,1.171252913924333
800,4.351936864,LIP,0.75,1.0,12.806569984,4.351868928,0.000262144,4.351721472,24.788312543059156,3,19.0,0.2,3.8000000000000003,1.10548281844345,1.171252913924333
800,4.351936864,LIP,0.75,1.0,12.806569984,4.351868928,0.000262144,4.351721472,24.788312543059156,3,19.0,0.28,5.32,1.1054881587621406,1.171252913924333
800,4.351936864,LIP,0.75,1.0,12.806569984,4.351868928,0.000262144,4.351721472,24.788312543059156,3,19.0,0.5,9.5,1.1054940331722933,1.171252913924333
800,4.351936864,LIP,0.75,1.0,12.806569984,4.351868928,0.000262144,4.351721472,24.788312543059156,3,19.0,0.75,14.25,1.105496525365159,1.171252913924333
800,4.351936864,LIP,0.75,1.0,12.806569984,4.351868928,0.000262144,4.351721472,24.788312543059156,3,19.0,1.0,19.0,1.1054977714658054,1.171252913924333
800,4.351936864,LIP,1.0,1.0,12.806569984,4.351868928,0.000311296,4.351721472,24.788312543059156,3,15.0,0.05,0.75,1.0890870371681518,1.171252913924333
800,4.351936864,LIP,1.0,1.0,12.806569984,4.351868928,0.000311296,4.351721472,24.788312543059156,3,15.0,0.1,1.5,1.089141613208535,1.171252913924333
800,4.351936864,LIP,1.0,1.0,12.806569984,4.351868928,0.000311296,4.351721472,24.788312543059156,3,15.0,0.2,3.0,1.0891689032799532,1.171252913924333
800,4.351936864,LIP,1.0,1.0,12.806569984,4.351868928,0.000311296,4.351721472,24.788312543059156,3,15.0,0.28,4.2,1.0891767006944069,1.171252913924333
800,4.351936864,LIP,1.0,1.0,12.806569984,4.351868928,0.000311296,4.351721472,24.788312543059156,3,15.0,0.5,7.5,1.0891852779792557,1.171252913924333
800,4.351936864,LIP,1.0,1.0,12.806569984,4.351868928,0.000311296,4.351721472,24.788312543059156,3,15.0,0.75,11.25,1.0891889168681868,1.171252913924333
800,4.351936864,LIP,1.0,1.0,12.806569984,4.351868928,0.000311296,4.351721472,24.788312543059156,3,15.0,1.0,15.0,1.08919073632177,1.171252913924333
800,4.351936864,LIP,1.0,1.0,12.806569984,4.351868928,0.000311296,4.351721472,24.788312543059156,3,17.7,0.05,0.885,1.1008676097974122,1.171252913924333
800,4.351936864,LIP,1.0,1.0,12.806569984,4.351868928,0.000311296,4.351721472,24.788312543059156,3,17.7,0.1,1.77,1.1009148663358108,1.171252913924333
800,4.351936864,LIP,1.0,1.0,12.806569984,4.351868928,0.000311296,4.351721472,24.788312543059156,3,17.7,0.2,3.54,1.1009384961264657,1.171252913924333
800,4.351936864,LIP,1.0,1.0,12.806569984,4.351868928,0.000311296,4.351721472,24.788312543059156,3,17.7,0.28,4.956,1.100945247681538,1.171252913924333
800,4.351936864,LIP,1.0,1.0,12.806569984,4.351868928,0.000311296,4.351721472,24.788312543059156,3,17.7,0.5,8.85,1.1009526744877622,1.171252913924333
800,4.351936864,LIP,1.0,1.0,12.806569984,4.351868928,0.000311296,4.351721472,24.788312543059156,3,17.7,0.75,13.274999999999999,1.1009558252843108,1.171252913924333
800,4.351936864,LIP,1.0,1.0,12.806569984,4.351868928,0.000311296,4.351721472,24.788312543059156,3,17.7,1.0,17.7,1.1009574006893479,1.171252913924333
800,4.351936864,LIP,1.0,1.0,12.806569984,4.351868928,0.000311296,4.351721472,24.788312543059156,3,19.0,0.05,0.9500000000000001,1.1054127315429774,1.171252913924333
800,4.351936864,LIP,1.0,1.0,12.806569984,4.351868928,0.000311296,4.351721472,24.788312543059156,3,19.0,0.1,1.9000000000000001,1.105457118881364,1.171252913924333
800,4.351936864,LIP,1.0,1.0,12.806569984,4.351868928,0.000311296,4.351721472,24.788312543059156,3,19.0,0.2,3.8000000000000003,1.105479313887349,1.171252913924333
800,4.351936864,LIP,1.0,1.0,12.806569984,4.351868928,0.000311296,4.351721472,24.788312543059156,3,19.0,0.28,5.32,1.1054856554813302,1.171252913924333
800,4.351936864,LIP,1.0,1.0,12.806569984,4.351868928,0.000311296,4.351721472,24.788312543059156,3,19.0,0.5,9.5,1.1054926313187445,1.171252913924333
800,4.351936864,LIP,1.0,1.0,12.806569984,4.351868928,0.000311296,4.351721472,24.788312543059156,3,19.0,0.75,14.25,1.1054955907915176,1.171252913924333
800,4.351936864,LIP,1.0,1.0,12.806569984,4.351868928,0.000311296,4.351721472,24.788312543059156,3,19.0,1.0,19.0,1.1054970705338463,1.171252913924333
800,4.351936864,LRU,0.0,0.0,17.158438912,0.0,0.0,0.0,-0.769772570693994,3,15.0,0.05,0.75,0.9954800325494156,0.9954800325494156
800,4.351936864,LRU,0.0,0.0,17.158438912,0.0,0.0,0.0,-0.769772570693994,3,15.0,0.1,1.5,0.9954800325494156,0.9954800325494156
800,4.351936864,LRU,0.0,0.0,17.158438912,0.0,0.0,0.0,-0.769772570693994,3,15.0,0.2,3.0,0.9954800325494156,0.9954800325494156
800,4.351936864,LRU,0.0,0.0,17.158438912,0.0,0.0,0.0,-0.769772570693994,3,15.0,0.28,4.2,0.9954800325494156,0.9954800325494156
800,4.351936864,LRU,0.0,0.0,17.158438912,0.0,0.0,0.0,-0.769772570693994,3,15.0,0.5,7.5,0.9954800325494156,0.9954800325494156
800,4.351936864,LRU,0.0,0.0,17.158438912,0.0,0.0,0.0,-0.769772570693994,3,15.0,0.75,11.25,0.9954800325494156,0.9954800325494156
800,4.351936864,LRU,0.0,0.0,17.158438912,0.0,0.0,0.0,-0.769772570693994,3,15.0,1.0,15.0,0.9954800325494156,0.9954800325494156
800,4.351936864,LRU,0.0,0.0,17.158438912,0.0,0.0,0.0,-0.769772570693994,3,17.7,0.05,0.885,0.9954800325494156,0.9954800325494156
800,4.351936864,LRU,0.0,0.0,17.158438912,0.0,0.0,0.0,-0.769772570693994,3,17.7,0.1,1.77,0.9954800325494156,0.9954800325494156
800,4.351936864,LRU,0.0,0.0,17.158438912,0.0,0.0,0.0,-0.769772570693994,3,17.7,0.2,3.54,0.9954800325494156,0.9954800325494156
800,4.351936864,LRU,0.0,0.0,17.158438912,0.0,0.0,0.0,-0.769772570693994,3,17.7,0.28,4.956,0.9954800325494156,0.9954800325494156
800,4.351936864,LRU,0.0,0.0,17.158438912,0.0,0.0,0.0,-0.769772570693994,3,17.7,0.5,8.85,0.9954800325494156,0.9954800325494156
800,4.351936864,LRU,0.0,0.0,17.158438912,0.0,0.0,0.0,-0.769772570693994,3,17.7,0.75,13.274999999999999,0.9954800325494156,0.9954800325494156
800,4.351936864,LRU,0.0,0.0,17.158438912,0.0,0.0,0.0,-0.769772570693994,3,17.7,1.0,17.7,0.9954800325494156,0.9954800325494156
800,4.351936864,LRU,0.0,0.0,17.158438912,0.0,0.0,0.0,-0.769772570693994,3,19.0,0.05,0.9500000000000001,0.9954800325494156,0.9954800325494156
800,4.351936864,LRU,0.0,0.0,17.158438912,0.0,0.0,0.0,-0.769772570693994,3,19.0,0.1,1.9000000000000001,0.9954800325494156,0.9954800325494156
800,4.351936864,LRU,0.0,0.0,17.158438912,0.0,0.0,0.0,-0.769772570693994,3,19.0,0.2,3.8000000000000003,0.9954800325494156,0.9954800325494156
800,4.351936864,LRU,0.0,0.0,17.158438912,0.0,0.0,0.0,-0.769772570693994,3,19.0,0.28,5.32,0.9954800325494156,0.9954800325494156
800,4.351936864,LRU,0.0,0.0,17.158438912,0.0,0.0,0.0,-0.769772570693994,3,19.0,0.5,9.5,0.9954800325494156,0.9954800325494156
800,4.351936864,LRU,0.0,0.0,17.158438912,0.0,0.0,0.0,-0.769772570693994,3,19.0,0.75,14.25,0.9954800325494156,0.9954800325494156
800,4.351936864,LRU,0.0,0.0,17.158438912,0.0,0.0,0.0,-0.769772570693994,3,19.0,1.0,19.0,0.9954800325494156,0.9954800325494156
800,4.351936864,LRU,0.02,0.0,13.081427968,4.077010944,0.2750764373333333,0.0,23.17409946231386,3,15.0,0.05,0.75,0.995142604170185,1.15833518645347
800,4.351936864,LRU,0.02,0.0,13.081427968,4.077010944,0.2750764373333333,0.0,23.17409946231386,3,15.0,0.1,1.5,1.0371032585174218,1.15833518645347
800,4.351936864,LRU,0.02,0.0,13.081427968,4.077010944,0.2750764373333333,0.0,23.17409946231386,3,15.0,0.2,3.0,1.0594391323141423,1.15833518645347
800,4.351936864,LRU,0.02,0.0,13.081427968,4.077010944,0.2750764373333333,0.0,23.17409946231386,3,15.0,0.28,4.2,1.0659986143056732,1.15833518645347
800,4.351936864,LRU,0.02,0.0,13.081427968,4.077010944,0.2750764373333333,0.0,23.17409946231386,3,15.0,0.5,7.5,1.0733085034189542,1.15833518645347
800,4.351936864,LRU,0.02,0.0,13.081427968,4.077010944,0.2750764373333333,0.0,23.17409946231386,3,15.0,0.75,11.25,1.0764400443324555,1.15833518645347
800,4.351936864,LRU,0.02,0.0,13.081427968,4.077010944,0.2750764373333333,0.0,23.17409946231386,3,15.0,1.0,15.0,1.0780126773609255,1.15833518645347
800,4.351936864,LRU,0.02,0.0,13.081427968,4.077010944,0.2750764373333333,0.0,23.17409946231386,3,17.7,0.05,0.885,1.0169989301500395,1.15833518645347
800,4.351936864,LRU,0.02,0.0,13.081427968,4.077010944,0.2750764373333333,0.0,23.17409946231386,3,17.7,0.1,1.77,1.0539294095980425,1.15833518645347
800,4.351936864,LRU,0.02,0.0,13.081427968,4.077010944,0.2750764373333333,0.0,23.17409946231386,3,17.7,0.2,3.54,1.0734190466398332,1.15833518645347
800,4.351936864,LRU,0.02,0.0,13.081427968,4.077010944,0.2750764373333333,0.0,23.17409946231386,3,17.7,0.28,4.956,1.079120612845894,1.15833518645347
800,4.351936864,LRU,0.02,0.0,13.081427968,4.077010944,0.2750764373333333,0.0,23.17409946231386,3,17.7,0.5,8.85,1.085462703791808,1.15833518645347
800,4.351936864,LRU,0.02,0.0,13.081427968,4.077010944,0.2750764373333333,0.0,23.17409946231386,3,17.7,0.75,13.274999999999999,1.088175865396498,1.15833518645347
800,4.351936864,LRU,0.02,0.0,13.081427968,4.077010944,0.2750764373333333,0.0,23.17409946231386,3,17.7,1.0,17.7,1.0895375388132127,1.15833518645347
800,4.351936864,LRU,0.02,0.0,13.081427968,4.077010944,0.2750764373333333,0.0,23.17409946231386,3,19.0,0.05,0.9500000000000001,1.025560837308157,1.15833518645347
800,4.351936864,LRU,0.02,0.0,13.081427968,4.077010944,0.2750764373333333,0.0,23.17409946231386,3,19.0,0.1,1.9000000000000001,1.0604694160917232,1.15833518645347
800,4.351936864,LRU,0.02,0.0,13.081427968,4.077010944,0.2750764373333333,0.0,23.17409946231386,3,19.0,0.2,3.8000000000000003,1.0788303126833159,1.15833518645347
800,4.351936864,LRU,0.02,0.0,13.081427968,4.077010944,0.2750764373333333,0.0,23.17409946231386,3,19.0,0.28,5.32,1.0841936430465824,1.15833518645347
800,4.351936864,LRU,0.02,0.0,13.081427968,4.077010944,0.2750764373333333,0.0,23.17409946231386,3,19.0,0.5,9.5,1.0901552376363384,1.15833518645347
800,4.351936864,LRU,0.02,0.0,13.081427968,4.077010944,0.2750764373333333,0.0,23.17409946231386,3,19.0,0.75,14.25,1.092704252168543,1.15833518645347
800,4.351936864,LRU,0.02,0.0,13.081427968,4.077010944,0.2750764373333333,0.0,23.17409946231386,3,19.0,1.0,19.0,1.0939832347698941,1.15833518645347
800,4.351936864,LRU,0.05,0.0,13.476429824,3.682009088,0.6700619093333334,0.0,20.854293598956186,3,15.0,0.05,0.75,0.8853586028437918,1.1402621583171932
800,4.351936864,LRU,0.05,0.0,13.476429824,3.682009088,0.6700619093333334,0.0,20.854293598956186,3,15.0,0.1,1.5,0.9704506860687026,1.1402621583171932
800,4.351936864,LRU,0.05,0.0,13.476429824,3.682009088,0.6700619093333334,0.0,20.854293598956186,3,15.0,0.2,3.0,1.019440030997298,1.1402621583171932
800,4.351936864,LRU,0.05,0.0,13.476429824,3.682009088,0.6700619093333334,0.0,20.854293598956186,3,15.0,0.28,4.2,1.0343587421626042,1.1402621583171932
800,4.351936864,LRU,0.05,0.0,13.476429824,3.682009088,0.6700619093333334,0.0,20.854293598956186,3,15.0,0.5,7.5,1.051281903560243,1.1402621583171932
800,4.351936864,LRU,0.05,0.0,13.476429824,3.682009088,0.6700619093333334,0.0,20.854293598956186,3,15.0,0.75,11.25,1.0586298935540777,1.1402621583171932
800,4.351936864,LRU,0.05,0.0,13.476429824,3.682009088,0.6700619093333334,0.0,20.854293598956186,3,15.0,1.0,15.0,1.062342543010723,1.1402621583171932
800,4.351936864,LRU,0.05,0.0,13.476429824,3.682009088,0.6700619093333334,0.0,20.854293598956186,3,17.7,0.05,0.885,0.9166157244608182,1.1402621583171932
800,4.351936864,LRU,0.05,0.0,13.476429824,3.682009088,0.6700619093333334,0.0,20.854293598956186,3,17.7,0.1,1.77,0.993008966083213,1.1402621583171932
800,4.351936864,LRU,0.05,0.0,13.476429824,3.682009088,0.6700619093333334,0.0,20.854293598956186,3,17.7,0.2,3.54,1.0361883400084966,1.1402621583171932
800,4.351936864,LRU,0.05,0.0,13.476429824,3.682009088,0.6700619093333334,0.0,20.854293598956186,3,17.7,0.28,4.956,1.0492237057560154,1.1402621583171932
800,4.351936864,LRU,0.05,0.0,13.476429824,3.682009088,0.6700619093333334,0.0,20.854293598956186,3,17.7,0.5,8.85,1.0639467321395426,1.1402621583171932
800,4.351936864,LRU,0.05,0.0,13.476429824,3.682009088,0.6700619093333334,0.0,20.854293598956186,3,17.7,0.75,13.274999999999999,1.070318443603674,1.1402621583171932
800,4.351936864,LRU,0.05,0.0,13.476429824,3.682009088,0.6700619093333334,0.0,20.854293598956186,3,17.7,1.0,17.7,1.073533004231361,1.1402621583171932
800,4.351936864,LRU,0.05,0.0,13.476429824,3.682009088,0.6700619093333334,0.0,20.854293598956186,3,19.0,0.05,0.9500000000000001,0.929083872163866,1.1402621583171932
800,4.351936864,LRU,0.05,0.0,13.476429824,3.682009088,0.6700619093333334,0.0,20.854293598956186,3,19.0,0.1,1.9000000000000001,1.001861291189021,1.1402621583171932
800,4.351936864,LRU,0.05,0.0,13.476429824,3.682009088,0.6700619093333334,0.0,20.854293598956186,3,19.0,0.2,3.8000000000000003,1.0426999122796723,1.1402621583171932
800,4.351936864,LRU,0.05,0.0,13.476429824,3.682009088,0.6700619093333334,0.0,20.854293598956186,3,19.0,0.28,5.32,1.0549868161567912,1.1402621583171932
800,4.351936864,LRU,0.05,0.0,13.476429824,3.682009088,0.6700619093333334,0.0,20.854293598956186,3,19.0,0.5,9.5,1.068841257496729,1.1402621583171932
800,4.351936864,LRU,0.05,0.0,13.476429824,3.682009088,0.6700619093333334,0.0,20.854293598956186,3,19.0,0.75,14.25,1.0748294484165213,1.1402621583171932
800,4.351936864,LRU,0.05,0.0,13.476429824,3.682009088,0.6700619093333334,0.0,20.854293598956186,3,19.0,1.0,19.0,1.0778487762210036,1.1402621583171932
800,4.351936864,LRU,0.1,0.0,14.224779946666667,2.9336589653333336,1.419804672,0.0,16.459309180435977,3,15.0,0.05,0.75,0.7320770873640461,1.107523906630631
800,4.351936864,LRU,0.1,0.0,14.224779946666667,2.9336589653333336,1.419804672,0.0,16.459309180435977,3,15.0,0.1,1.5,0.8649577743011346,1.107523906630631
800,4.351936864,LRU,0.1,0.0,14.224779946666667,2.9336589653333336,1.419804672,0.0,16.459309180435977,3,15.0,0.2,3.0,0.9512932900871697,1.107523906630631
800,4.351936864,LRU,0.1,0.0,14.224779946666667,2.9336589653333336,1.419804672,0.0,16.459309180435977,3,15.0,0.28,4.2,0.9792191420633054,1.107523906630631
800,4.351936864,LRU,0.1,0.0,14.224779946666667,2.9336589653333336,1.419804672,0.0,16.459309180435977,3,15.0,0.5,7.5,1.0118944661823677,1.107523906630631
800,4.351936864,LRU,0.1,0.0,14.224779946666667,2.9336589653333336,1.419804672,0.0,16.459309180435977,3,15.0,0.75,11.25,1.0264249917596853,1.107523906630631
800,4.351936864,LRU,0.1,0.0,14.224779946666667,2.9336589653333336,1.419804672,0.0,16.459309180435977,3,15.0,1.0,15.0,1.0338478770120652,1.107523906630631
800,4.351936864,LRU,0.1,0.0,14.224779946666667,2.9336589653333336,1.419804672,0.0,16.459309180435977,3,17.7,0.05,0.885,0.7719981484745722,1.107523906630631
800,4.351936864,LRU,0.1,0.0,14.224779946666667,2.9336589653333336,1.419804672,0.0,16.459309180435977,3,17.7,0.1,1.77,0.8948542401477017,1.107523906630631
800,4.351936864,LRU,0.1,0.0,14.224779946666667,2.9336589653333336,1.419804672,0.0,16.459309180435977,3,17.7,0.2,3.54,0.9722134578754995,1.107523906630631
800,4.351936864,LRU,0.1,0.0,14.224779946666667,2.9336589653333336,1.419804672,0.0,16.459309180435977,3,17.7,0.28,4.956,0.9968349855995332,1.107523906630631
800,4.351936864,LRU,0.1,0.0,14.224779946666667,2.9336589653333336,1.419804672,0.0,16.459309180435977,3,17.7,0.5,8.85,1.0254003328183208,1.107523906630631
800,4.351936864,LRU,0.1,0.0,14.224779946666667,2.9336589653333336,1.419804672,0.0,16.459309180435977,3,17.7,0.75,13.274999999999999,1.0380196514677344,1.107523906630631
800,4.351936864,LRU,0.1,0.0,14.224779946666667,2.9336589653333336,1.419804672,0.0,16.459309180435977,3,17.7,1.0,17.7,1.0444465088058152,1.107523906630631
800,4.351936864,LRU,0.1,0.0,14.224779946666667,2.9336589653333336,1.419804672,0.0,16.459309180435977,3,19.0,0.05,0.9500000000000001,0.7883390321347555,1.107523906630631
800,4.351936864,LRU,0.1,0.0,14.224779946666667,2.9336589653333336,1.419804672,0.0,16.459309180435977,3,19.0,0.1,1.9000000000000001,0.9067677091152866,1.107523906630631
800,4.351936864,LRU,0.1,0.0,14.224779946666667,2.9336589653333336,1.419804672,0.0,16.459309180435977,3,19.0,0.2,3.8000000000000003,0.9804089539224136,1.107523906630631
800,4.351936864,LRU,0.1,0.0,14.224779946666667,2.9336589653333336,1.419804672,0.0,16.459309180435977,3,19.0,0.28,5.32,1.0036984605651522,1.107523906630631
800,4.351936864,LRU,0.1,0.0,14.224779946666667,2.9336589653333336,1.419804672,0.0,16.459309180435977,3,19.0,0.5,9.5,1.0306291917069599,1.107523906630631
800,4.351936864,LRU,0.1,0.0,14.224779946666667,2.9336589653333336,1.419804672,0.0,16.459309180435977,3,19.0,0.75,14.25,1.0424959848765005,1.107523906630631
800,4.351936864,LRU,0.1,0.0,14.224779946666667,2.9336589653333336,1.419804672,0.0,16.459309180435977,3,19.0,1.0,19.0,1.048532451646197,1.107523906630631
800,4.351936864,LRU,0.2,0.0,16.009521834666668,1.1489170773333333,3.2094836053333333,0.0,5.977700971581279,3,15.0,0.05,0.75,0.5180110396622483,0.726811865912659
800,4.351936864,LRU,0.2,0.0,16.009521834666668,1.1489170773333333,3.2094836053333333,0.0,5.977700971581279,3,15.0,0.1,1.5,0.6867701000214083,1.0365480270496543
800,4.351936864,LRU,0.2,0.0,16.009521834666668,1.1489170773333333,3.2094836053333333,0.0,5.977700971581279,3,15.0,0.2,3.0,0.82040738678206,1.0365480270496543
800,4.351936864,LRU,0.2,0.0,16.009521834666668,1.1489170773333333,3.2094836053333333,0.0,5.977700971581279,3,15.0,0.28,4.2,0.8687043968805072,1.0365480270496543
800,4.351936864,LRU,0.2,0.0,16.009521834666668,1.1489170773333333,3.2094836053333333,0.0,5.977700971581279,3,15.0,0.5,7.5,0.9288537125022607,1.0365480270496543
800,4.351936864,LRU,0.2,0.0,16.009521834666668,1.1489170773333333,3.2094836053333333,0.0,5.977700971581279,3,15.0,0.75,11.25,0.9569642053537102,1.0365480270496543
800,4.351936864,LRU,0.2,0.0,16.009521834666668,1.1489170773333333,3.2094836053333333,0.0,5.977700971581279,3,15.0,1.0,15.0,0.9716672992324435,1.0365480270496543
800,4.351936864,LRU,0.2,0.0,16.009521834666668,1.1489170773333333,3.2094836053333333,0.0,5.977700971581279,3,17.7,0.05,0.885,0.5608060887439056,0.8139619714183888
800,4.351936864,LRU,0.2,0.0,16.009521834666668,1.1489170773333333,3.2094836053333333,0.0,5.977700971581279,3,17.7,0.1,1.77,0.7240398010008656,1.0365480270496543
800,4.351936864,LRU,0.2,0.0,16.009521834666668,1.1489170773333333,3.2094836053333333,0.0,5.977700971581279,3,17.7,0.2,3.54,0.8473602937152896,1.0365480270496543
800,4.351936864,LRU,0.2,0.0,16.009521834666668,1.1489170773333333,3.2094836053333333,0.0,5.977700971581279,3,17.7,0.28,4.956,0.8907052719691412,1.0365480270496543
800,4.351936864,LRU,0.2,0.0,16.009521834666668,1.1489170773333333,3.2094836053333333,0.0,5.977700971581279,3,17.7,0.5,8.85,0.9438119112330967,1.0365480270496543
800,4.351936864,LRU,0.2,0.0,16.009521834666668,1.1489170773333333,3.2094836053333333,0.0,5.977700971581279,3,17.7,0.75,13.274999999999999,0.9683048559163734,1.0365480270496543
800,4.351936864,LRU,0.2,0.0,16.009521834666668,1.1489170773333333,3.2094836053333333,0.0,5.977700971581279,3,17.7,1.0,17.7,0.981034309093989,1.0365480270496543
800,4.351936864,LRU,0.2,0.0,16.009521834666668,1.1489170773333333,3.2094836053333333,0.0,5.977700971581279,3,19.0,0.05,0.9500000000000001,0.5789880773130155,0.8528331048919267
800,4.351936864,LRU,0.2,0.0,16.009521834666668,1.1489170773333333,3.2094836053333333,0.0,5.977700971581279,3,19.0,0.1,1.9000000000000001,0.7392900393172773,1.0365480270496543
800,4.351936864,LRU,0.2,0.0,16.009521834666668,1.1489170773333333,3.2094836053333333,0.0,5.977700971581279,3,19.0,0.2,3.8000000000000003,0.858075956272128,1.0365480270496543
800,4.351936864,LRU,0.2,0.0,16.009521834666668,1.1489170773333333,3.2094836053333333,0.0,5.977700971581279,3,19.0,0.28,5.32,0.8993633272927646,1.0365480270496543
800,4.351936864,LRU,0.2,0.0,16.009521834666668,1.1489170773333333,3.2094836053333333,0.0,5.977700971581279,3,19.0,0.5,9.5,0.9496249246965641,1.0365480270496543
800,4.351936864,LRU,0.2,0.0,16.009521834666668,1.1489170773333333,3.2094836053333333,0.0,5.977700971581279,3,19.0,0.75,14.25,0.9726864524928821,1.0365480270496543
800,4.351936864,LRU,0.2,0.0,16.009521834666668,1.1489170773333333,3.2094836053333333,0.0,5.977700971581279,3,19.0,1.0,19.0,0.9846424141642428,1.0365480270496543
800,4.351936864,LRU,0.35,0.0,17.158438912,0.0,5.975364949333333,0.0,-0.769772570693994,3,15.0,0.05,0.75,0.36089522906617283,0.45945356641456564
800,4.351936864,LRU,0.35,0.0,17.158438912,0.0,5.975364949333333,0.0,-0.769772570693994,3,15.0,0.1,1.5,0.5297412958561344,0.7732007932441112
800,4.351936864,LRU,0.35,0.0,17.158438912,0.0,5.975364949333333,0.0,-0.769772570693994,3,15.0,0.2,3.0,0.6915021087371195,0.9954800325494156
800,4.351936864,LRU,0.35,0.0,17.158438912,0.0,5.975364949333333,0.0,-0.769772570693994,3,15.0,0.28,4.2,0.7575989676033228,0.9954800325494156
800,4.351936864,LRU,0.35,0.0,17.158438912,0.0,5.975364949333333,0.0,-0.769772570693994,3,15.0,0.5,7.5,0.8466144784581187,0.9954800325494156
800,4.351936864,LRU,0.35,0.0,17.158438912,0.0,5.975364949333333,0.0,-0.769772570693994,3,15.0,0.75,11.25,0.891029781563918,0.9954800325494156
800,4.351936864,LRU,0.35,0.0,17.158438912,0.0,5.975364949333333,0.0,-0.769772570693994,3,15.0,1.0,15.0,0.9150321045268535,0.9954800325494156
800,4.351936864,LRU,0.35,0.0,17.158438912,0.0,5.975364949333333,0.0,-0.769772570693994,3,17.7,0.05,0.885,0.3997690054357805,0.5243685129706421
800,4.351936864,LRU,0.35,0.0,17.158438912,0.0,5.975364949333333,0.0,-0.769772570693994,3,17.7,0.1,1.77,0.5704530900349285,0.8631078621505069
800,4.351936864,LRU,0.35,0.0,17.158438912,0.0,5.975364949333333,0.0,-0.769772570693994,3,17.7,0.2,3.54,0.7252859684054592,0.9954800325494156
800,4.351936864,LRU,0.35,0.0,17.158438912,0.0,5.975364949333333,0.0,-0.769772570693994,3,17.7,0.28,4.956,0.7862594637582258,0.9954800325494156
800,4.351936864,LRU,0.35,0.0,17.158438912,0.0,5.975364949333333,0.0,-0.769772570693994,3,17.7,0.5,8.85,0.8663777786545388,0.9954800325494156
800,4.351936864,LRU,0.35,0.0,17.158438912,0.0,5.975364949333333,0.0,-0.769772570693994,3,17.7,0.75,13.274999999999999,0.9055230705538722,0.9954800325494156
800,4.351936864,LRU,0.35,0.0,17.158438912,0.0,5.975364949333333,0.0,-0.769772570693994,3,17.7,1.0,17.7,0.9264528946358231,0.9954800325494156
800,4.351936864,LRU,0.35,0.0,17.158438912,0.0,5.975364949333333,0.0,-0.769772570693994,3,19.0,0.05,0.9500000000000001,0.41683604125898366,0.5541283604557738
800,4.351936864,LRU,0.35,0.0,17.158438912,0.0,5.975364949333333,0.0,-0.769772570693994,3,19.0,0.1,1.9000000000000001,0.5876191082373203,0.9030210742951477
800,4.351936864,LRU,0.35,0.0,17.158438912,0.0,5.975364949333333,0.0,-0.769772570693994,3,19.0,0.2,3.8000000000000003,0.7390100517697753,0.9954800325494156
800,4.351936864,LRU,0.35,0.0,17.158438912,0.0,5.975364949333333,0.0,-0.769772570693994,3,19.0,0.28,5.32,0.797730905240213,0.9954800325494156
800,4.351936864,LRU,0.35,0.0,17.158438912,0.0,5.975364949333333,0.0,-0.769772570693994,3,19.0,0.5,9.5,0.8741343395027715,0.9954800325494156
800,4.351936864,LRU,0.35,0.0,17.158438912,0.0,5.975364949333333,0.0,-0.769772570693994,3,19.0,0.75,14.25,0.9111566578851858,0.9954800325494156
800,4.351936864,LRU,0.35,0.0,17.158438912,0.0,5.975364949333333,0.0,-0.769772570693994,3,19.0,1.0,19.0,0.9308692677470402,0.9954800325494156
800,4.351936864,LRU,0.5,0.0,17.158438912,0.0,8.599011328,0.0,-0.769772570693994,3,15.0,0.05,0.75,0.2819721252809497,0.33874637988094014
800,4.351936864,LRU,0.5,0.0,17.158438912,0.0,8.599011328,0.0,-0.769772570693994,3,15.0,0.1,1.5,0.43946478736150363,0.5948463497081546
800,4.351936864,LRU,0.5,0.0,17.158438912,0.0,8.599011328,0.0,-0.769772570693994,3,15.0,0.2,3.0,0.6097494687692732,0.956362103776245
800,4.351936864,LRU,0.5,0.0,17.158438912,0.0,8.599011328,0.0,-0.769772570693994,3,15.0,0.28,4.2,0.685658081301684,0.9954800325494156
800,4.351936864,LRU,0.5,0.0,17.158438912,0.0,8.599011328,0.0,-0.769772570693994,3,15.0,0.5,7.5,0.7944506504823308,0.9954800325494156
800,4.351936864,LRU,0.5,0.0,17.158438912,0.0,8.599011328,0.0,-0.769772570693994,3,15.0,0.75,11.25,0.851787948158352,0.9954800325494156
800,4.351936864,LRU,0.5,0.0,17.158438912,0.0,8.599011328,0.0,-0.769772570693994,3,15.0,1.0,15.0,0.8836764092579426,0.9954800325494156
800,4.351936864,LRU,0.5,0.0,17.158438912,0.0,8.599011328,0.0,-0.769772570693994,3,17.7,0.05,0.885,0.31658584099533393,0.3899681195009054
800,4.351936864,LRU,0.5,0.0,17.158438912,0.0,8.599011328,0.0,-0.769772570693994,3,17.7,0.1,1.77,0.4803949095136196,0.6723900740948533
800,4.351936864,LRU,0.5,0.0,17.158438912,0.0,8.599011328,0.0,-0.769772570693994,3,17.7,0.2,3.54,0.6480542849934321,0.9954800325494156
800,4.351936864,LRU,0.5,0.0,17.158438912,0.0,8.599011328,0.0,-0.769772570693994,3,17.7,0.28,4.956,0.7198325366904159,0.9954800325494156
800,4.351936864,LRU,0.5,0.0,17.158438912,0.0,8.599011328,0.0,-0.769772570693994,3,17.7,0.5,8.85,0.8197013331238937,0.9954800325494156
800,4.351936864,LRU,0.5,0.0,17.158438912,0.0,8.599011328,0.0,-0.769772570693994,3,17.7,0.75,13.274999999999999,0.8709654357102082,0.9954800325494156
800,4.351936864,LRU,0.5,0.0,17.158438912,0.0,8.599011328,0.0,-0.769772570693994,3,17.7,1.0,17.7,0.8990796459353181,0.9954800325494156
800,4.351936864,LRU,0.5,0.0,17.158438912,0.0,8.599011328,0.0,-0.769772570693994,3,19.0,0.05,0.9500000000000001,0.33208127253423814,0.41374934476390895
800,4.351936864,LRU,0.5,0.0,17.158438912,0.0,8.599011328,0.0,-0.769772570693994,3,19.0,0.1,1.9000000000000001,0.498026380741195,0.7074452318029069
800,4.351936864,LRU,0.5,0.0,17.158438912,0.0,8.599011328,0.0,-0.769772570693994,3,19.0,0.2,3.8000000000000003,0.663907852418767,0.9954800325494156
800,4.351936864,LRU,0.5,0.0,17.158438912,0.0,8.599011328,0.0,-0.769772570693994,3,19.0,0.28,5.32,0.733733653360512,0.9954800325494156
800,4.351936864,LRU,0.5,0.0,17.158438912,0.0,8.599011328,0.0,-0.769772570693994,3,19.0,0.5,9.5,0.8297257241648835,0.9954800325494156
800,4.351936864,LRU,0.5,0.0,17.158438912,0.0,8.599011328,0.0,-0.769772570693994,3,19.0,0.75,14.25,0.8784835879727859,0.9954800325494156
800,4.351936864,LRU,0.5,0.0,17.158438912,0.0,8.599011328,0.0,-0.769772570693994,3,19.0,1.0,19.0,0.9050764691709619,0.9954800325494156
800,4.351936864,LRU,0.75,0.0,17.158438912,0.0,12.853548373333334,0.0,-0.769772570693994,3,15.0,0.05,0.75,0.208155032021801,0.2375453317281431
800,4.351936864,LRU,0.75,0.0,17.158438912,0.0,12.853548373333334,0.0,-0.769772570693994,3,15.0,0.1,1.5,0.3443139605212568,0.4329121910992274
800,4.351936864,LRU,0.75,0.0,17.158438912,0.0,12.853548373333334,0.0,-0.769772570693994,3,15.0,0.2,3.0,0.5116572762673058,0.7352700667012237
800,4.351936864,LRU,0.75,0.0,17.158438912,0.0,12.853548373333334,0.0,-0.769772570693994,3,15.0,0.28,4.2,0.5941645926191461,0.9185717798444057
800,4.351936864,LRU,0.75,0.0,17.158438912,0.0,12.853548373333334,0.0,-0.769772570693994,3,15.0,0.5,7.5,0.7222836648005039,0.9954800325494156
800,4.351936864,LRU,0.75,0.0,17.158438912,0.0,12.853548373333334,0.0,-0.769772570693994,3,15.0,0.75,11.25,0.795010368831325,0.9954800325494156
800,4.351936864,LRU,0.75,0.0,17.158438912,0.0,12.853548373333334,0.0,-0.769772570693994,3,15.0,1.0,15.0,0.8371570167128152,0.9954800325494156
800,4.351936864,LRU,0.75,0.0,17.158438912,0.0,12.853548373333334,0.0,-0.769772570693994,3,17.7,0.05,0.885,0.23671350804094934,0.27547243967909535
800,4.351936864,LRU,0.75,0.0,17.158438912,0.0,12.853548373333334,0.0,-0.769772570693994,3,17.7,0.1,1.77,0.3824781788364022,0.495015328376644
800,4.351936864,LRU,0.75,0.0,17.158438912,0.0,12.853548373333334,0.0,-0.769772570693994,3,17.7,0.2,3.54,0.5526283551582915,0.8229466571074366
800,4.351936864,LRU,0.75,0.0,17.158438912,0.0,12.853548373333334,0.0,-0.769772570693994,3,17.7,0.28,4.956,0.6330972683858372,0.9954800325494156
800,4.351936864,LRU,0.75,0.0,17.158438912,0.0,12.853548373333334,0.0,-0.769772570693994,3,17.7,0.5,8.85,0.7538419325763619,0.9954800325494156
800,4.351936864,LRU,0.75,0.0,17.158438912,0.0,12.853548373333334,0.0,-0.769772570693994,3,17.7,0.75,13.274999999999999,0.8202062577342608,0.9954800325494156
800,4.351936864,LRU,0.75,0.0,17.158438912,0.0,12.853548373333334,0.0,-0.769772570693994,3,17.7,1.0,17.7,0.8579719531781838,0.9954800325494156
800,4.351936864,LRU,0.75,0.0,17.158438912,0.0,12.853548373333334,0.0,-0.769772570693994,3,19.0,0.05,0.9500000000000001,0.2497376582209587,0.29327120590611183
800,4.351936864,LRU,0.75,0.0,17.158438912,0.0,12.853548373333334,0.0,-0.769772570693994,3,19.0,0.1,1.9000000000000001,0.39930183128190044,0.5235650319463718
800,4.351936864,LRU,0.75,0.0,17.158438912,0.0,12.853548373333334,0.0,-0.769772570693994,3,19.0,0.2,3.8000000000000003,0.5699772994031711,0.8620191317052431
800,4.351936864,LRU,0.75,0.0,17.158438912,0.0,12.853548373333334,0.0,-0.769772570693994,3,19.0,0.28,5.32,0.6492687278655538,0.9954800325494156
800,4.351936864,LRU,0.75,0.0,17.158438912,0.0,12.853548373333334,0.0,-0.769772570693994,3,19.0,0.5,9.5,0.7665733371679933,0.9954800325494156
800,4.351936864,LRU,0.75,0.0,17.158438912,0.0,12.853548373333334,0.0,-0.769772570693994,3,19.0,0.75,14.25,0.8302076595063504,0.9954800325494156
800,4.351936864,LRU,0.75,0.0,17.158438912,0.0,12.853548373333334,0.0,-0.769772570693994,3,19.0,1.0,19.0,0.8661581581469263,0.9954800325494156
800,4.351936864,LRU,1.0,0.0,17.158438912,0.0,17.157390336,0.0,-0.769772570693994,3,15.0,0.05,0.75,0.16457253358459653,0.1824165308453189
800,4.351936864,LRU,1.0,0.0,17.158438912,0.0,17.157390336,0.0,-0.769772570693994,3,15.0,0.1,1.5,0.2824504265966307,0.3394369167946843
800,4.351936864,LRU,1.0,0.0,17.158438912,0.0,17.157390336,0.0,-0.769772570693994,3,15.0,0.2,3.0,0.44004547798305005,0.5959107603196133
800,4.351936864,LRU,1.0,0.0,17.158438912,0.0,17.157390336,0.0,-0.769772570693994,3,15.0,0.28,4.2,0.5234997962564867,0.7599756444877777
800,4.351936864,LRU,1.0,0.0,17.158438912,0.0,17.157390336,0.0,-0.769772570693994,3,15.0,0.5,7.5,0.6614976139652551,0.9954800325494156
800,4.351936864,LRU,1.0,0.0,17.158438912,0.0,17.157390336,0.0,-0.769772570693994,3,15.0,0.75,11.25,0.7447896396000321,0.9954800325494156
800,4.351936864,LRU,1.0,0.0,17.158438912,0.0,17.157390336,0.0,-0.769772570693994,3,15.0,1.0,15.0,0.7948298731327061,0.9954800325494156
800,4.351936864,LRU,1.0,0.0,17.158438912,0.0,17.157390336,0.0,-0.769772570693994,3,17.7,0.05,0.885,0.18858379614354456,0.21239116628126786
800,4.351936864,LRU,1.0,0.0,17.158438912,0.0,17.157390336,0.0,-0.769772570693994,3,17.7,0.1,1.77,0.3170967628164052,0.3907436380241935
800,4.351936864,LRU,1.0,0.0,17.158438912,0.0,17.157390336,0.0,-0.769772570693994,3,17.7,0.2,3.54,0.4809828985005218,0.67354253839955
800,4.351936864,LRU,1.0,0.0,17.158438912,0.0,17.157390336,0.0,-0.769772570693994,3,17.7,0.28,4.956,0.564313114042769,0.8491292052900039
800,4.351936864,LRU,1.0,0.0,17.158438912,0.0,17.157390336,0.0,-0.769772570693994,3,17.7,0.5,8.85,0.6971776259007171,0.9954800325494156
800,4.351936864,LRU,1.0,0.0,17.158438912,0.0,17.157390336,0.0,-0.769772570693994,3,17.7,0.75,13.274999999999999,0.7745433666379331,0.9954800325494156
800,4.351936864,LRU,1.0,0.0,17.158438912,0.0,17.157390336,0.0,-0.769772570693994,3,17.7,1.0,17.7,0.8200434414598039,0.9954800325494156
800,4.351936864,LRU,1.0,0.0,17.158438912,0.0,17.157390336,0.0,-0.769772570693994,3,19.0,0.05,0.9500000000000001,0.19965662569932047,0.22654108482165083
800,4.351936864,LRU,1.0,0.0,17.158438912,0.0,17.157390336,0.0,-0.769772570693994,3,19.0,0.1,1.9000000000000001,0.33260495003325485,0.4145625838476815
800,4.351936864,LRU,1.0,0.0,17.158438912,0.0,17.157390336,0.0,-0.769772570693994,3,19.0,0.2,3.8000000000000003,0.4986150597702297,0.7086336667949328
800,4.351936864,LRU,1.0,0.0,17.158438912,0.0,17.157390336,0.0,-0.769772570693994,3,19.0,0.28,5.32,0.5815471731880233,0.88876076263117
800,4.351936864,LRU,1.0,0.0,17.158438912,0.0,17.157390336,0.0,-0.769772570693994,3,19.0,0.5,9.5,0.7117709495325631,0.9954800325494156
800,4.351936864,LRU,1.0,0.0,17.158438912,0.0,17.157390336,0.0,-0.769772570693994,3,19.0,0.75,14.25,0.7864864437185277,0.9954800325494156
800,4.351936864,LRU,1.0,0.0,17.158438912,0.0,17.157390336,0.0,-0.769772570693994,3,19.0,1.0,19.0,0.830052259972144,0.9954800325494156
800,4.351936864,LRU,0.0,0.25,16.071032832,1.08740608,0.0,1.08740608,5.616453118926012,3,15.0,0.05,0.75,1.017352397468685,1.0342636578788142
800,4.351936864,LRU,0.0,0.25,16.071032832,1.08740608,0.0,1.08740608,5.616453118926012,3,15.0,0.1,1.5,1.017352397468685,1.0342636578788142
800,4.351936864,LRU,0.0,0.25,16.071032832,1.08740608,0.0,1.08740608,5.616453118926012,3,15.0,0.2,3.0,1.017352397468685,1.0342636578788142
800,4.351936864,LRU,0.0,0.25,16.071032832,1.08740608,0.0,1.08740608,5.616453118926012,3,15.0,0.28,4.2,1.017352397468685,1.0342636578788142
800,4.351936864,LRU,0.0,0.25,16.071032832,1.08740608,0.0,1.08740608,5.616453118926012,3,15.0,0.5,7.5,1.017352397468685,1.0342636578788142
800,4.351936864,LRU,0.0,0.25,16.071032832,1.08740608,0.0,1.08740608,5.616453118926012,3,15.0,0.75,11.25,1.017352397468685,1.0342636578788142
800,4.351936864,LRU,0.0,0.25,16.071032832,1.08740608,0.0,1.08740608,5.616453118926012,3,15.0,1.0,15.0,1.017352397468685,1.0342636578788142
800,4.351936864,LRU,0.0,0.25,16.071032832,1.08740608,0.0,1.08740608,5.616453118926012,3,17.7,0.05,0.885,1.0198962457359695,1.0342636578788142
800,4.351936864,LRU,0.0,0.25,16.071032832,1.08740608,0.0,1.08740608,5.616453118926012,3,17.7,0.1,1.77,1.0198962457359695,1.0342636578788142
800,4.351936864,LRU,0.0,0.25,16.071032832,1.08740608,0.0,1.08740608,5.616453118926012,3,17.7,0.2,3.54,1.0198962457359695,1.0342636578788142
800,4.351936864,LRU,0.0,0.25,16.071032832,1.08740608,0.0,1.08740608,5.616453118926012,3,17.7,0.28,4.956,1.0198962457359695,1.0342636578788142
800,4.351936864,LRU,0.0,0.25,16.071032832,1.08740608,0.0,1.08740608,5.616453118926012,3,17.7,0.5,8.85,1.0198962457359695,1.0342636578788142
800,4.351936864,LRU,0.0,0.25,16.071032832,1.08740608,0.0,1.08740608,5.616453118926012,3,17.7,0.75,13.274999999999999,1.0198962457359695,1.0342636578788142
800,4.351936864,LRU,0.0,0.25,16.071032832,1.08740608,0.0,1.08740608,5.616453118926012,3,17.7,1.0,17.7,1.0198962457359695,1.0342636578788142
800,4.351936864,LRU,0.0,0.25,16.071032832,1.08740608,0.0,1.08740608,5.616453118926012,3,19.0,0.05,0.9500000000000001,1.0208665456855173,1.0342636578788142
800,4.351936864,LRU,0.0,0.25,16.071032832,1.08740608,0.0,1.08740608,5.616453118926012,3,19.0,0.1,1.9000000000000001,1.0208665456855173,1.0342636578788142
800,4.351936864,LRU,0.0,0.25,16.071032832,1.08740608,0.0,1.08740608,5.616453118926012,3,19.0,0.2,3.8000000000000003,1.0208665456855173,1.0342636578788142
800,4.351936864,LRU,0.0,0.25,16.071032832,1.08740608,0.0,1.08740608,5.616453118926012,3,19.0,0.28,5.32,1.0208665456855173,1.0342636578788142
800,4.351936864,LRU,0.0,0.25,16.071032832,1.08740608,0.0,1.08740608,5.616453118926012,3,19.0,0.5,9.5,1.0208665456855173,1.0342636578788142
800,4.351936864,LRU,0.0,0.25,16.071032832,1.08740608,0.0,1.08740608,5.616453118926012,3,19.0,0.75,14.25,1.0208665456855173,1.0342636578788142
800,4.351936864,LRU,0.0,0.25,16.071032832,1.08740608,0.0,1.08740608,5.616453118926012,3,19.0,1.0,19.0,1.0208665456855173,1.0342636578788142
800,4.351936864,LRU,0.02,0.25,13.061128192,4.09731072,0.25447082666666665,1.08740608,23.29331798920009,3,15.0,0.05,0.75,1.0016157923336457,1.1592794788018574
800,4.351936864,LRU,0.02,0.25,13.061128192,4.09731072,0.25447082666666665,1.08740608,23.29331798920009,3,15.0,0.1,1.5,1.0408259715452213,1.1592794788018574
800,4.351936864,LRU,0.02,0.25,13.061128192,4.09731072,0.25447082666666665,1.08740608,23.29331798920009,3,15.0,0.2,3.0,1.0616052628294124,1.1592794788018574
800,4.351936864,LRU,0.02,0.25,13.061128192,4.09731072,0.25447082666666665,1.08740608,23.29331798920009,3,15.0,0.28,4.2,1.0676954685893882,1.1592794788018574
800,4.351936864,LRU,0.02,0.25,13.061128192,4.09731072,0.25447082666666665,1.08740608,23.29331798920009,3,15.0,0.5,7.5,1.074475914766139,1.1592794788018574
800,4.351936864,LRU,0.02,0.25,13.061128192,4.09731072,0.25447082666666665,1.08740608,23.29331798920009,3,15.0,0.75,11.25,1.0773785555704545,1.1592794788018574
800,4.351936864,LRU,0.02,0.25,13.061128192,4.09731072,0.25447082666666665,1.08740608,23.29331798920009,3,15.0,1.0,15.0,1.0788357649268472,1.1592794788018574
800,4.351936864,LRU,0.02,0.25,13.061128192,4.09731072,0.25447082666666665,1.08740608,23.29331798920009,3,17.7,0.05,0.885,1.0228355210999307,1.1592794788018574
800,4.351936864,LRU,0.02,0.25,13.061128192,4.09731072,0.25447082666666665,1.08740608,23.29331798920009,3,17.7,0.1,1.77,1.0573057306818128,1.1592794788018574
800,4.351936864,LRU,0.02,0.25,13.061128192,4.09731072,0.25447082666666665,1.08740608,23.29331798920009,3,17.7,0.2,3.54,1.0754270189876083,1.1592794788018574
800,4.351936864,LRU,0.02,0.25,13.061128192,4.09731072,0.25447082666666665,1.08740608,23.29331798920009,3,17.7,0.28,4.956,1.0807191830569494,1.1592794788018574
800,4.351936864,LRU,0.02,0.25,13.061128192,4.09731072,0.25447082666666665,1.08740608,23.29331798920009,3,17.7,0.5,8.85,1.0866010495375147,1.1592794788018574
800,4.351936864,LRU,0.02,0.25,13.061128192,4.09731072,0.25447082666666665,1.08740608,23.29331798920009,3,17.7,0.75,13.274999999999999,1.0891157742248985,1.1592794788018574
800,4.351936864,LRU,0.02,0.25,13.061128192,4.09731072,0.25447082666666665,1.08740608,23.29331798920009,3,17.7,1.0,17.7,1.090377506502507,1.1592794788018574
800,4.351936864,LRU,0.02,0.25,13.061128192,4.09731072,0.25447082666666665,1.08740608,23.29331798920009,3,19.0,0.05,0.9500000000000001,1.0311392513071134,1.1592794788018574
800,4.351936864,LRU,0.02,0.25,13.061128192,4.09731072,0.25447082666666665,1.08740608,23.29331798920009,3,19.0,0.1,1.9000000000000001,1.0637076807232475,1.1592794788018574
800,4.351936864,LRU,0.02,0.25,13.061128192,4.09731072,0.25447082666666665,1.08740608,23.29331798920009,3,19.0,0.2,3.8000000000000003,1.0807757777763651,1.1592794788018574
800,4.351936864,LRU,0.02,0.25,13.061128192,4.09731072,0.25447082666666665,1.08740608,23.29331798920009,3,19.0,0.28,5.32,1.0857534463957412,1.1592794788018574
800,4.351936864,LRU,0.02,0.25,13.061128192,4.09731072,0.25447082666666665,1.08740608,23.29331798920009,3,19.0,0.5,9.5,1.091282109142807,1.1592794788018574
800,4.351936864,LRU,0.02,0.25,13.061128192,4.09731072,0.25447082666666665,1.08740608,23.29331798920009,3,19.0,0.75,14.25,1.0936446493599734,1.1592794788018574
800,4.351936864,LRU,0.02,0.25,13.061128192,4.09731072,0.25447082666666665,1.08740608,23.29331798920009,3,19.0,1.0,19.0,1.0948297596611871,1.1592794788018574
800,4.351936864,LRU,0.05,0.25,13.479204181333333,3.6792347306666664,0.672858112,1.08740608,20.83800007954316,3,15.0,0.05,0.75,0.8846680342908835,1.140137213841917
800,4.351936864,LRU,0.05,0.25,13.479204181333333,3.6792347306666664,0.672858112,1.08740608,20.83800007954316,3,15.0,0.1,1.5,0.9700097716384011,1.140137213841917
800,4.351936864,LRU,0.05,0.25,13.479204181333333,3.6792347306666664,0.672858112,1.08740608,20.83800007954316,3,15.0,0.2,3.0,1.019168083884628,1.140137213841917
800,4.351936864,LRU,0.05,0.25,13.479204181333333,3.6792347306666664,0.672858112,1.08740608,20.83800007954316,3,15.0,0.28,4.2,1.0341419157208196,1.140137213841917
800,4.351936864,LRU,0.05,0.25,13.479204181333333,3.6792347306666664,0.672858112,1.08740608,20.83800007954316,3,15.0,0.5,7.5,1.0511296758143767,1.140137213841917
800,4.351936864,LRU,0.05,0.25,13.479204181333333,3.6792347306666664,0.672858112,1.08740608,20.83800007954316,3,15.0,0.75,11.25,1.0585064002789883,1.140137213841917
800,4.351936864,LRU,0.05,0.25,13.479204181333333,3.6792347306666664,0.672858112,1.08740608,20.83800007954316,3,15.0,1.0,15.0,1.0622337260764514,1.140137213841917
800,4.351936864,LRU,0.05,0.25,13.479204181333333,3.6792347306666664,0.672858112,1.08740608,20.83800007954316,3,17.7,0.05,0.885,0.9159760847173626,1.140137213841917
800,4.351936864,LRU,0.05,0.25,13.479204181333333,3.6792347306666664,0.672858112,1.08740608,20.83800007954316,3,17.7,0.1,1.77,0.9926032683407857,1.140137213841917
800,4.351936864,LRU,0.05,0.25,13.479204181333333,3.6792347306666664,0.672858112,1.08740608,20.83800007954316,3,17.7,0.2,3.54,1.035934499607459,1.140137213841917
800,4.351936864,LRU,0.05,0.25,13.479204181333333,3.6792347306666664,0.672858112,1.08740608,20.83800007954316,3,17.7,0.28,4.956,1.0490184964417393,1.140137213841917
800,4.351936864,LRU,0.05,0.25,13.479204181333333,3.6792347306666664,0.672858112,1.08740608,20.83800007954316,3,17.7,0.5,8.85,1.0637980049020708,1.140137213841917
800,4.351936864,LRU,0.05,0.25,13.479204181333333,3.6792347306666664,0.672858112,1.08740608,20.83800007954316,3,17.7,0.75,13.274999999999999,1.0701946716391584,1.140137213841917
800,4.351936864,LRU,0.05,0.25,13.479204181333333,3.6792347306666664,0.672858112,1.08740608,20.83800007954316,3,17.7,1.0,17.7,1.0734219395904978,1.140137213841917
800,4.351936864,LRU,0.05,0.25,13.479204181333333,3.6792347306666664,0.672858112,1.08740608,20.83800007954316,3,19.0,0.05,0.9500000000000001,0.9284659839021656,1.140137213841917
800,4.351936864,LRU,0.05,0.25,13.479204181333333,3.6792347306666664,0.672858112,1.08740608,20.83800007954316,3,19.0,0.1,1.9000000000000001,1.0014699786992107,1.140137213841917
800,4.351936864,LRU,0.05,0.25,13.479204181333333,3.6792347306666664,0.672858112,1.08740608,20.83800007954316,3,19.0,0.2,3.8000000000000003,1.0424533088675836,1.140137213841917
800,4.351936864,LRU,0.05,0.25,13.479204181333333,3.6792347306666664,0.672858112,1.08740608,20.83800007954316,3,19.0,0.28,5.32,1.0547862231867822,1.140137213841917
800,4.351936864,LRU,0.05,0.25,13.479204181333333,3.6792347306666664,0.672858112,1.08740608,20.83800007954316,3,19.0,0.5,9.5,1.0686939171250722,1.140137213841917
800,4.351936864,LRU,0.05,0.25,13.479204181333333,3.6792347306666664,0.672858112,1.08740608,20.83800007954316,3,19.0,0.75,14.25,1.0747055752336585,1.140137213841917
800,4.351936864,LRU,0.05,0.25,13.479204181333333,3.6792347306666664,0.672858112,1.08740608,20.83800007954316,3,19.0,1.0,19.0,1.077736838582671,1.140137213841917
800,4.351936864,LRU,0.1,0.25,14.230366890666666,2.9280720213333336,1.4236931413333334,1.08740608,16.42649762461015,3,15.0,0.05,0.75,0.7314022086398834,1.1072865615226413
800,4.351936864,LRU,0.1,0.25,14.230366890666666,2.9280720213333336,1.4236931413333334,1.08740608,16.42649762461015,3,15.0,0.1,1.5,0.8644450801655544,1.1072865615226413
800,4.351936864,LRU,0.1,0.25,14.230366890666666,2.9280720213333336,1.4236931413333334,1.08740608,16.42649762461015,3,15.0,0.2,3.0,0.9509329592207755,1.1072865615226413
800,4.351936864,LRU,0.1,0.25,14.230366890666666,2.9280720213333336,1.4236931413333334,1.08740608,16.42649762461015,3,15.0,0.28,4.2,0.9789160210472594,1.1072865615226413
800,4.351936864,LRU,0.1,0.25,14.230366890666666,2.9280720213333336,1.4236931413333334,1.08740608,16.42649762461015,3,15.0,0.5,7.5,1.011663205947753,1.1072865615226413
800,4.351936864,LRU,0.1,0.25,14.230366890666666,2.9280720213333336,1.4236931413333334,1.08740608,16.42649762461015,3,15.0,0.75,11.25,1.0262273925400704,1.1072865615226413
800,4.351936864,LRU,0.1,0.25,14.230366890666666,2.9280720213333336,1.4236931413333334,1.08740608,16.42649762461015,3,15.0,1.0,15.0,1.0336678785482363,1.1072865615226413
800,4.351936864,LRU,0.1,0.25,14.230366890666666,2.9280720213333336,1.4236931413333334,1.08740608,16.42649762461015,3,17.7,0.05,0.885,0.7713445124135302,1.1072865615226413
800,4.351936864,LRU,0.1,0.25,14.230366890666666,2.9280720213333336,1.4236931413333334,1.08740608,16.42649762461015,3,17.7,0.1,1.77,0.8943655496795487,1.1072865615226413
800,4.351936864,LRU,0.1,0.25,14.230366890666666,2.9280720213333336,1.4236931413333334,1.08740608,16.42649762461015,3,17.7,0.2,3.54,0.971866612308701,1.1072865615226413
800,4.351936864,LRU,0.1,0.25,14.230366890666666,2.9280720213333336,1.4236931413333334,1.08740608,16.42649762461015,3,17.7,0.28,4.956,0.9965394467809999,1.1072865615226413
800,4.351936864,LRU,0.1,0.25,14.230366890666666,2.9280720213333336,1.4236931413333334,1.08740608,16.42649762461015,3,17.7,0.5,8.85,1.025168048029857,1.1072865615226413
800,4.351936864,LRU,0.1,0.25,14.230366890666666,2.9280720213333336,1.4236931413333334,1.08740608,16.42649762461015,3,17.7,0.75,13.274999999999999,1.0378165862741544,1.1072865615226413
800,4.351936864,LRU,0.1,0.25,14.230366890666666,2.9280720213333336,1.4236931413333334,1.08740608,16.42649762461015,3,17.7,1.0,17.7,1.0442586253059518,1.1072865615226413
800,4.351936864,LRU,0.1,0.25,14.230366890666666,2.9280720213333336,1.4236931413333334,1.08740608,16.42649762461015,3,19.0,0.05,0.9500000000000001,0.7876958254498616,1.1072865615226413
800,4.351936864,LRU,0.1,0.25,14.230366890666666,2.9280720213333336,1.4236931413333334,1.08740608,16.42649762461015,3,19.0,0.1,1.9000000000000001,0.9062893618375393,1.1072865615226413
800,4.351936864,LRU,0.1,0.25,14.230366890666666,2.9280720213333336,1.4236931413333334,1.08740608,16.42649762461015,3,19.0,0.2,3.8000000000000003,0.9800676426714943,1.1072865615226413
800,4.351936864,LRU,0.1,0.25,14.230366890666666,2.9280720213333336,1.4236931413333334,1.08740608,16.42649762461015,3,19.0,0.28,5.32,1.0034060007310348,1.1072865615226413
800,4.351936864,LRU,0.1,0.25,14.230366890666666,2.9280720213333336,1.4236931413333334,1.08740608,16.42649762461015,3,19.0,0.5,9.5,1.0303965248463738,1.1072865615226413
800,4.351936864,LRU,0.1,0.25,14.230366890666666,2.9280720213333336,1.4236931413333334,1.08740608,16.42649762461015,3,19.0,0.75,14.25,1.0422907901181115,1.1072865615226413
800,4.351936864,LRU,0.1,0.25,14.230366890666666,2.9280720213333336,1.4236931413333334,1.08740608,16.42649762461015,3,19.0,1.0,19.0,1.0483414956201194,1.1072865615226413
800,4.351936864,LRU,0.2,0.25,15.980855296,1.177583616,3.193028608,1.08740608,6.14605664756348,3,15.0,0.05,0.75,0.519473161358592,0.7291651680558561
800,4.351936864,LRU,0.2,0.25,15.980855296,1.177583616,3.193028608,1.08740608,6.14605664756348,3,15.0,0.1,1.5,0.6881886595311385,1.0376160835051849
800,4.351936864,LRU,0.2,0.25,15.980855296,1.177583616,3.193028608,1.08740608,6.14605664756348,3,15.0,0.2,3.0,0.8216108381700626,1.0376160835051849
800,4.351936864,LRU,0.2,0.25,15.980855296,1.177583616,3.193028608,1.08740608,6.14605664756348,3,15.0,0.28,4.2,0.8697908974746638,1.0376160835051849
800,4.351936864,LRU,0.2,0.25,15.980855296,1.177583616,3.193028608,1.08740608,6.14605664756348,3,15.0,0.5,7.5,0.9297654859129998,1.0376160835051849
800,4.351936864,LRU,0.2,0.25,15.980855296,1.177583616,3.193028608,1.08740608,6.14605664756348,3,15.0,0.75,11.25,0.9577832684334993,1.0376160835051849
800,4.351936864,LRU,0.2,0.25,15.980855296,1.177583616,3.193028608,1.08740608,6.14605664756348,3,15.0,1.0,15.0,0.9724350675433484,1.0376160835051849
800,4.351936864,LRU,0.2,0.25,15.980855296,1.177583616,3.193028608,1.08740608,6.14605664756348,3,17.7,0.05,0.885,0.5623059181610485,0.8164628251402283
800,4.351936864,LRU,0.2,0.25,15.980855296,1.177583616,3.193028608,1.08740608,6.14605664756348,3,17.7,0.1,1.77,0.7254554088944818,1.0376160835051849
800,4.351936864,LRU,0.2,0.25,15.980855296,1.177583616,3.193028608,1.08740608,6.14605664756348,3,17.7,0.2,3.54,0.8485571414313746,1.0376160835051849
800,4.351936864,LRU,0.2,0.25,15.980855296,1.177583616,3.193028608,1.08740608,6.14605664756348,3,17.7,0.28,4.956,0.891793561783872,1.0376160835051849
800,4.351936864,LRU,0.2,0.25,15.980855296,1.177583616,3.193028608,1.08740608,6.14605664756348,3,17.7,0.5,8.85,0.9447447629119375,1.0376160835051849
800,4.351936864,LRU,0.2,0.25,15.980855296,1.177583616,3.193028608,1.08740608,6.14605664756348,3,17.7,0.75,13.274999999999999,0.9691576998684469,1.0376160835051849
800,4.351936864,LRU,0.2,0.25,15.980855296,1.177583616,3.193028608,1.08740608,6.14605664756348,3,17.7,1.0,17.7,0.9818434983868723,1.0376160835051849
800,4.351936864,LRU,0.2,0.25,15.980855296,1.177583616,3.193028608,1.08740608,6.14605664756348,3,19.0,0.05,0.9500000000000001,0.5805000968436238,0.8553904885883663
800,4.351936864,LRU,0.2,0.25,15.980855296,1.177583616,3.193028608,1.08740608,6.14605664756348,3,19.0,0.1,1.9000000000000001,0.7407020720891837,1.0376160835051849
800,4.351936864,LRU,0.2,0.25,15.980855296,1.177583616,3.193028608,1.08740608,6.14605664756348,3,19.0,0.2,3.8000000000000003,0.8592693645069615,1.0376160835051849
800,4.351936864,LRU,0.2,0.25,15.980855296,1.177583616,3.193028608,1.08740608,6.14605664756348,3,19.0,0.28,5.32,0.9004519731349881,1.0376160835051849
800,4.351936864,LRU,0.2,0.25,15.980855296,1.177583616,3.193028608,1.08740608,6.14605664756348,3,19.0,0.5,9.5,0.9505660224716762,1.0376160835051849
800,4.351936864,LRU,0.2,0.25,15.980855296,1.177583616,3.193028608,1.08740608,6.14605664756348,3,19.0,0.75,14.25,0.9735524994390338,1.0376160835051849
800,4.351936864,LRU,0.2,0.25,15.980855296,1.177583616,3.193028608,1.08740608,6.14605664756348,3,19.0,1.0,19.0,0.9854677324680612,1.0376160835051849
800,4.351936864,LRU,0.35,0.25,16.071032832,1.08740608,5.663582890666667,1.08740608,5.616453118926012,3,15.0,0.05,0.75,0.3763464625412839,0.4760983525356539
800,4.351936864,LRU,0.35,0.25,16.071032832,1.08740608,5.663582890666667,1.08740608,5.616453118926012,3,15.0,0.1,1.5,0.5494400360526882,0.7915681582726362
800,4.351936864,LRU,0.35,0.25,16.071032832,1.08740608,5.663582890666667,1.08740608,5.616453118926012,3,15.0,0.2,3.0,0.7135267263030958,1.0342636578788142
800,4.351936864,LRU,0.35,0.25,16.071032832,1.08740608,5.663582890666667,1.08740608,5.616453118926012,3,15.0,0.28,4.2,0.780089169931465,1.0342636578788142
800,4.351936864,LRU,0.35,0.25,16.071032832,1.08740608,5.663582890666667,1.08740608,5.616453118926012,3,15.0,0.5,7.5,0.8692917132715654,1.0342636578788142
800,4.351936864,LRU,0.35,0.25,16.071032832,1.08740608,5.663582890666667,1.08740608,5.616453118926012,3,15.0,0.75,11.25,0.9136126776632396,1.0342636578788142
800,4.351936864,LRU,0.35,0.25,16.071032832,1.08740608,5.663582890666667,1.08740608,5.616453118926012,3,15.0,1.0,15.0,0.9375122775534925,1.0342636578788142
800,4.351936864,LRU,0.35,0.25,16.071032832,1.08740608,5.663582890666667,1.08740608,5.616453118926012,3,17.7,0.05,0.885,0.41678985829869697,0.5427199596191313
800,4.351936864,LRU,0.35,0.25,16.071032832,1.08740608,5.663582890666667,1.08740608,5.616453118926012,3,17.7,0.1,1.77,0.5917540519754492,0.8824789344875179
800,4.351936864,LRU,0.35,0.25,16.071032832,1.08740608,5.663582890666667,1.08740608,5.616453118926012,3,17.7,0.2,3.54,0.748956193370028,1.0342636578788142
800,4.351936864,LRU,0.35,0.25,16.071032832,1.08740608,5.663582890666667,1.08740608,5.616453118926012,3,17.7,0.28,4.956,0.8104720713304358,1.0342636578788142
800,4.351936864,LRU,0.35,0.25,16.071032832,1.08740608,5.663582890666667,1.08740608,5.616453118926012,3,17.7,0.5,8.85,0.8909703812399695,1.0342636578788142
800,4.351936864,LRU,0.35,0.25,16.071032832,1.08740608,5.663582890666667,1.08740608,5.616453118926012,3,17.7,0.75,13.274999999999999,0.9301646564613566,1.0342636578788142
800,4.351936864,LRU,0.35,0.25,16.071032832,1.08740608,5.663582890666667,1.08740608,5.616453118926012,3,17.7,1.0,17.7,0.9510840097999497,1.0342636578788142
800,4.351936864,LRU,0.35,0.25,16.071032832,1.08740608,5.663582890666667,1.08740608,5.616453118926012,3,19.0,0.05,0.9500000000000001,0.43454021122002967,0.5732093646251596
800,4.351936864,LRU,0.35,0.25,16.071032832,1.08740608,5.663582890666667,1.08740608,5.616453118926012,3,19.0,0.1,1.9000000000000001,0.6095994295544361,0.9227631139617728
800,4.351936864,LRU,0.35,0.25,16.071032832,1.08740608,5.663582890666667,1.08740608,5.616453118926012,3,19.0,0.2,3.8000000000000003,0.7633641834316881,1.0342636578788142
800,4.351936864,LRU,0.35,0.25,16.071032832,1.08740608,5.663582890666667,1.08740608,5.616453118926012,3,19.0,0.28,5.32,0.8226512500621608,1.0342636578788142
800,4.351936864,LRU,0.35,0.25,16.071032832,1.08740608,5.663582890666667,1.08740608,5.616453118926012,3,19.0,0.5,9.5,0.8994971422028688,1.0342636578788142
800,4.351936864,LRU,0.35,0.25,16.071032832,1.08740608,5.663582890666667,1.08740608,5.616453118926012,3,19.0,0.75,14.25,0.9366147504530922,1.0342636578788142
800,4.351936864,LRU,0.35,0.25,16.071032832,1.08740608,5.663582890666667,1.08740608,5.616453118926012,3,19.0,1.0,19.0,0.9563464943709225,1.0342636578788142
800,4.351936864,LRU,0.5,0.25,16.071032832,1.08740608,8.038329002666668,1.08740608,5.616453118926012,3,15.0,0.05,0.75,0.29769767888659315,0.3568379155933019
800,4.351936864,LRU,0.5,0.25,16.071032832,1.08740608,8.038329002666668,1.08740608,5.616453118926012,3,15.0,0.1,1.5,0.4606112767591913,0.6194603551503115
800,4.351936864,LRU,0.5,0.25,16.071032832,1.08740608,8.038329002666668,1.08740608,5.616453118926012,3,15.0,0.2,3.0,0.634121115266091,0.980136480632199
800,4.351936864,LRU,0.5,0.25,16.071032832,1.08740608,8.038329002666668,1.08740608,5.616453118926012,3,15.0,0.28,4.2,0.7106010166929386,1.0342636578788142
800,4.351936864,LRU,0.5,0.25,16.071032832,1.08740608,8.038329002666668,1.08740608,5.616453118926012,3,15.0,0.5,7.5,0.8192957472929746,1.0342636578788142
800,4.351936864,LRU,0.5,0.25,16.071032832,1.08740608,8.038329002666668,1.08740608,5.616453118926012,3,15.0,0.75,11.25,0.8761517179948033,1.0342636578788142
800,4.351936864,LRU,0.5,0.25,16.071032832,1.08740608,8.038329002666668,1.08740608,5.616453118926012,3,15.0,1.0,15.0,0.9076452614200309,1.0342636578788142
800,4.351936864,LRU,0.5,0.25,16.071032832,1.08740608,8.038329002666668,1.08740608,5.616453118926012,3,17.7,0.05,0.885,0.3339796519381736,0.41026067608234384
800,4.351936864,LRU,0.5,0.25,16.071032832,1.08740608,8.038329002666668,1.08740608,5.616453118926012,3,17.7,0.1,1.77,0.5031843668228624,0.6989959728603363
800,4.351936864,LRU,0.5,0.25,16.071032832,1.08740608,8.038329002666668,1.08740608,5.616453118926012,3,17.7,0.2,3.54,0.6738919035591691,1.0342636578788142
800,4.351936864,LRU,0.5,0.25,16.071032832,1.08740608,8.038329002666668,1.08740608,5.616453118926012,3,17.7,0.28,4.956,0.7462232017126023,1.0342636578788142
800,4.351936864,LRU,0.5,0.25,16.071032832,1.08740608,8.038329002666668,1.08740608,5.616453118926012,3,17.7,0.5,8.85,0.8461223728258214,1.0342636578788142
800,4.351936864,LRU,0.5,0.25,16.071032832,1.08740608,8.038329002666668,1.08740608,5.616453118926012,3,17.7,0.75,13.274999999999999,0.897071194463235,1.0342636578788142
800,4.351936864,LRU,0.5,0.25,16.071032832,1.08740608,8.038329002666668,1.08740608,5.616453118926012,3,17.7,1.0,17.7,0.9249179219266077,1.0342636578788142
800,4.351936864,LRU,0.5,0.25,16.071032832,1.08740608,8.038329002666668,1.08740608,5.616453118926012,3,19.0,0.05,0.9500000000000001,0.35020347281054287,0.4350165557665305
800,4.351936864,LRU,0.5,0.25,16.071032832,1.08740608,8.038329002666668,1.08740608,5.616453118926012,3,19.0,0.1,1.9000000000000001,0.5215065675016775,0.7348609499090523
800,4.351936864,LRU,0.5,0.25,16.071032832,1.08740608,8.038329002666668,1.08740608,5.616453118926012,3,19.0,0.2,3.8000000000000003,0.6903499595083171,1.0342636578788142
800,4.351936864,LRU,0.5,0.25,16.071032832,1.08740608,8.038329002666668,1.08740608,5.616453118926012,3,19.0,0.28,5.32,0.7607187993550004,1.0342636578788142
800,4.351936864,LRU,0.5,0.25,16.071032832,1.08740608,8.038329002666668,1.08740608,5.616453118926012,3,19.0,0.5,9.5,0.8567862486738704,1.0342636578788142
800,4.351936864,LRU,0.5,0.25,16.071032832,1.08740608,8.038329002666668,1.08740608,5.616453118926012,3,19.0,0.75,14.25,0.9052874748743226,1.0342636578788142
800,4.351936864,LRU,0.5,0.25,16.071032832,1.08740608,8.038329002666668,1.08740608,5.616453118926012,3,19.0,1.0,19.0,0.9316572485627859,1.0342636578788142
800,4.351936864,LRU,0.75,0.25,16.071032832,1.08740608,12.097492309333333,1.08740608,5.616453118926012,3,15.0,0.05,0.75,0.2193453455755329,0.2498562640362836
800,4.351936864,LRU,0.75,0.25,16.071032832,1.08740608,12.097492309333333,1.08740608,5.616453118926012,3,15.0,0.1,1.5,0.3608828664077005,0.45161764437771745
800,4.351936864,LRU,0.75,0.25,16.071032832,1.08740608,12.097492309333333,1.08740608,5.616453118926012,3,15.0,0.2,3.0,0.5327755847903985,0.7574362324585376
800,4.351936864,LRU,0.75,0.25,16.071032832,1.08740608,12.097492309333333,1.08740608,5.616453118926012,3,15.0,0.28,4.2,0.6167019676533967,0.9391355074156288
800,4.351936864,LRU,0.75,0.25,16.071032832,1.08740608,12.097492309333333,1.08740608,5.616453118926012,3,15.0,0.5,7.5,0.7459617555515715,1.0342636578788142
800,4.351936864,LRU,0.75,0.25,16.071032832,1.08740608,12.097492309333333,1.08740608,5.616453118926012,3,15.0,0.75,11.25,0.8187669754543896,1.0342636578788142
800,4.351936864,LRU,0.75,0.25,16.071032832,1.08740608,12.097492309333333,1.08740608,5.616453118926012,3,15.0,1.0,15.0,0.8607722896461347,1.0342636578788142
800,4.351936864,LRU,0.75,0.25,16.071032832,1.08740608,12.097492309333333,1.08740608,5.616453118926012,3,17.7,0.05,0.885,0.24931029294694088,0.2894903894642305
800,4.351936864,LRU,0.75,0.25,16.071032832,1.08740608,12.097492309333333,1.08740608,5.616453118926012,3,17.7,0.1,1.77,0.40067652356059125,0.5157140300935595
800,4.351936864,LRU,0.75,0.25,16.071032832,1.08740608,12.097492309333333,1.08740608,5.616453118926012,3,17.7,0.2,3.54,0.5753291784360209,0.8464421507884753
800,4.351936864,LRU,0.75,0.25,16.071032832,1.08740608,12.097492309333333,1.08740608,5.616453118926012,3,17.7,0.28,4.956,0.6571745203162714,1.0342636578788142
800,4.351936864,LRU,0.75,0.25,16.071032832,1.08740608,12.097492309333333,1.08740608,5.616453118926012,3,17.7,0.5,8.85,0.7790896772733042,1.0342636578788142
800,4.351936864,LRU,0.75,0.25,16.071032832,1.08740608,12.097492309333333,1.08740608,5.616453118926012,3,17.7,0.75,13.274999999999999,0.8456443966542779,1.0342636578788142
800,4.351936864,LRU,0.75,0.25,16.071032832,1.08740608,12.097492309333333,1.08740608,5.616453118926012,3,17.7,1.0,17.7,0.8833761585121587,1.0342636578788142
800,4.351936864,LRU,0.75,0.25,16.071032832,1.08740608,12.097492309333333,1.08740608,5.616453118926012,3,19.0,0.05,0.9500000000000001,0.2629655937594383,0.30806586147178705
800,4.351936864,LRU,0.75,0.25,16.071032832,1.08740608,12.097492309333333,1.08740608,5.616453118926012,3,19.0,0.1,1.9000000000000001,0.41820541656076643,0.5451226120154488
800,4.351936864,LRU,0.75,0.25,16.071032832,1.08740608,12.097492309333333,1.08740608,5.616453118926012,3,19.0,0.2,3.8000000000000003,0.59334339100729,0.8860182249179201
800,4.351936864,LRU,0.75,0.25,16.071032832,1.08740608,12.097492309333333,1.08740608,5.616453118926012,3,19.0,0.28,5.32,0.6739878836558542,1.0342636578788142
800,4.351936864,LRU,0.75,0.25,16.071032832,1.08740608,12.097492309333333,1.08740608,5.616453118926012,3,19.0,0.5,9.5,0.7924672148409013,1.0342636578788142
800,4.351936864,LRU,0.75,0.25,16.071032832,1.08740608,12.097492309333333,1.08740608,5.616453118926012,3,19.0,0.75,14.25,0.8563296670427618,1.0342636578788142
800,4.351936864,LRU,0.75,0.25,16.071032832,1.08740608,12.097492309333333,1.08740608,5.616453118926012,3,19.0,1.0,19.0,0.8922828061711006,1.0342636578788142
800,4.351936864,LRU,1.0,0.25,16.071032832,1.08740608,16.069984256,1.08740608,5.616453118926012,3,15.0,0.05,0.75,0.17441935487357035,0.19317740153730464
800,4.351936864,LRU,1.0,0.25,16.071032832,1.08740608,16.069984256,1.08740608,5.616453118926012,3,15.0,0.1,1.5,0.2977851228590101,0.356963560912013
800,4.351936864,LRU,1.0,0.25,16.071032832,1.08740608,16.069984256,1.08740608,5.616453118926012,3,15.0,0.2,3.0,0.46071593881016143,0.6196496684722953
800,4.351936864,LRU,1.0,0.25,16.071032832,1.08740608,16.069984256,1.08740608,5.616453118926012,3,15.0,0.28,4.2,0.5460831204925962,0.7846193759512086
800,4.351936864,LRU,1.0,0.25,16.071032832,1.08740608,16.069984256,1.08740608,5.616453118926012,3,15.0,0.5,7.5,0.6858804259527556,1.0342636578788142
800,4.351936864,LRU,1.0,0.25,16.071032832,1.08740608,16.069984256,1.08740608,5.616453118926012,3,15.0,0.75,11.25,0.7694470553930054,1.0342636578788142
800,4.351936864,LRU,1.0,0.25,16.071032832,1.08740608,16.069984256,1.08740608,5.616453118926012,3,15.0,1.0,15.0,0.8193619640539566,1.0342636578788142
800,4.351936864,LRU,1.0,0.25,16.071032832,1.08740608,16.069984256,1.08740608,5.616453118926012,3,17.7,0.05,0.885,0.19975130849192504,0.22474408589130304
800,4.351936864,LRU,1.0,0.25,16.071032832,1.08740608,16.069984256,1.08740608,5.616453118926012,3,17.7,0.1,1.77,0.33407291951769064,0.41040142276741226
800,4.351936864,LRU,1.0,0.25,16.071032832,1.08740608,16.069984256,1.08740608,5.616453118926012,3,17.7,0.2,3.54,0.5032902154079928,0.6992002480759383
800,4.351936864,LRU,1.0,0.25,16.071032832,1.08740608,16.069984256,1.08740608,5.616453118926012,3,17.7,0.28,4.956,0.588452395151295,0.8751562670721141
800,4.351936864,LRU,1.0,0.25,16.071032832,1.08740608,16.069984256,1.08740608,5.616453118926012,3,17.7,0.5,8.85,0.7230317093461496,1.0342636578788142
800,4.351936864,LRU,1.0,0.25,16.071032832,1.08740608,16.069984256,1.08740608,5.616453118926012,3,17.7,0.75,13.274999999999999,0.8007212247075057,1.0342636578788142
800,4.351936864,LRU,1.0,0.25,16.071032832,1.08740608,16.069984256,1.08740608,5.616453118926012,3,17.7,1.0,17.7,0.8461822231492692,1.0342636578788142
800,4.351936864,LRU,1.0,0.25,16.071032832,1.08740608,16.069984256,1.08740608,5.616453118926012,3,19.0,0.05,0.9500000000000001,0.2114232755055215,0.23962837644285145
800,4.351936864,LRU,1.0,0.25,16.071032832,1.08740608,16.069984256,1.08740608,5.616453118926012,3,19.0,0.1,1.9000000000000001,0.3502990047166491,0.43516397284832103
800,4.351936864,LRU,1.0,0.25,16.071032832,1.08740608,16.069984256,1.08740608,5.616453118926012,3,19.0,0.2,3.8000000000000003,0.5216124847904364,0.735071276274945
800,4.351936864,LRU,1.0,0.25,16.071032832,1.08740608,16.069984256,1.08740608,5.616453118926012,3,19.0,0.28,5.32,0.6063346343131852,0.9153028522646576
800,4.351936864,LRU,1.0,0.25,16.071032832,1.08740608,16.069984256,1.08740608,5.616453118926012,3,19.0,0.5,9.5,0.7382314151085709,1.0342636578788142
800,4.351936864,LRU,1.0,0.25,16.071032832,1.08740608,16.069984256,1.08740608,5.616453118926012,3,19.0,0.75,14.25,0.8132863778316157,1.0342636578788142
800,4.351936864,LRU,1.0,0.25,16.071032832,1.08740608,16.069984256,1.08740608,5.616453118926012,3,19.0,1.0,19.0,0.856843417996134,1.0342636578788142
800,4.351936864,LRU,0.0,0.5,14.982578176,2.175860736,0.0,2.175860736,12.008836989111572,3,15.0,0.05,0.75,1.0402300343865125,1.0762338624789474
800,4.351936864,LRU,0.0,0.5,14.982578176,2.175860736,0.0,2.175860736,12.008836989111572,3,15.0,0.1,1.5,1.0402300343865125,1.0762338624789474
800,4.351936864,LRU,0.0,0.5,14.982578176,2.175860736,0.0,2.175860736,12.008836989111572,3,15.0,0.2,3.0,1.0402300343865125,1.0762338624789474
800,4.351936864,LRU,0.0,0.5,14.982578176,2.175860736,0.0,2.175860736,12.008836989111572,3,15.0,0.28,4.2,1.0402300343865125,1.0762338624789474
800,4.351936864,LRU,0.0,0.5,14.982578176,2.175860736,0.0,2.175860736,12.008836989111572,3,15.0,0.5,7.5,1.0402300343865125,1.0762338624789474
800,4.351936864,LRU,0.0,0.5,14.982578176,2.175860736,0.0,2.175860736,12.008836989111572,3,15.0,0.75,11.25,1.0402300343865125,1.0762338624789474
800,4.351936864,LRU,0.0,0.5,14.982578176,2.175860736,0.0,2.175860736,12.008836989111572,3,15.0,1.0,15.0,1.0402300343865125,1.0762338624789474
800,4.351936864,LRU,0.0,0.5,14.982578176,2.175860736,0.0,2.175860736,12.008836989111572,3,17.7,0.05,0.885,1.04556564131718,1.0762338624789474
800,4.351936864,LRU,0.0,0.5,14.982578176,2.175860736,0.0,2.175860736,12.008836989111572,3,17.7,0.1,1.77,1.04556564131718,1.0762338624789474
800,4.351936864,LRU,0.0,0.5,14.982578176,2.175860736,0.0,2.175860736,12.008836989111572,3,17.7,0.2,3.54,1.04556564131718,1.0762338624789474
800,4.351936864,LRU,0.0,0.5,14.982578176,2.175860736,0.0,2.175860736,12.008836989111572,3,17.7,0.28,4.956,1.04556564131718,1.0762338624789474
800,4.351936864,LRU,0.0,0.5,14.982578176,2.175860736,0.0,2.175860736,12.008836989111572,3,17.7,0.5,8.85,1.04556564131718,1.0762338624789474
800,4.351936864,LRU,0.0,0.5,14.982578176,2.175860736,0.0,2.175860736,12.008836989111572,3,17.7,0.75,13.274999999999999,1.04556564131718,1.0762338624789474
800,4.351936864,LRU,0.0,0.5,14.982578176,2.175860736,0.0,2.175860736,12.008836989111572,3,17.7,1.0,17.7,1.04556564131718,1.0762338624789474
800,4.351936864,LRU,0.0,0.5,14.982578176,2.175860736,0.0,2.175860736,12.008836989111572,3,19.0,0.05,0.9500000000000001,1.0476081813004363,1.0762338624789474
800,4.351936864,LRU,0.0,0.5,14.982578176,2.175860736,0.0,2.175860736,12.008836989111572,3,19.0,0.1,1.9000000000000001,1.0476081813004363,1.0762338624789474
800,4.351936864,LRU,0.0,0.5,14.982578176,2.175860736,0.0,2.175860736,12.008836989111572,3,19.0,0.2,3.8000000000000003,1.0476081813004363,1.0762338624789474
800,4.351936864,LRU,0.0,0.5,14.982578176,2.175860736,0.0,2.175860736,12.008836989111572,3,19.0,0.28,5.32,1.0476081813004363,1.0762338624789474
800,4.351936864,LRU,0.0,0.5,14.982578176,2.175860736,0.0,2.175860736,12.008836989111572,3,19.0,0.5,9.5,1.0476081813004363,1.0762338624789474
800,4.351936864,LRU,0.0,0.5,14.982578176,2.175860736,0.0,2.175860736,12.008836989111572,3,19.0,0.75,14.25,1.0476081813004363,1.0762338624789474
800,4.351936864,LRU,0.0,0.5,14.982578176,2.175860736,0.0,2.175860736,12.008836989111572,3,19.0,1.0,19.0,1.0476081813004363,1.0762338624789474
800,4.351936864,LRU,0.02,0.5,13.052788736,4.105650176,0.24606583466666665,2.175860736,23.342294769010497,3,15.0,0.05,0.75,1.0042816257439153,1.1596678547410784
800,4.351936864,LRU,0.02,0.5,13.052788736,4.105650176,0.24606583466666665,2.175860736,23.342294769010497,3,15.0,0.1,1.5,1.042353422563652,1.1596678547410784
800,4.351936864,LRU,0.02,0.5,13.052788736,4.105650176,0.24606583466666665,2.175860736,23.342294769010497,3,15.0,0.2,3.0,1.062492696765623,1.1596678547410784
800,4.351936864,LRU,0.02,0.5,13.052788736,4.105650176,0.24606583466666665,2.175860736,23.342294769010497,3,15.0,0.28,4.2,1.0683905069953794,1.1596678547410784
800,4.351936864,LRU,0.02,0.5,13.052788736,4.105650176,0.24606583466666665,2.175860736,23.342294769010497,3,15.0,0.5,7.5,1.0749541882422793,1.1596678547410784
800,4.351936864,LRU,0.02,0.5,13.052788736,4.105650176,0.24606583466666665,2.175860736,23.342294769010497,3,15.0,0.75,11.25,1.0777632087613995,1.1596678547410784
800,4.351936864,LRU,0.02,0.5,13.052788736,4.105650176,0.24606583466666665,2.175860736,23.342294769010497,3,15.0,1.0,15.0,1.0791732315252516,1.1596678547410784
800,4.351936864,LRU,0.02,0.5,13.052788736,4.105650176,0.24606583466666665,2.175860736,23.342294769010497,3,17.7,0.05,0.885,1.0252369140684683,1.1596678547410784
800,4.351936864,LRU,0.02,0.5,13.052788736,4.105650176,0.24606583466666665,2.175860736,23.342294769010497,3,17.7,0.1,1.77,1.0586906134821208,1.1596678547410784
800,4.351936864,LRU,0.02,0.5,13.052788736,4.105650176,0.24606583466666665,2.175860736,23.342294769010497,3,17.7,0.2,3.54,1.0762497429380593,1.1596678547410784
800,4.351936864,LRU,0.02,0.5,13.052788736,4.105650176,0.24606583466666665,2.175860736,23.342294769010497,3,17.7,0.28,4.956,1.0813741290918395,1.1596678547410784
800,4.351936864,LRU,0.02,0.5,13.052788736,4.105650176,0.24606583466666665,2.175860736,23.342294769010497,3,17.7,0.5,8.85,1.0870676121165137,1.1596678547410784
800,4.351936864,LRU,0.02,0.5,13.052788736,4.105650176,0.24606583466666665,2.175860736,23.342294769010497,3,17.7,0.75,13.274999999999999,1.089501182192411,1.1596678547410784
800,4.351936864,LRU,0.02,0.5,13.052788736,4.105650176,0.24606583466666665,2.175860736,23.342294769010497,3,17.7,1.0,17.7,1.0907220577530865,1.1596678547410784
800,4.351936864,LRU,0.02,0.5,13.052788736,4.105650176,0.24606583466666665,2.175860736,23.342294769010497,3,19.0,0.05,0.9500000000000001,1.033433593396199,1.1596678547410784
800,4.351936864,LRU,0.02,0.5,13.052788736,4.105650176,0.24606583466666665,2.175860736,23.342294769010497,3,19.0,0.1,1.9000000000000001,1.0650357918775424,1.1596678547410784
800,4.351936864,LRU,0.02,0.5,13.052788736,4.105650176,0.24606583466666665,2.175860736,23.342294769010497,3,19.0,0.2,3.8000000000000003,1.081572937005057,1.1596678547410784
800,4.351936864,LRU,0.02,0.5,13.052788736,4.105650176,0.24606583466666665,2.175860736,23.342294769010497,3,19.0,0.28,5.32,1.086392582353222,1.1596678547410784
800,4.351936864,LRU,0.02,0.5,13.052788736,4.105650176,0.24606583466666665,2.175860736,23.342294769010497,3,19.0,0.5,9.5,1.0917440485739216,1.1596678547410784
800,4.351936864,LRU,0.02,0.5,13.052788736,4.105650176,0.24606583466666665,2.175860736,23.342294769010497,3,19.0,0.75,14.25,1.0940303287688553,1.1596678547410784
800,4.351936864,LRU,0.02,0.5,13.052788736,4.105650176,0.24606583466666665,2.175860736,23.342294769010497,3,19.0,1.0,19.0,1.0951770634973343,1.1596678547410784
800,4.351936864,LRU,0.05,0.5,13.460368042666666,3.6980708693333333,0.6543332693333334,2.175860736,20.948622812723315,3,15.0,0.05,0.75,0.8892703900251056,1.1409860466582118
800,4.351936864,LRU,0.05,0.5,13.460368042666666,3.6980708693333333,0.6543332693333334,2.175860736,20.948622812723315,3,15.0,0.1,1.5,0.9729468910427579,1.1409860466582118
800,4.351936864,LRU,0.05,0.5,13.460368042666666,3.6980708693333333,0.6543332693333334,2.175860736,20.948622812723315,3,15.0,0.2,3.0,1.0209818827088353,1.1409860466582118
800,4.351936864,LRU,0.05,0.5,13.460368042666666,3.6980708693333333,0.6543332693333334,2.175860736,20.948622812723315,3,15.0,0.28,4.2,1.0355898001241495,1.1409860466582118
800,4.351936864,LRU,0.05,0.5,13.460368042666666,3.6980708693333333,0.6543332693333334,2.175860736,20.948622812723315,3,15.0,0.5,7.5,1.0521490330429228,1.1409860466582118
800,4.351936864,LRU,0.05,0.5,13.460368042666666,3.6980708693333333,0.6543332693333334,2.175860736,20.948622812723315,3,15.0,0.75,11.25,1.0593352440959178,1.1409860466582118
800,4.351936864,LRU,0.05,0.5,13.460368042666666,3.6980708693333333,0.6543332693333334,2.175860736,20.948622812723315,3,15.0,1.0,15.0,1.0629652873011386,1.1409860466582118
800,4.351936864,LRU,0.05,0.5,13.460368042666666,3.6980708693333333,0.6543332693333334,2.175860736,20.948622812723315,3,17.7,0.05,0.885,0.920238949536634,1.1409860466582118
800,4.351936864,LRU,0.05,0.5,13.460368042666666,3.6980708693333333,0.6543332693333334,2.175860736,20.948622812723315,3,17.7,0.1,1.77,0.995307200038936,1.1409860466582118
800,4.351936864,LRU,0.05,0.5,13.460368042666666,3.6980708693333333,0.6543332693333334,2.175860736,20.948622812723315,3,17.7,0.2,3.54,1.0376293717115264,1.1409860466582118
800,4.351936864,LRU,0.05,0.5,13.460368042666666,3.6980708693333333,0.6543332693333334,2.175860736,20.948622812723315,3,17.7,0.28,4.956,1.0503906328099881,1.1409860466582118
800,4.351936864,LRU,0.05,0.5,13.460368042666666,3.6980708693333333,0.6543332693333334,2.175860736,20.948622812723315,3,17.7,0.5,8.85,1.0647955326684893,1.1409860466582118
800,4.351936864,LRU,0.05,0.5,13.460368042666666,3.6980708693333333,0.6543332693333334,2.175860736,20.948622812723315,3,17.7,0.75,13.274999999999999,1.071026763252131,1.1409860466582118
800,4.351936864,LRU,0.05,0.5,13.460368042666666,3.6980708693333333,0.6543332693333334,2.175860736,20.948622812723315,3,17.7,1.0,17.7,1.0741698078806692,1.1409860466582118
800,4.351936864,LRU,0.05,0.5,13.460368042666666,3.6980708693333333,0.6543332693333334,2.175860736,20.948622812723315,3,19.0,0.05,0.9500000000000001,0.9325839858783401,1.1409860466582118
800,4.351936864,LRU,0.05,0.5,13.460368042666666,3.6980708693333333,0.6543332693333334,2.175860736,20.948622812723315,3,19.0,0.1,1.9000000000000001,1.004078695942054,1.1409860466582118
800,4.351936864,LRU,0.05,0.5,13.460368042666666,3.6980708693333333,0.6543332693333334,2.175860736,20.948622812723315,3,19.0,0.2,3.8000000000000003,1.0441006535530928,1.1409860466582118
800,4.351936864,LRU,0.05,0.5,13.460368042666666,3.6980708693333333,0.6543332693333334,2.175860736,20.948622812723315,3,19.0,0.28,5.32,1.056128259587174,1.1409860466582118
800,4.351936864,LRU,0.05,0.5,13.460368042666666,3.6980708693333333,0.6543332693333334,2.175860736,20.948622812723315,3,19.0,0.5,9.5,1.0696827913919071,1.1409860466582118
800,4.351936864,LRU,0.05,0.5,13.460368042666666,3.6980708693333333,0.6543332693333334,2.175860736,20.948622812723315,3,19.0,0.75,14.25,1.0755388858070896,1.1409860466582118
800,4.351936864,LRU,0.05,0.5,13.460368042666666,3.6980708693333333,0.6543332693333334,2.175860736,20.948622812723315,3,19.0,1.0,19.0,1.0784910438812974,1.1409860466582118
800,4.351936864,LRU,0.1,0.5,14.240819882666665,2.9176190293333333,1.4407816533333333,2.175860736,16.365108262097305,3,15.0,0.05,0.75,0.728599662342807,1.1068427695858318
800,4.351936864,LRU,0.1,0.5,14.240819882666665,2.9176190293333333,1.4407816533333333,2.175860736,16.365108262097305,3,15.0,0.1,1.5,0.862407372409666,1.1068427695858318
800,4.351936864,LRU,0.1,0.5,14.240819882666665,2.9176190293333333,1.4407816533333333,2.175860736,16.365108262097305,3,15.0,0.2,3.0,0.9496051106847102,1.1068427695858318
800,4.351936864,LRU,0.1,0.5,14.240819882666665,2.9176190293333333,1.4407816533333333,2.175860736,16.365108262097305,3,15.0,0.28,4.2,0.9778538228509006,1.1068427695858318
800,4.351936864,LRU,0.1,0.5,14.240819882666665,2.9176190293333333,1.4407816533333333,2.175860736,16.365108262097305,3,15.0,0.5,7.5,1.0109342576507936,1.1068427695858318
800,4.351936864,LRU,0.1,0.5,14.240819882666665,2.9176190293333333,1.4407816533333333,2.175860736,16.365108262097305,3,15.0,0.75,11.25,1.0256544139159136,1.1068427695858318
800,4.351936864,LRU,0.1,0.5,14.240819882666665,2.9176190293333333,1.4407816533333333,2.175860736,16.365108262097305,3,15.0,1.0,15.0,1.0331764255195304,1.1068427695858318
800,4.351936864,LRU,0.1,0.5,14.240819882666665,2.9176190293333333,1.4407816533333333,2.175860736,16.365108262097305,3,17.7,0.05,0.885,0.7686692716595996,1.1068427695858318
800,4.351936864,LRU,0.1,0.5,14.240819882666665,2.9176190293333333,1.4407816533333333,2.175860736,16.365108262097305,3,17.7,0.1,1.77,0.8924725325454954,1.1068427695858318
800,4.351936864,LRU,0.1,0.5,14.240819882666665,2.9176190293333333,1.4407816533333333,2.175860736,16.365108262097305,3,17.7,0.2,3.54,0.9706389647197411,1.1068427695858318
800,4.351936864,LRU,0.1,0.5,14.240819882666665,2.9176190293333333,1.4407816533333333,2.175860736,16.365108262097305,3,17.7,0.28,4.956,0.9955516877245518,1.1068427695858318
800,4.351936864,LRU,0.1,0.5,14.240819882666665,2.9176190293333333,1.4407816533333333,2.175860736,16.365108262097305,3,17.7,0.5,8.85,1.024475651170813,1.1068427695858318
800,4.351936864,LRU,0.1,0.5,14.240819882666665,2.9176190293333333,1.4407816533333333,2.175860736,16.365108262097305,3,17.7,0.75,13.274999999999999,1.037260509820058,1.1068427695858318
800,4.351936864,LRU,0.1,0.5,14.240819882666665,2.9176190293333333,1.4407816533333333,2.175860736,16.365108262097305,3,17.7,1.0,17.7,1.0437733511654075,1.1068427695858318
800,4.351936864,LRU,0.1,0.5,14.240819882666665,2.9176190293333333,1.4407816533333333,2.175860736,16.365108262097305,3,19.0,0.05,0.9500000000000001,0.7850811364789033,1.1068427695858318
800,4.351936864,LRU,0.1,0.5,14.240819882666665,2.9176190293333333,1.4407816533333333,2.175860736,16.365108262097305,3,19.0,0.1,1.9000000000000001,0.9044580485153725,1.1068427695858318
800,4.351936864,LRU,0.1,0.5,14.240819882666665,2.9176190293333333,1.4407816533333333,2.175860736,16.365108262097305,3,19.0,0.2,3.8000000000000003,0.9788807796833568,1.1068427695858318
800,4.351936864,LRU,0.1,0.5,14.240819882666665,2.9176190293333333,1.4407816533333333,2.175860736,16.365108262097305,3,19.0,0.28,5.32,1.0024481457941592,1.1068427695858318
800,4.351936864,LRU,0.1,0.5,14.240819882666665,2.9176190293333333,1.4407816533333333,2.175860736,16.365108262097305,3,19.0,0.5,9.5,1.0297186076453642,1.1068427695858318
800,4.351936864,LRU,0.1,0.5,14.240819882666665,2.9176190293333333,1.4407816533333333,2.175860736,16.365108262097305,3,19.0,0.75,14.25,1.041741378981028,1.1068427695858318
800,4.351936864,LRU,0.1,0.5,14.240819882666665,2.9176190293333333,1.4407816533333333,2.175860736,16.365108262097305,3,19.0,1.0,19.0,1.0478586643344485,1.1068427695858318
800,4.351936864,LRU,0.2,0.5,14.982578176,2.175860736,3.0064093866666664,2.175860736,12.008836989111572,3,15.0,0.05,0.75,0.5405303172142896,0.7513031601576465
800,4.351936864,LRU,0.2,0.5,14.982578176,2.175860736,3.0064093866666664,2.175860736,12.008836989111572,3,15.0,0.1,1.5,0.7113992578234496,1.0762338624789474
800,4.351936864,LRU,0.2,0.5,14.982578176,2.175860736,3.0064093866666664,2.175860736,12.008836989111572,3,15.0,0.2,3.0,0.8449491884148311,1.0762338624789474
800,4.351936864,LRU,0.2,0.5,14.982578176,2.175860736,3.0064093866666664,2.175860736,12.008836989111572,3,15.0,0.28,4.2,0.8928380956396603,1.0762338624789474
800,4.351936864,LRU,0.2,0.5,14.982578176,2.175860736,3.0064093866666664,2.175860736,12.008836989111572,3,15.0,0.5,7.5,0.9522025323310003,1.0762338624789474
800,4.351936864,LRU,0.2,0.5,14.982578176,2.175860736,3.0064093866666664,2.175860736,12.008836989111572,3,15.0,0.75,11.25,0.9798416143513728,1.0762338624789474
800,4.351936864,LRU,0.2,0.5,14.982578176,2.175860736,3.0064093866666664,2.175860736,12.008836989111572,3,15.0,1.0,15.0,0.9942717153850207,1.0762338624789474
800,4.351936864,LRU,0.2,0.5,14.982578176,2.175860736,3.0064093866666664,2.175860736,12.008836989111572,3,17.7,0.05,0.885,0.5849446496355833,0.8399485623652343
800,4.351936864,LRU,0.2,0.5,14.982578176,2.175860736,3.0064093866666664,2.175860736,12.008836989111572,3,17.7,0.1,1.77,0.7501921712789731,1.0762338624789474
800,4.351936864,LRU,0.2,0.5,14.982578176,2.175860736,3.0064093866666664,2.175860736,12.008836989111572,3,17.7,0.2,3.54,0.8735867979217585,1.0762338624789474
800,4.351936864,LRU,0.2,0.5,14.982578176,2.175860736,3.0064093866666664,2.175860736,12.008836989111572,3,17.7,0.28,4.956,0.9166659114095186,1.0762338624789474
800,4.351936864,LRU,0.2,0.5,14.982578176,2.175860736,3.0064093866666664,2.175860736,12.008836989111572,3,17.7,0.5,8.85,0.9692416584937388,1.0762338624789474
800,4.351936864,LRU,0.2,0.5,14.982578176,2.175860736,3.0064093866666664,2.175860736,12.008836989111572,3,17.7,0.75,13.274999999999999,0.9934140012499035,1.0762338624789474
800,4.351936864,LRU,0.2,0.5,14.982578176,2.175860736,3.0064093866666664,2.175860736,12.008836989111572,3,17.7,1.0,17.7,1.0059580152895389,1.0762338624789474
800,4.351936864,LRU,0.2,0.5,14.982578176,2.175860736,3.0064093866666664,2.175860736,12.008836989111572,3,19.0,0.05,0.9500000000000001,0.6038035331186433,0.8793887669732667
800,4.351936864,LRU,0.2,0.5,14.982578176,2.175860736,3.0064093866666664,2.175860736,12.008836989111572,3,19.0,0.1,1.9000000000000001,0.7660712536676086,1.0762338624789474
800,4.351936864,LRU,0.2,0.5,14.982578176,2.175860736,3.0064093866666664,2.175860736,12.008836989111572,3,19.0,0.2,3.8000000000000003,0.8849882700637323,1.0762338624789474
800,4.351936864,LRU,0.2,0.5,14.982578176,2.175860736,3.0064093866666664,2.175860736,12.008836989111572,3,19.0,0.28,5.32,0.9260602893671379,1.0762338624789474
800,4.351936864,LRU,0.2,0.5,14.982578176,2.175860736,3.0064093866666664,2.175860736,12.008836989111572,3,19.0,0.5,9.5,0.9758795700088437,1.0762338624789474
800,4.351936864,LRU,0.2,0.5,14.982578176,2.175860736,3.0064093866666664,2.175860736,12.008836989111572,3,19.0,0.75,14.25,0.9986722433347754,1.0762338624789474
800,4.351936864,LRU,0.2,0.5,14.982578176,2.175860736,3.0064093866666664,2.175860736,12.008836989111572,3,19.0,1.0,19.0,1.0104725574382356,1.0762338624789474
800,4.351936864,LRU,0.35,0.5,14.982578176,2.175860736,5.291005269333333,2.175860736,12.008836989111572,3,15.0,0.05,0.75,0.3959811733107511,0.49841548248189593
800,4.351936864,LRU,0.35,0.5,14.982578176,2.175860736,5.291005269333333,2.175860736,12.008836989111572,3,15.0,0.1,1.5,0.573608543537115,0.8167700264175685
800,4.351936864,LRU,0.35,0.5,14.982578176,2.175860736,5.291005269333333,2.175860736,12.008836989111572,3,15.0,0.2,3.0,0.739460368751016,1.0762338624789474
800,4.351936864,LRU,0.35,0.5,14.982578176,2.175860736,5.291005269333333,2.175860736,12.008836989111572,3,15.0,0.28,4.2,0.8060486582692687,1.0762338624789474
800,4.351936864,LRU,0.35,0.5,14.982578176,2.175860736,5.291005269333333,2.175860736,12.008836989111572,3,15.0,0.5,7.5,0.8946700441993732,1.0762338624789474
800,4.351936864,LRU,0.35,0.5,14.982578176,2.175860736,5.291005269333333,2.175860736,12.008836989111572,3,15.0,0.75,11.25,0.9384423021878749,1.0762338624789474
800,4.351936864,LRU,0.35,0.5,14.982578176,2.175860736,5.291005269333333,2.175860736,12.008836989111572,3,15.0,1.0,15.0,0.9619748959049791,1.0762338624789474
800,4.351936864,LRU,0.35,0.5,14.982578176,2.175860736,5.291005269333333,2.175860736,12.008836989111572,3,17.7,0.05,0.885,0.43823447517871134,0.5672570951830506
800,4.351936864,LRU,0.35,0.5,14.982578176,2.175860736,5.291005269333333,2.175860736,12.008836989111572,3,17.7,0.1,1.77,0.6176073245897955,0.9089773577299114
800,4.351936864,LRU,0.35,0.5,14.982578176,2.175860736,5.291005269333333,2.175860736,12.008836989111572,3,17.7,0.2,3.54,0.7765265689786774,1.0762338624789474
800,4.351936864,LRU,0.35,0.5,14.982578176,2.175860736,5.291005269333333,2.175860736,12.008836989111572,3,17.7,0.28,4.956,0.8381456940301263,1.0762338624789474
800,4.351936864,LRU,0.35,0.5,14.982578176,2.175860736,5.291005269333333,2.175860736,12.008836989111572,3,17.7,0.5,8.85,0.9183019451051271,1.0762338624789474
800,4.351936864,LRU,0.35,0.5,14.982578176,2.175860736,5.291005269333333,2.175860736,12.008836989111572,3,17.7,0.75,13.274999999999999,0.9571353369529931,1.0762338624789474
800,4.351936864,LRU,0.35,0.5,14.982578176,2.175860736,5.291005269333333,2.175860736,12.008836989111572,3,17.7,1.0,17.7,0.9778102849650964,1.0762338624789474
800,4.351936864,LRU,0.35,0.5,14.982578176,2.175860736,5.291005269333333,2.175860736,12.008836989111572,3,19.0,0.05,0.9500000000000001,0.4567609294368077,0.5986895603230674
800,4.351936864,LRU,0.35,0.5,14.982578176,2.175860736,5.291005269333333,2.175860736,12.008836989111572,3,19.0,0.1,1.9000000000000001,0.6361556923245919,0.9497326758609747
800,4.351936864,LRU,0.35,0.5,14.982578176,2.175860736,5.291005269333333,2.175860736,12.008836989111572,3,19.0,0.2,3.8000000000000003,0.7916097005042421,1.0762338624789474
800,4.351936864,LRU,0.35,0.5,14.982578176,2.175860736,5.291005269333333,2.175860736,12.008836989111572,3,19.0,0.28,5.32,0.8510271311774226,1.0762338624789474
800,4.351936864,LRU,0.35,0.5,14.982578176,2.175860736,5.291005269333333,2.175860736,12.008836989111572,3,19.0,0.5,9.5,0.9276156196875281,1.0762338624789474
800,4.351936864,LRU,0.35,0.5,14.982578176,2.175860736,5.291005269333333,2.175860736,12.008836989111572,3,19.0,0.75,14.25,0.9644377040940151,1.0762338624789474
800,4.351936864,LRU,0.35,0.5,14.982578176,2.175860736,5.291005269333333,2.175860736,12.008836989111572,3,19.0,1.0,19.0,0.983967195819194,1.0762338624789474
800,4.351936864,LRU,0.5,0.5,14.982578176,2.175860736,7.520692906666667,2.175860736,12.008836989111572,3,15.0,0.05,0.75,0.3140231061960783,0.37516910652956104
800,4.351936864,LRU,0.5,0.5,14.982578176,2.175860736,7.520692906666667,2.175860736,12.008836989111572,3,15.0,0.1,1.5,0.4824153723815336,0.6435469973449128
800,4.351936864,LRU,0.5,0.5,14.982578176,2.175860736,7.520692906666667,2.175860736,12.008836989111572,3,15.0,0.2,3.0,0.659146190137847,1.0019038533282227
800,4.351936864,LRU,0.5,0.5,14.982578176,2.175860736,7.520692906666667,2.175860736,12.008836989111572,3,15.0,0.28,4.2,0.7362049147291113,1.0762338624789474
800,4.351936864,LRU,0.5,0.5,14.982578176,2.175860736,7.520692906666667,2.175860736,12.008836989111572,3,15.0,0.5,7.5,0.8448506542419173,1.0762338624789474
800,4.351936864,LRU,0.5,0.5,14.982578176,2.175860736,7.520692906666667,2.175860736,12.008836989111572,3,15.0,0.75,11.25,0.9012776162879927,1.0762338624789474
800,4.351936864,LRU,0.5,0.5,14.982578176,2.175860736,7.520692906666667,2.175860736,12.008836989111572,3,15.0,1.0,15.0,0.9324152864278437,1.0762338624789474
800,4.351936864,LRU,0.5,0.5,14.982578176,2.175860736,7.520692906666667,2.175860736,12.008836989111572,3,17.7,0.05,0.885,0.3520571092631113,0.43076824516774465
800,4.351936864,LRU,0.5,0.5,14.982578176,2.175860736,7.520692906666667,2.175860736,12.008836989111572,3,17.7,0.1,1.77,0.526749893094003,0.7249424669200691
800,4.351936864,LRU,0.5,0.5,14.982578176,2.175860736,7.520692906666667,2.175860736,12.008836989111572,3,17.7,0.2,3.54,0.7005611503963656,1.0762338624789474
800,4.351936864,LRU,0.5,0.5,14.982578176,2.175860736,7.520692906666667,2.175860736,12.008836989111572,3,17.7,0.28,4.956,0.7734827215507639,1.0762338624789474
800,4.351936864,LRU,0.5,0.5,14.982578176,2.175860736,7.520692906666667,2.175860736,12.008836989111572,3,17.7,0.5,8.85,0.8734975368541044,1.0762338624789474
800,4.351936864,LRU,0.5,0.5,14.982578176,2.175860736,7.520692906666667,2.175860736,12.008836989111572,3,17.7,0.75,13.274999999999999,0.9241956426107588,1.0762338624789474
800,4.351936864,LRU,0.5,0.5,14.982578176,2.175860736,7.520692906666667,2.175860736,12.008836989111572,3,17.7,1.0,17.7,0.9518175562934208,1.0762338624789474
800,4.351936864,LRU,0.5,0.5,14.982578176,2.175860736,7.520692906666667,2.175860736,12.008836989111572,3,19.0,0.05,0.9500000000000001,0.36904776981701437,0.4564830289303199
800,4.351936864,LRU,0.5,0.5,14.982578176,2.175860736,7.520692906666667,2.175860736,12.008836989111572,3,19.0,0.1,1.9000000000000001,0.5458170173866458,0.7615557711692774
800,4.351936864,LRU,0.5,0.5,14.982578176,2.175860736,7.520692906666667,2.175860736,12.008836989111572,3,19.0,0.2,3.8000000000000003,0.717702184424339,1.0762338624789474
800,4.351936864,LRU,0.5,0.5,14.982578176,2.175860736,7.520692906666667,2.175860736,12.008836989111572,3,19.0,0.28,5.32,0.7886623091704629,1.0762338624789474
800,4.351936864,LRU,0.5,0.5,14.982578176,2.175860736,7.520692906666667,2.175860736,12.008836989111572,3,19.0,0.5,9.5,0.8849029311434422,1.0762338624789474
800,4.351936864,LRU,0.5,0.5,14.982578176,2.175860736,7.520692906666667,2.175860736,12.008836989111572,3,19.0,0.75,14.25,0.9332158805876412,1.0762338624789474
800,4.351936864,LRU,0.5,0.5,14.982578176,2.175860736,7.520692906666667,2.175860736,12.008836989111572,3,19.0,1.0,19.0,0.9594061781619154,1.0762338624789474
800,4.351936864,LRU,0.75,0.5,14.982578176,2.175860736,11.261067264,2.175860736,12.008836989111572,3,15.0,0.05,0.75,0.23309198531019729,0.26517198544497195
800,4.351936864,LRU,0.75,0.5,14.982578176,2.175860736,11.261067264,2.175860736,12.008836989111572,3,15.0,0.1,1.5,0.3808451909944985,0.4746705254962521
800,4.351936864,LRU,0.75,0.5,14.982578176,2.175860736,11.261067264,2.175860736,12.008836989111572,3,15.0,0.2,3.0,0.5575589512060166,0.7846103673599917
800,4.351936864,LRU,0.75,0.5,14.982578176,2.175860736,11.261067264,2.175860736,12.008836989111572,3,15.0,0.28,4.2,0.6427730617371039,0.9645576472371142
800,4.351936864,LRU,0.75,0.5,14.982578176,2.175860736,11.261067264,2.175860736,12.008836989111572,3,15.0,0.5,7.5,0.7726730718580321,1.0762338624789474
800,4.351936864,LRU,0.75,0.5,14.982578176,2.175860736,11.261067264,2.175860736,12.008836989111572,3,15.0,0.75,11.25,0.8451316813739412,1.0762338624789474
800,4.351936864,LRU,0.75,0.5,14.982578176,2.175860736,11.261067264,2.175860736,12.008836989111572,3,15.0,1.0,15.0,0.8867078812318976,1.0762338624789474
800,4.351936864,LRU,0.75,0.5,14.982578176,2.175860736,11.261067264,2.175860736,12.008836989111572,3,17.7,0.05,0.885,0.26472821640379257,0.30689488199038983
800,4.351936864,LRU,0.75,0.5,14.982578176,2.175860736,11.261067264,2.175860736,12.008836989111572,3,17.7,0.1,1.77,0.42248649145072503,0.5411474400698363
800,4.351936864,LRU,0.75,0.5,14.982578176,2.175860736,11.261067264,2.175860736,12.008836989111572,3,17.7,0.2,3.54,0.6018006438894771,0.875146769156581
800,4.351936864,LRU,0.75,0.5,14.982578176,2.175860736,11.261067264,2.175860736,12.008836989111572,3,17.7,0.28,4.956,0.6848484519768073,1.0625155528754535
800,4.351936864,LRU,0.75,0.5,14.982578176,2.175860736,11.261067264,2.175860736,12.008836989111572,3,17.7,0.5,8.85,0.8074126942685128,1.0762338624789474
800,4.351936864,LRU,0.75,0.5,14.982578176,2.175860736,11.261067264,2.175860736,12.008836989111572,3,17.7,0.75,13.274999999999999,0.8737521095600527,1.0762338624789474
800,4.351936864,LRU,0.75,0.5,14.982578176,2.175860736,11.261067264,2.175860736,12.008836989111572,3,17.7,1.0,17.7,0.9111849343059399,1.0762338624789474
800,4.351936864,LRU,0.75,0.5,14.982578176,2.175860736,11.261067264,2.175860736,12.008836989111572,3,19.0,0.05,0.9500000000000001,0.2791287720487895,0.3264174729582814
800,4.351936864,LRU,0.75,0.5,14.982578176,2.175860736,11.261067264,2.175860736,12.008836989111572,3,19.0,0.1,1.9000000000000001,0.44080717657931373,0.571575143097965
800,4.351936864,LRU,0.75,0.5,14.982578176,2.175860736,11.261067264,2.175860736,12.008836989111572,3,19.0,0.2,3.8000000000000003,0.6205165810950248,0.9152931737991514
800,4.351936864,LRU,0.75,0.5,14.982578176,2.175860736,11.261067264,2.175860736,12.008836989111572,3,19.0,0.28,5.32,0.7023237704446466,1.0762338624789474
800,4.351936864,LRU,0.75,0.5,14.982578176,2.175860736,11.261067264,2.175860736,12.008836989111572,3,19.0,0.5,9.5,0.8214514449321628,1.0762338624789474
800,4.351936864,LRU,0.75,0.5,14.982578176,2.175860736,11.261067264,2.175860736,12.008836989111572,3,19.0,0.75,14.25,0.8851463152876571,1.0762338624789474
800,4.351936864,LRU,0.75,0.5,14.982578176,2.175860736,11.261067264,2.175860736,12.008836989111572,3,19.0,1.0,19.0,0.9208472990095012,1.0762338624789474
800,4.351936864,LRU,1.0,0.5,14.982578176,2.175860736,14.9815296,2.175860736,12.008836989111572,3,15.0,0.05,0.75,0.18553087502378954,0.20529985269078968
800,4.351936864,LRU,1.0,0.5,14.982578176,2.175860736,14.9815296,2.175860736,12.008836989111572,3,15.0,0.1,1.5,0.3148979332333313,0.3764184699187982
800,4.351936864,LRU,1.0,0.5,14.982578176,2.175860736,14.9815296,2.175860736,12.008836989111572,3,15.0,0.2,3.0,0.483447018647087,0.6453842098367749
800,4.351936864,LRU,1.0,0.5,14.982578176,2.175860736,14.9815296,2.175860736,12.008836989111572,3,15.0,0.28,4.2,0.5707275503235306,0.8109411224246804
800,4.351936864,LRU,1.0,0.5,14.982578176,2.175860736,14.9815296,2.175860736,12.008836989111572,3,15.0,0.5,7.5,0.7121558126160545,1.0762338624789474
800,4.351936864,LRU,1.0,0.5,14.982578176,2.175860736,14.9815296,2.175860736,12.008836989111572,3,15.0,0.75,11.25,0.7958192929967164,1.0762338624789474
800,4.351936864,LRU,1.0,0.5,14.982578176,2.175860736,14.9815296,2.175860736,12.008836989111572,3,15.0,1.0,15.0,0.845482593588954,1.0762338624789474
800,4.351936864,LRU,1.0,0.5,14.982578176,2.175860736,14.9815296,2.175860736,12.008836989111572,3,17.7,0.05,0.885,0.21233759292537885,0.23863687024249788
800,4.351936864,LRU,1.0,0.5,14.982578176,2.175860736,14.9815296,2.175860736,12.008836989111572,3,17.7,0.1,1.77,0.3529888237491562,0.43216397388894096
800,4.351936864,LRU,1.0,0.5,14.982578176,2.175860736,14.9815296,2.175860736,12.008836989111572,3,17.7,0.2,3.54,0.5277920811808751,0.7269179244517135
800,4.351936864,LRU,1.0,0.5,14.982578176,2.175860736,14.9815296,2.175860736,12.008836989111572,3,17.7,0.28,4.956,0.6147756400621267,0.9028568459244529
800,4.351936864,LRU,1.0,0.5,14.982578176,2.175860736,14.9815296,2.175860736,12.008836989111572,3,17.7,0.5,8.85,0.7509050694694795,1.0762338624789474
800,4.351936864,LRU,1.0,0.5,14.982578176,2.175860736,14.9815296,2.175860736,12.008836989111572,3,17.7,0.75,13.274999999999999,0.8287584428119502,1.0762338624789474
800,4.351936864,LRU,1.0,0.5,14.982578176,2.175860736,14.9815296,2.175860736,12.008836989111572,3,17.7,1.0,17.7,0.8740699592974497,1.0762338624789474
800,4.351936864,LRU,1.0,0.5,14.982578176,2.175860736,14.9815296,2.175860736,12.008836989111572,3,19.0,0.05,0.9500000000000001,0.22467727123945505,0.2543355226591983
800,4.351936864,LRU,1.0,0.5,14.982578176,2.175860736,14.9815296,2.175860736,12.008836989111572,3,19.0,0.1,1.9000000000000001,0.3700014757424579,0.45794306829521725
800,4.351936864,LRU,1.0,0.5,14.982578176,2.175860736,14.9815296,2.175860736,12.008836989111572,3,19.0,0.2,3.8000000000000003,0.5468593856641669,0.7635865303078677
800,4.351936864,LRU,1.0,0.5,14.982578176,2.175860736,14.9815296,2.175860736,12.008836989111572,3,19.0,0.28,5.32,0.6333564078782346,0.9435070648521273
800,4.351936864,LRU,1.0,0.5,14.982578176,2.175860736,14.9815296,2.175860736,12.008836989111572,3,19.0,0.5,9.5,0.7667637545882329,1.0762338624789474
800,4.351936864,LRU,1.0,0.5,14.982578176,2.175860736,14.9815296,2.175860736,12.008836989111572,3,19.0,0.75,14.25,0.8420058311448396,1.0762338624789474
800,4.351936864,LRU,1.0,0.5,14.982578176,2.175860736,14.9815296,2.175860736,12.008836989111572,3,19.0,1.0,19.0,0.8854501842124631,1.0762338624789474
800,4.351936864,LRU,0.0,0.75,13.895172096,3.263266816,0.0,3.263266816,18.395062678731566,3,15.0,0.05,0.75,1.064136676359417,1.1217087184929624
800,4.351936864,LRU,0.0,0.75,13.895172096,3.263266816,0.0,3.263266816,18.395062678731566,3,15.0,0.1,1.5,1.064136676359417,1.1217087184929624
800,4.351936864,LRU,0.0,0.75,13.895172096,3.263266816,0.0,3.263266816,18.395062678731566,3,15.0,0.2,3.0,1.064136676359417,1.1217087184929624
800,4.351936864,LRU,0.0,0.75,13.895172096,3.263266816,0.0,3.263266816,18.395062678731566,3,15.0,0.28,4.2,1.064136676359417,1.1217087184929624
800,4.351936864,LRU,0.0,0.75,13.895172096,3.263266816,0.0,3.263266816,18.395062678731566,3,15.0,0.5,7.5,1.064136676359417,1.1217087184929624
800,4.351936864,LRU,0.0,0.75,13.895172096,3.263266816,0.0,3.263266816,18.395062678731566,3,15.0,0.75,11.25,1.064136676359417,1.1217087184929624
800,4.351936864,LRU,0.0,0.75,13.895172096,3.263266816,0.0,3.263266816,18.395062678731566,3,15.0,1.0,15.0,1.064136676359417,1.1217087184929624
800,4.351936864,LRU,0.0,0.75,13.895172096,3.263266816,0.0,3.263266816,18.395062678731566,3,17.7,0.05,0.885,1.072533848262324,1.1217087184929624
800,4.351936864,LRU,0.0,0.75,13.895172096,3.263266816,0.0,3.263266816,18.395062678731566,3,17.7,0.1,1.77,1.072533848262324,1.1217087184929624
800,4.351936864,LRU,0.0,0.75,13.895172096,3.263266816,0.0,3.263266816,18.395062678731566,3,17.7,0.2,3.54,1.072533848262324,1.1217087184929624
800,4.351936864,LRU,0.0,0.75,13.895172096,3.263266816,0.0,3.263266816,18.395062678731566,3,17.7,0.28,4.956,1.072533848262324,1.1217087184929624
800,4.351936864,LRU,0.0,0.75,13.895172096,3.263266816,0.0,3.263266816,18.395062678731566,3,17.7,0.5,8.85,1.072533848262324,1.1217087184929624
800,4.351936864,LRU,0.0,0.75,13.895172096,3.263266816,0.0,3.263266816,18.395062678731566,3,17.7,0.75,13.274999999999999,1.072533848262324,1.1217087184929624
800,4.351936864,LRU,0.0,0.75,13.895172096,3.263266816,0.0,3.263266816,18.395062678731566,3,17.7,1.0,17.7,1.072533848262324,1.1217087184929624
800,4.351936864,LRU,0.0,0.75,13.895172096,3.263266816,0.0,3.263266816,18.395062678731566,3,19.0,0.05,0.9500000000000001,1.0757606220580254,1.1217087184929624
800,4.351936864,LRU,0.0,0.75,13.895172096,3.263266816,0.0,3.263266816,18.395062678731566,3,19.0,0.1,1.9000000000000001,1.0757606220580254,1.1217087184929624
800,4.351936864,LRU,0.0,0.75,13.895172096,3.263266816,0.0,3.263266816,18.395062678731566,3,19.0,0.2,3.8000000000000003,1.0757606220580254,1.1217087184929624
800,4.351936864,LRU,0.0,0.75,13.895172096,3.263266816,0.0,3.263266816,18.395062678731566,3,19.0,0.28,5.32,1.0757606220580254,1.1217087184929624
800,4.351936864,LRU,0.0,0.75,13.895172096,3.263266816,0.0,3.263266816,18.395062678731566,3,19.0,0.5,9.5,1.0757606220580254,1.1217087184929624
800,4.351936864,LRU,0.0,0.75,13.895172096,3.263266816,0.0,3.263266816,18.395062678731566,3,19.0,0.75,14.25,1.0757606220580254,1.1217087184929624
800,4.351936864,LRU,0.0,0.75,13.895172096,3.263266816,0.0,3.263266816,18.395062678731566,3,19.0,1.0,19.0,1.0757606220580254,1.1217087184929624
800,4.351936864,LRU,0.02,0.75,13.045809152,4.11262976,0.239075328,3.263266816,23.383285158399946,3,15.0,0.05,0.75,1.0065105332114055,1.1599931003119508
800,4.351936864,LRU,0.02,0.75,13.045809152,4.11262976,0.239075328,3.263266816,23.383285158399946,3,15.0,0.1,1.5,1.0436281790972566,1.1599931003119508
800,4.351936864,LRU,0.02,0.75,13.045809152,4.11262976,0.239075328,3.263266816,23.383285158399946,3,15.0,0.2,3.0,1.063232892964142,1.1599931003119508
800,4.351936864,LRU,0.02,0.75,13.045809152,4.11262976,0.239075328,3.263266816,23.383285158399946,3,15.0,0.28,4.2,1.068970255427025,1.1599931003119508
800,4.351936864,LRU,0.02,0.75,13.045809152,4.11262976,0.239075328,3.263266816,23.383285158399946,3,15.0,0.5,7.5,1.0753532979906648,1.1599931003119508
800,4.351936864,LRU,0.02,0.75,13.045809152,4.11262976,0.239075328,3.263266816,23.383285158399946,3,15.0,0.75,11.25,1.078084343608182,1.1599931003119508
800,4.351936864,LRU,0.02,0.75,13.045809152,4.11262976,0.239075328,3.263266816,23.383285158399946,3,15.0,1.0,15.0,1.0794550750028788,1.1599931003119508
800,4.351936864,LRU,0.02,0.75,13.045809152,4.11262976,0.239075328,3.263266816,23.383285158399946,3,17.7,0.05,0.885,1.0272437970216788,1.1599931003119508
800,4.351936864,LRU,0.02,0.75,13.045809152,4.11262976,0.239075328,3.263266816,23.383285158399946,3,17.7,0.1,1.77,1.0598462820203138,1.1599931003119508
800,4.351936864,LRU,0.02,0.75,13.045809152,4.11262976,0.239075328,3.263266816,23.383285158399946,3,17.7,0.2,3.54,1.0769360871511067,1.1599931003119508
800,4.351936864,LRU,0.02,0.75,13.045809152,4.11262976,0.239075328,3.263266816,23.383285158399946,3,17.7,0.28,4.956,1.0819205868063013,1.1599931003119508
800,4.351936864,LRU,0.02,0.75,13.045809152,4.11262976,0.239075328,3.263266816,23.383285158399946,3,17.7,0.5,8.85,1.087457101529423,1.1599931003119508
800,4.351936864,LRU,0.02,0.75,13.045809152,4.11262976,0.239075328,3.263266816,23.383285158399946,3,17.7,0.75,13.274999999999999,1.0898230820908614,1.1599931003119508
800,4.351936864,LRU,0.02,0.75,13.045809152,4.11262976,0.239075328,3.263266816,23.383285158399946,3,17.7,1.0,17.7,1.0910099373242377,1.1599931003119508
800,4.351936864,LRU,0.02,0.75,13.045809152,4.11262976,0.239075328,3.263266816,23.383285158399946,3,19.0,0.05,0.9500000000000001,1.0353506830997226,1.1599931003119508
800,4.351936864,LRU,0.02,0.75,13.045809152,4.11262976,0.239075328,3.263266816,23.383285158399946,3,19.0,0.1,1.9000000000000001,1.0661440606852437,1.1599931003119508
800,4.351936864,LRU,0.02,0.75,13.045809152,4.11262976,0.239075328,3.263266816,23.383285158399946,3,19.0,0.2,3.8000000000000003,1.0822380104145881,1.1599931003119508
800,4.351936864,LRU,0.02,0.75,13.045809152,4.11262976,0.239075328,3.263266816,23.383285158399946,3,19.0,0.28,5.32,1.0869259137424665,1.1599931003119508
800,4.351936864,LRU,0.02,0.75,13.045809152,4.11262976,0.239075328,3.263266816,23.383285158399946,3,19.0,0.5,9.5,1.0921297399362968,1.1599931003119508
800,4.351936864,LRU,0.02,0.75,13.045809152,4.11262976,0.239075328,3.263266816,23.383285158399946,3,19.0,0.75,14.25,1.0943525081274852,1.1599931003119508
800,4.351936864,LRU,0.02,0.75,13.045809152,4.11262976,0.239075328,3.263266816,23.383285158399946,3,19.0,1.0,19.0,1.09546728861307,1.1599931003119508
800,4.351936864,LRU,0.05,0.75,13.460690261333333,3.6977486506666666,0.6595652266666666,3.263266816,20.946730455153684,3,15.0,0.05,0.75,0.8880439752477222,1.1409715155525841
800,4.351936864,LRU,0.05,0.75,13.460690261333333,3.6977486506666666,0.6595652266666666,3.263266816,20.946730455153684,3,15.0,0.1,1.5,0.972209370746702,1.1409715155525841
800,4.351936864,LRU,0.05,0.75,13.460690261333333,3.6977486506666666,0.6595652266666666,3.263266816,20.946730455153684,3,15.0,0.2,3.0,1.0205723327245222,1.1409715155525841
800,4.351936864,LRU,0.05,0.75,13.460690261333333,3.6977486506666666,0.6595652266666666,3.263266816,20.946730455153684,3,15.0,0.28,4.2,1.0352868404686624,1.1409715155525841
800,4.351936864,LRU,0.05,0.75,13.460690261333333,3.6977486506666666,0.6595652266666666,3.263266816,20.946730455153684,3,15.0,0.5,7.5,1.0519707683722828,1.1409715155525841
800,4.351936864,LRU,0.05,0.75,13.460690261333333,3.6977486506666666,0.6595652266666666,3.263266816,20.946730455153684,3,15.0,0.75,11.25,1.0592123720258768,1.1409715155525841
800,4.351936864,LRU,0.05,0.75,13.460690261333333,3.6977486506666666,0.6595652266666666,3.263266816,20.946730455153684,3,15.0,1.0,15.0,1.0628706905397172,1.1409715155525841
800,4.351936864,LRU,0.05,0.75,13.460690261333333,3.6977486506666666,0.6595652266666666,3.263266816,20.946730455153684,3,17.7,0.05,0.885,0.9191243382366514,1.1409715155525841
800,4.351936864,LRU,0.05,0.75,13.460690261333333,3.6977486506666666,0.6595652266666666,3.263266816,20.946730455153684,3,17.7,0.1,1.77,0.9946513738711229,1.1409715155525841
800,4.351936864,LRU,0.05,0.75,13.460690261333333,3.6977486506666666,0.6595652266666666,3.263266816,20.946730455153684,3,17.7,0.2,3.54,1.0372690328467575,1.1409715155525841
800,4.351936864,LRU,0.05,0.75,13.460690261333333,3.6977486506666666,0.6595652266666666,3.263266816,20.946730455153684,3,17.7,0.28,4.956,1.0501246074816004,1.1409715155525841
800,4.351936864,LRU,0.05,0.75,13.460690261333333,3.6977486506666666,0.6595652266666666,3.263266816,20.946730455153684,3,17.7,0.5,8.85,1.0646388737656483,1.1409715155525841
800,4.351936864,LRU,0.05,0.75,13.460690261333333,3.6977486506666666,0.6595652266666666,3.263266816,20.946730455153684,3,17.7,0.75,13.274999999999999,1.070918368704416,1.1409715155525841
800,4.351936864,LRU,0.05,0.75,13.460690261333333,3.6977486506666666,0.6595652266666666,3.263266816,20.946730455153684,3,17.7,1.0,17.7,1.0740859768114415,1.1409715155525841
800,4.351936864,LRU,0.05,0.75,13.460690261333333,3.6977486506666666,0.6595652266666666,3.263266816,20.946730455153684,3,19.0,0.05,0.9500000000000001,0.9315168566993116,1.1409715155525841
800,4.351936864,LRU,0.05,0.75,13.460690261333333,3.6977486506666666,0.6595652266666666,3.263266816,20.946730455153684,3,19.0,0.1,1.9000000000000001,1.0034561324712246,1.1409715155525841
800,4.351936864,LRU,0.05,0.75,13.460690261333333,3.6977486506666666,0.6595652266666666,3.263266816,20.946730455153684,3,19.0,0.2,3.8000000000000003,1.0437599299273301,1.1409715155525841
800,4.351936864,LRU,0.05,0.75,13.460690261333333,3.6977486506666666,0.6595652266666666,3.263266816,20.946730455153684,3,19.0,0.28,5.32,1.0558768657162168,1.1409715155525841
800,4.351936864,LRU,0.05,0.75,13.460690261333333,3.6977486506666666,0.6595652266666666,3.263266816,20.946730455153684,3,19.0,0.5,9.5,1.069534633481518,1.1409715155525841
800,4.351936864,LRU,0.05,0.75,13.460690261333333,3.6977486506666666,0.6595652266666666,3.263266816,20.946730455153684,3,19.0,0.75,14.25,1.0754361711623972,1.1409715155525841
800,4.351936864,LRU,0.05,0.75,13.460690261333333,3.6977486506666666,0.6595652266666666,3.263266816,20.946730455153684,3,19.0,1.0,19.0,1.0784114304448127,1.1409715155525841
800,4.351936864,LRU,0.1,0.75,13.895172096,3.263266816,1.4121424213333333,3.263266816,18.395062678731566,3,15.0,0.05,0.75,0.7368300597691473,1.1217087184929624
800,4.351936864,LRU,0.1,0.75,13.895172096,3.263266816,1.4121424213333333,3.263266816,18.395062678731566,3,15.0,0.1,1.5,0.8707411137753274,1.1217087184929624
800,4.351936864,LRU,0.1,0.75,13.895172096,3.263266816,1.4121424213333333,3.263266816,18.395062678731566,3,15.0,0.2,3.0,0.9577737255621159,1.1217087184929624
800,4.351936864,LRU,0.1,0.75,13.895172096,3.263266816,1.4121424213333333,3.263266816,18.395062678731566,3,15.0,0.28,4.2,0.9859297205819112,1.1217087184929624
800,4.351936864,LRU,0.1,0.75,13.895172096,3.263266816,1.4121424213333333,3.263266816,18.395062678731566,3,15.0,0.5,7.5,1.0188772230855503,1.1217087184929624
800,4.351936864,LRU,0.1,0.75,13.895172096,3.263266816,1.4121424213333333,3.263266816,18.395062678731566,3,15.0,0.75,11.25,1.0335297873525973,1.1217087184929624
800,4.351936864,LRU,0.1,0.75,13.895172096,3.263266816,1.4121424213333333,3.263266816,18.395062678731566,3,15.0,1.0,15.0,1.041015253985073,1.1217087184929624
800,4.351936864,LRU,0.1,0.75,13.895172096,3.263266816,1.4121424213333333,3.263266816,18.395062678731566,3,17.7,0.05,0.885,0.7775258088097232,1.1217087184929624
800,4.351936864,LRU,0.1,0.75,13.895172096,3.263266816,1.4121424213333333,3.263266816,18.395062678731566,3,17.7,0.1,1.77,0.9015090347581076,1.1217087184929624
800,4.351936864,LRU,0.1,0.75,13.895172096,3.263266816,1.4121424213333333,3.263266816,18.395062678731566,3,17.7,0.2,3.54,0.9796129178439523,1.1217087184929624
800,4.351936864,LRU,0.1,0.75,13.895172096,3.263266816,1.4121424213333333,3.263266816,18.395062678731566,3,17.7,0.28,4.956,1.0044771211188284,1.1217087184929624
800,4.351936864,LRU,0.1,0.75,13.895172096,3.263266816,1.4121424213333333,3.263266816,18.395062678731566,3,17.7,0.5,8.85,1.033327445050627,1.1217087184929624
800,4.351936864,LRU,0.1,0.75,13.895172096,3.263266816,1.4121424213333333,3.263266816,18.395062678731566,3,17.7,0.75,13.274999999999999,1.0460738314046811,1.1217087184929624
800,4.351936864,LRU,0.1,0.75,13.895172096,3.263266816,1.4121424213333333,3.263266816,18.395062678731566,3,17.7,1.0,17.7,1.0525656791114428,1.1217087184929624
800,4.351936864,LRU,0.1,0.75,13.895172096,3.263266816,1.4121424213333333,3.263266816,18.395062678731566,3,19.0,0.05,0.9500000000000001,0.7941993750271692,1.1217087184929624
800,4.351936864,LRU,0.1,0.75,13.895172096,3.263266816,1.4121424213333333,3.263266816,18.395062678731566,3,19.0,0.1,1.9000000000000001,0.91378255689862,1.1217087184929624
800,4.351936864,LRU,0.1,0.75,13.895172096,3.263266816,1.4121424213333333,3.263266816,18.395062678731566,3,19.0,0.2,3.8000000000000003,0.9881778915203461,1.1217087184929624
800,4.351936864,LRU,0.1,0.75,13.895172096,3.263266816,1.4121424213333333,3.263266816,18.395062678731566,3,19.0,0.28,5.32,1.0117116640061572,1.1217087184929624
800,4.351936864,LRU,0.1,0.75,13.895172096,3.263266816,1.4121424213333333,3.263266816,18.395062678731566,3,19.0,0.5,9.5,1.0389283150627295,1.1217087184929624
800,4.351936864,LRU,0.1,0.75,13.895172096,3.263266816,1.4121424213333333,3.263266816,18.395062678731566,3,19.0,0.75,14.25,1.0509222757684882,1.1217087184929624
800,4.351936864,LRU,0.1,0.75,13.895172096,3.263266816,1.4121424213333333,3.263266816,18.395062678731566,3,19.0,1.0,19.0,1.0570237077111617,1.1217087184929624
800,4.351936864,LRU,0.2,0.75,13.895172096,3.263266816,2.7715065173333335,3.263266816,18.395062678731566,3,15.0,0.05,0.75,0.5685049462599892,0.7826843162200503
800,4.351936864,LRU,0.2,0.75,13.895172096,3.263266816,2.7715065173333335,3.263266816,18.395062678731566,3,15.0,0.1,1.5,0.7410897230910802,1.1217087184929624
800,4.351936864,LRU,0.2,0.75,13.895172096,3.263266816,2.7715065173333335,3.263266816,18.395062678731566,3,15.0,0.2,3.0,0.8737084224497441,1.1217087184929624
800,4.351936864,LRU,0.2,0.75,13.895172096,3.263266816,2.7715065173333335,3.263266816,18.395062678731566,3,15.0,0.28,4.2,0.9207872028792742,1.1217087184929624
800,4.351936864,LRU,0.2,0.75,13.895172096,3.263266816,2.7715065173333335,3.263266816,18.395062678731566,3,15.0,0.5,7.5,0.9788030560799459,1.1217087184929624
800,4.351936864,LRU,0.2,0.75,13.895172096,3.263266816,2.7715065173333335,3.263266816,18.395062678731566,3,15.0,0.75,11.25,1.0056851784762224,1.1217087184929624
800,4.351936864,LRU,0.2,0.75,13.895172096,3.263266816,2.7715065173333335,3.263266816,18.395062678731566,3,15.0,1.0,15.0,1.01968767298256,1.1217087184929624
800,4.351936864,LRU,0.2,0.75,13.895172096,3.263266816,2.7715065173333335,3.263266816,18.395062678731566,3,17.7,0.05,0.885,0.614753314480138,0.8731158254444592
800,4.351936864,LRU,0.2,0.75,13.895172096,3.263266816,2.7715065173333335,3.263266816,18.395062678731566,3,17.7,0.1,1.77,0.7815430030768741,1.1217087184929624
800,4.351936864,LRU,0.2,0.75,13.895172096,3.263266816,2.7715065173333335,3.263266816,18.395062678731566,3,17.7,0.2,3.54,0.9042034304749333,1.1217087184929624
800,4.351936864,LRU,0.2,0.75,13.895172096,3.263266816,2.7715065173333335,3.263266816,18.395062678731566,3,17.7,0.28,4.956,0.9466531100059142,1.1217087184929624
800,4.351936864,LRU,0.2,0.75,13.895172096,3.263266816,2.7715065173333335,3.263266816,18.395062678731566,3,17.7,0.5,8.85,0.9982020085574342,1.1217087184929624
800,4.351936864,LRU,0.2,0.75,13.895172096,3.263266816,2.7715065173333335,3.263266816,18.395062678731566,3,17.7,0.75,13.274999999999999,1.0218074254178537,1.1217087184929624
800,4.351936864,LRU,0.2,0.75,13.895172096,3.263266816,2.7715065173333335,3.263266816,18.395062678731566,3,17.7,1.0,17.7,1.034033807890423,1.1217087184929624
800,4.351936864,LRU,0.2,0.75,13.895172096,3.263266816,2.7715065173333335,3.263266816,18.395062678731566,3,19.0,0.05,0.9500000000000001,0.6343698331124624,0.9132234990539503
800,4.351936864,LRU,0.2,0.75,13.895172096,3.263266816,2.7715065173333335,3.263266816,18.395062678731566,3,19.0,0.1,1.9000000000000001,0.7981029566728287,1.1217087184929624
800,4.351936864,LRU,0.2,0.75,13.895172096,3.263266816,2.7715065173333335,3.263266816,18.395062678731566,3,19.0,0.2,3.8000000000000003,0.9163609804703172,1.1217087184929624
800,4.351936864,LRU,0.2,0.75,13.895172096,3.263266816,2.7715065173333335,3.263266816,18.395062678731566,3,19.0,0.28,5.32,0.9568704733748465,1.1217087184929624
800,4.351936864,LRU,0.2,0.75,13.895172096,3.263266816,2.7715065173333335,3.263266816,18.395062678731566,3,19.0,0.5,9.5,1.0057791050456373,1.1217087184929624
800,4.351936864,LRU,0.2,0.75,13.895172096,3.263266816,2.7715065173333335,3.263266816,18.395062678731566,3,19.0,0.75,14.25,1.0280721845016807,1.1217087184929624
800,4.351936864,LRU,0.2,0.75,13.895172096,3.263266816,2.7715065173333335,3.263266816,18.395062678731566,3,19.0,1.0,19.0,1.0395934717060291,1.1217087184929624
800,4.351936864,LRU,0.35,0.75,13.895172096,3.263266816,4.817409365333333,3.263266816,18.395062678731566,3,15.0,0.05,0.75,0.4230514958714633,0.5312273769647456
800,4.351936864,LRU,0.35,0.75,13.895172096,3.263266816,4.817409365333333,3.263266816,18.395062678731566,3,15.0,0.1,1.5,0.6054171505011796,0.8544026571791301
800,4.351936864,LRU,0.35,0.75,13.895172096,3.263266816,4.817409365333333,3.263266816,18.395062678731566,3,15.0,0.2,3.0,0.7717589980992055,1.1217087184929624
800,4.351936864,LRU,0.35,0.75,13.895172096,3.263266816,4.817409365333333,3.263266816,18.395062678731566,3,15.0,0.28,4.2,0.8375044771767924,1.1217087184929624
800,4.351936864,LRU,0.35,0.75,13.895172096,3.263266816,4.817409365333333,3.263266816,18.395062678731566,3,15.0,0.5,7.5,0.9241000900768257,1.1217087184929624
800,4.351936864,LRU,0.35,0.75,13.895172096,3.263266816,4.817409365333333,3.263266816,18.395062678731566,3,15.0,0.75,11.25,0.9664958926950235,1.1217087184929624
800,4.351936864,LRU,0.35,0.75,13.895172096,3.263266816,4.817409365333333,3.263266816,18.395062678731566,3,15.0,1.0,15.0,0.9891868162566996,1.1217087184929624
800,4.351936864,LRU,0.35,0.75,13.895172096,3.263266816,4.817409365333333,3.263266816,18.395062678731566,3,17.7,0.05,0.885,0.46746597363739373,0.6031916776949048
800,4.351936864,LRU,0.35,0.75,13.895172096,3.263266816,4.817409365333333,3.263266816,18.395062678731566,3,17.7,0.1,1.77,0.6511339449617893,0.9483734023481493
800,4.351936864,LRU,0.35,0.75,13.895172096,3.263266816,4.817409365333333,3.263266816,18.395062678731566,3,17.7,0.2,3.54,0.8103222656586402,1.1217087184929624
800,4.351936864,LRU,0.35,0.75,13.895172096,3.263266816,4.817409365333333,3.263266816,18.395062678731566,3,17.7,0.28,4.956,0.8711747178369038,1.1217087184929624
800,4.351936864,LRU,0.35,0.75,13.895172096,3.263266816,4.817409365333333,3.263266816,18.395062678731566,3,17.7,0.5,8.85,0.9496192163257332,1.1217087184929624
800,4.351936864,LRU,0.35,0.75,13.895172096,3.263266816,4.817409365333333,3.263266816,18.395062678731566,3,17.7,0.75,13.274999999999999,0.9873361485200413,1.1217087184929624
800,4.351936864,LRU,0.35,0.75,13.895172096,3.263266816,4.817409365333333,3.263266816,18.395062678731566,3,17.7,1.0,17.7,1.007340908367067,1.1217087184929624
800,4.351936864,LRU,0.35,0.75,13.895172096,3.263266816,4.817409365333333,3.263266816,18.395062678731566,3,19.0,0.05,0.9500000000000001,0.4868965306772192,0.6359384890726362
800,4.351936864,LRU,0.35,0.75,13.895172096,3.263266816,4.817409365333333,3.263266816,18.395062678731566,3,19.0,0.1,1.9000000000000001,0.6703762419061637,0.9897517958218901
800,4.351936864,LRU,0.35,0.75,13.895172096,3.263266816,4.817409365333333,3.263266816,18.395062678731566,3,19.0,0.2,3.8000000000000003,0.8260112685195404,1.1217087184929624
800,4.351936864,LRU,0.35,0.75,13.895172096,3.263266816,4.817409365333333,3.263266816,18.395062678731566,3,19.0,0.28,5.32,0.8846944988188509,1.1217087184929624
800,4.351936864,LRU,0.35,0.75,13.895172096,3.263266816,4.817409365333333,3.263266816,18.395062678731566,3,19.0,0.5,9.5,0.9596930876888076,1.1217087184929624
800,4.351936864,LRU,0.35,0.75,13.895172096,3.263266816,4.817409365333333,3.263266816,18.395062678731566,3,19.0,0.75,14.25,0.9954955746150629,1.1217087184929624
800,4.351936864,LRU,0.35,0.75,13.895172096,3.263266816,4.817409365333333,3.263266816,18.395062678731566,3,19.0,1.0,19.0,1.0144175994307503,1.1217087184929624
800,4.351936864,LRU,0.5,0.75,13.895172096,3.263266816,6.947820885333333,3.263266816,18.395062678731566,3,15.0,0.05,0.75,0.3340528406649661,0.3980585796226347
800,4.351936864,LRU,0.5,0.75,13.895172096,3.263266816,6.947820885333333,3.263266816,18.395062678731566,3,15.0,0.1,1.5,0.5084831137200405,0.6732699539872212
800,4.351936864,LRU,0.5,0.75,13.895172096,3.263266816,6.947820885333333,3.263266816,18.395062678731566,3,15.0,0.2,3.0,0.6881453915718461,1.0289802469678362
800,4.351936864,LRU,0.5,0.75,13.895172096,3.263266816,6.947820885333333,3.263266816,18.395062678731566,3,15.0,0.28,4.2,0.7654151147409312,1.1217087184929624
800,4.351936864,LRU,0.5,0.75,13.895172096,3.263266816,6.947820885333333,3.263266816,18.395062678731566,3,15.0,0.5,7.5,0.8732786579272229,1.1217087184929624
800,4.351936864,LRU,0.5,0.75,13.895172096,3.263266816,6.947820885333333,3.263266816,18.395062678731566,3,15.0,0.75,11.25,0.9288073422878318,1.1217087184929624
800,4.351936864,LRU,0.5,0.75,13.895172096,3.263266816,6.947820885333333,3.263266816,18.395062678731566,3,15.0,1.0,15.0,0.9593067961593821,1.1217087184929624
800,4.351936864,LRU,0.5,0.75,13.895172096,3.263266816,6.947820885333333,3.263266816,18.395062678731566,3,17.7,0.05,0.885,0.374127160336779,0.4562995774479119
800,4.351936864,LRU,0.5,0.75,13.895172096,3.263266816,6.947820885333333,3.263266816,18.395062678731566,3,17.7,0.1,1.77,0.5547450862784108,0.7568393114797155
800,4.351936864,LRU,0.5,0.75,13.895172096,3.263266816,6.947820885333333,3.263266816,18.395062678731566,3,17.7,0.2,3.54,0.7312610881412538,1.1217087184929624
800,4.351936864,LRU,0.5,0.75,13.895172096,3.263266816,6.947820885333333,3.263266816,18.395062678731566,3,17.7,0.28,4.956,0.8043900231849752,1.1217087184929624
800,4.351936864,LRU,0.5,0.75,13.895172096,3.263266816,6.947820885333333,3.263266816,18.395062678731566,3,17.7,0.5,8.85,0.9038133321560281,1.1217087184929624
800,4.351936864,LRU,0.5,0.75,13.895172096,3.263266816,6.947820885333333,3.263266816,18.395062678731566,3,17.7,0.75,13.274999999999999,0.9538290101804027,1.1217087184929624
800,4.351936864,LRU,0.5,0.75,13.895172096,3.263266816,6.947820885333333,3.263266816,18.395062678731566,3,17.7,1.0,17.7,0.9809717653382166,1.1217087184929624
800,4.351936864,LRU,0.5,0.75,13.895172096,3.263266816,6.947820885333333,3.263266816,18.395062678731566,3,19.0,0.05,0.9500000000000001,0.39200261942107917,0.48317160709077156
800,4.351936864,LRU,0.5,0.75,13.895172096,3.263266816,6.947820885333333,3.263266816,18.395062678731566,3,19.0,0.1,1.9000000000000001,0.5746171723061222,0.794316650025754
800,4.351936864,LRU,0.5,0.75,13.895172096,3.263266816,6.947820885333333,3.263266816,18.395062678731566,3,19.0,0.2,3.8000000000000003,0.7491018466634383,1.1217087184929624
800,4.351936864,LRU,0.5,0.75,13.895172096,3.263266816,6.947820885333333,3.263266816,18.395062678731566,3,19.0,0.28,5.32,0.8202667295448106,1.1217087184929624
800,4.351936864,LRU,0.5,0.75,13.895172096,3.263266816,6.947820885333333,3.263266816,18.395062678731566,3,19.0,0.5,9.5,0.9159877259354137,1.1217087184929624
800,4.351936864,LRU,0.5,0.75,13.895172096,3.263266816,6.947820885333333,3.263266816,18.395062678731566,3,19.0,0.75,14.25,0.9636974517143119,1.1217087184929624
800,4.351936864,LRU,0.5,0.75,13.895172096,3.263266816,6.947820885333333,3.263266816,18.395062678731566,3,19.0,1.0,19.0,0.9894658899479029,1.1217087184929624
800,4.351936864,LRU,0.75,0.75,13.895172096,3.263266816,10.407531861333334,3.263266816,18.395062678731566,3,15.0,0.05,0.75,0.24898875174255042,0.28289340513495664
800,4.351936864,LRU,0.75,0.75,13.895172096,3.263266816,10.407531861333334,3.263266816,18.395062678731566,3,15.0,0.1,1.5,0.40355331952283696,0.5008409184608181
800,4.351936864,LRU,0.75,0.75,13.895172096,3.263266816,10.407531861333334,3.263266816,18.395062678731566,3,15.0,0.2,3.0,0.5851860943055623,0.8146554693450249
800,4.351936864,LRU,0.75,0.75,13.895172096,3.263266816,10.407531861333334,3.263266816,18.395062678731566,3,15.0,0.28,4.2,0.6715434571219294,0.9922981962819639
800,4.351936864,LRU,0.75,0.75,13.895172096,3.263266816,10.407531861333334,3.263266816,18.395062678731566,3,15.0,0.5,7.5,0.8016799437601941,1.1217087184929624
800,4.351936864,LRU,0.75,0.75,13.895172096,3.263266816,10.407531861333334,3.263266816,18.395062678731566,3,15.0,0.75,11.25,0.8734921118525927,1.1217087184929624
800,4.351936864,LRU,0.75,0.75,13.895172096,3.263266816,10.407531861333334,3.263266816,18.395062678731566,3,15.0,1.0,15.0,0.9144489567279,1.1217087184929624
800,4.351936864,LRU,0.75,0.75,13.895172096,3.263266816,10.407531861333334,3.263266816,18.395062678731566,3,17.7,0.05,0.885,0.2825186676315059,0.32698505069488937
800,4.351936864,LRU,0.75,0.75,13.895172096,3.263266816,10.407531861333334,3.263266816,18.395062678731566,3,17.7,0.1,1.77,0.4472311297852382,0.5699191048780964
800,4.351936864,LRU,0.75,0.75,13.895172096,3.263266816,10.407531861333334,3.263266816,18.395062678731566,3,17.7,0.2,3.54,0.6312430298367577,0.9067575881338458
800,4.351936864,LRU,0.75,0.75,13.895172096,3.263266816,10.407531861333334,3.263266816,18.395062678731566,3,17.7,0.28,4.956,0.7153351727698226,1.0909875374768927
800,4.351936864,LRU,0.75,0.75,13.895172096,3.263266816,10.407531861333334,3.263266816,18.395062678731566,3,17.7,0.5,8.85,0.8381574412465783,1.1217087184929624
800,4.351936864,LRU,0.75,0.75,13.895172096,3.263266816,10.407531861333334,3.263266816,18.395062678731566,3,17.7,0.75,13.274999999999999,0.9040070907100607,1.1217087184929624
800,4.351936864,LRU,0.75,0.75,13.895172096,3.263266816,10.407531861333334,3.263266816,18.395062678731566,3,17.7,1.0,17.7,0.9409706642258777,1.1217087184929624
800,4.351936864,LRU,0.75,0.75,13.895172096,3.263266816,10.407531861333334,3.263266816,18.395062678731566,3,19.0,0.05,0.9500000000000001,0.29776049579972097,0.34757721675744574
800,4.351936864,LRU,0.75,0.75,13.895172096,3.263266816,10.407531861333334,3.263266816,18.395062678731566,3,19.0,0.1,1.9000000000000001,0.4664202275759824,0.6014516549643381
800,4.351936864,LRU,0.75,0.75,13.895172096,3.263266816,10.407531861333334,3.263266816,18.395062678731566,3,19.0,0.2,3.8000000000000003,0.6507103421452316,0.9474750474503313
800,4.351936864,LRU,0.75,0.75,13.895172096,3.263266816,10.407531861333334,3.263266816,18.395062678731566,3,19.0,0.28,5.32,0.7335173323228251,1.1217087184929624
800,4.351936864,LRU,0.75,0.75,13.895172096,3.263266816,10.407531861333334,3.263266816,18.395062678731566,3,19.0,0.5,9.5,0.8529092090344523,1.1217087184929624
800,4.351936864,LRU,0.75,0.75,13.895172096,3.263266816,10.407531861333334,3.263266816,18.395062678731566,3,19.0,0.75,14.25,0.9161731205737701,1.1217087184929624
800,4.351936864,LRU,0.75,0.75,13.895172096,3.263266816,10.407531861333334,3.263266816,18.395062678731566,3,19.0,1.0,19.0,0.9514600440970205,1.1217087184929624
800,4.351936864,LRU,1.0,0.75,13.895172096,3.263266816,13.89412352,3.263266816,18.395062678731566,3,15.0,0.05,0.75,0.19814147065580817,0.2190314823046237
800,4.351936864,LRU,1.0,0.75,13.895172096,3.263266816,13.89412352,3.263266816,18.395062678731566,3,15.0,0.1,1.5,0.33407788375519665,0.3980941392987077
800,4.351936864,LRU,1.0,0.75,13.895172096,3.263266816,13.89412352,3.263266816,18.395062678731566,3,15.0,0.2,3.0,0.5085121253998406,0.6733208174944606
800,4.351936864,LRU,1.0,0.75,13.895172096,3.263266816,13.89412352,3.263266816,18.395062678731566,3,15.0,0.28,4.2,0.5976742760423182,0.8390621521994746
800,4.351936864,LRU,1.0,0.75,13.895172096,3.263266816,13.89412352,3.263266816,18.395062678731566,3,15.0,0.5,7.5,0.7404961439681208,1.1217087184929624
800,4.351936864,LRU,1.0,0.75,13.895172096,3.263266816,13.89412352,3.263266816,18.395062678731566,3,15.0,0.75,11.25,0.8240352943056832,1.1217087184929624
800,4.351936864,LRU,1.0,0.75,13.895172096,3.263266816,13.89412352,3.263266816,18.395062678731566,3,15.0,1.0,15.0,0.873295771442505,1.1217087184929624
800,4.351936864,LRU,1.0,0.75,13.895172096,3.263266816,13.89412352,3.263266816,18.395062678731566,3,17.7,0.05,0.885,0.22660197683462363,0.25434427381991087
800,4.351936864,LRU,1.0,0.75,13.895172096,3.263266816,13.89412352,3.263266816,18.395062678731566,3,17.7,0.1,1.77,0.374153780602813,0.4563391761395158
800,4.351936864,LRU,1.0,0.75,13.895172096,3.263266816,13.89412352,3.263266816,18.395062678731566,3,17.7,0.2,3.54,0.5547743495486013,0.7568937807602533
800,4.351936864,LRU,1.0,0.75,13.895172096,3.263266816,13.89412352,3.263266816,18.395062678731566,3,17.7,0.28,4.956,0.6435351705735408,0.9323389504086969
800,4.351936864,LRU,1.0,0.75,13.895172096,3.263266816,13.89412352,3.263266816,18.395062678731566,3,17.7,0.5,8.85,0.7809835060802682,1.1217087184929624
800,4.351936864,LRU,1.0,0.75,13.895172096,3.263266816,13.89412352,3.263266816,18.395062678731566,3,17.7,0.75,13.274999999999999,0.8588003290509454,1.1217087184929624
800,4.351936864,LRU,1.0,0.75,13.895172096,3.263266816,13.89412352,3.263266816,18.395062678731566,3,17.7,1.0,17.7,0.9038288670383279,1.1217087184929624
800,4.351936864,LRU,1.0,0.75,13.895172096,3.263266816,13.89412352,3.263266816,18.395062678731566,3,19.0,0.05,0.9500000000000001,0.23968873596730972,0.27094894251285795
800,4.351936864,LRU,1.0,0.75,13.895172096,3.263266816,13.89412352,3.263266816,18.395062678731566,3,19.0,0.1,1.9000000000000001,0.3920298446023931,0.4832129691992177
800,4.351936864,LRU,1.0,0.75,13.895172096,3.263266816,13.89412352,3.263266816,18.395062678731566,3,19.0,0.2,3.8000000000000003,0.5746464213714655,0.7943725421448585
800,4.351936864,LRU,1.0,0.75,13.895172096,3.263266816,13.89412352,3.263266816,18.395062678731566,3,19.0,0.28,5.32,0.6628692306545187,0.9734748976111102
800,4.351936864,LRU,1.0,0.75,13.895172096,3.263266816,13.89412352,3.263266816,18.395062678731566,3,19.0,0.5,9.5,0.7975594002378965,1.1217087184929624
800,4.351936864,LRU,1.0,0.75,13.895172096,3.263266816,13.89412352,3.263266816,18.395062678731566,3,19.0,0.75,14.25,0.8727970849194288,1.1217087184929624
800,4.351936864,LRU,1.0,0.75,13.895172096,3.263266816,13.89412352,3.263266816,18.395062678731566,3,19.0,1.0,19.0,0.9160025903920143,1.1217087184929624
800,4.351936864,LRU,0.0,1.0,12.80671744,4.351721472,0.0,4.351721472,24.787446548917124,3,15.0,0.05,0.75,1.0891927203710106,1.17124590657051
800,4.351936864,LRU,0.0,1.0,12.80671744,4.351721472,0.0,4.351721472,24.787446548917124,3,15.0,0.1,1.5,1.0891927203710106,1.17124590657051
800,4.351936864,LRU,0.0,1.0,12.80671744,4.351721472,0.0,4.351721472,24.787446548917124,3,15.0,0.2,3.0,1.0891927203710106,1.17124590657051
800,4.351936864,LRU,0.0,1.0,12.80671744,4.351721472,0.0,4.351721472,24.787446548917124,3,15.0,0.28,4.2,1.0891927203710106,1.17124590657051
800,4.351936864,LRU,0.0,1.0,12.80671744,4.351721472,0.0,4.351721472,24.787446548917124,3,15.0,0.5,7.5,1.0891927203710106,1.17124590657051
800,4.351936864,LRU,0.0,1.0,12.80671744,4.351721472,0.0,4.351721472,24.787446548917124,3,15.0,0.75,11.25,1.0891927203710106,1.17124590657051
800,4.351936864,LRU,0.0,1.0,12.80671744,4.351721472,0.0,4.351721472,24.787446548917124,3,15.0,1.0,15.0,1.0891927203710106,1.17124590657051
800,4.351936864,LRU,0.0,1.0,12.80671744,4.351721472,0.0,4.351721472,24.787446548917124,3,17.7,0.05,0.885,1.1009581741423198,1.17124590657051
800,4.351936864,LRU,0.0,1.0,12.80671744,4.351721472,0.0,4.351721472,24.787446548917124,3,17.7,0.1,1.77,1.1009581741423198,1.17124590657051
800,4.351936864,LRU,0.0,1.0,12.80671744,4.351721472,0.0,4.351721472,24.787446548917124,3,17.7,0.2,3.54,1.1009581741423198,1.17124590657051
800,4.351936864,LRU,0.0,1.0,12.80671744,4.351721472,0.0,4.351721472,24.787446548917124,3,17.7,0.28,4.956,1.1009581741423198,1.17124590657051
800,4.351936864,LRU,0.0,1.0,12.80671744,4.351721472,0.0,4.351721472,24.787446548917124,3,17.7,0.5,8.85,1.1009581741423198,1.17124590657051
800,4.351936864,LRU,0.0,1.0,12.80671744,4.351721472,0.0,4.351721472,24.787446548917124,3,17.7,0.75,13.274999999999999,1.1009581741423198,1.17124590657051
800,4.351936864,LRU,0.0,1.0,12.80671744,4.351721472,0.0,4.351721472,24.787446548917124,3,17.7,1.0,17.7,1.1009581741423198,1.17124590657051
800,4.351936864,LRU,0.0,1.0,12.80671744,4.351721472,0.0,4.351721472,24.787446548917124,3,19.0,0.05,0.9500000000000001,1.105497369890095,1.17124590657051
800,4.351936864,LRU,0.0,1.0,12.80671744,4.351721472,0.0,4.351721472,24.787446548917124,3,19.0,0.1,1.9000000000000001,1.105497369890095,1.17124590657051
800,4.351936864,LRU,0.0,1.0,12.80671744,4.351721472,0.0,4.351721472,24.787446548917124,3,19.0,0.2,3.8000000000000003,1.105497369890095,1.17124590657051
800,4.351936864,LRU,0.0,1.0,12.80671744,4.351721472,0.0,4.351721472,24.787446548917124,3,19.0,0.28,5.32,1.105497369890095,1.17124590657051
800,4.351936864,LRU,0.0,1.0,12.80671744,4.351721472,0.0,4.351721472,24.787446548917124,3,19.0,0.5,9.5,1.105497369890095,1.17124590657051
800,4.351936864,LRU,0.0,1.0,12.80671744,4.351721472,0.0,4.351721472,24.787446548917124,3,19.0,0.75,14.25,1.105497369890095,1.17124590657051
800,4.351936864,LRU,0.0,1.0,12.80671744,4.351721472,0.0,4.351721472,24.787446548917124,3,19.0,1.0,19.0,1.105497369890095,1.17124590657051
800,4.351936864,LRU,0.02,1.0,12.806537216,4.351901696,1.0922666666666666e-05,4.351721472,24.788504986201833,3,15.0,0.05,0.75,1.089193136333985,1.171254471125458
800,4.351936864,LRU,0.02,1.0,12.806537216,4.351901696,1.0922666666666666e-05,4.351721472,24.788504986201833,3,15.0,0.1,1.5,1.0891950515632907,1.171254471125458
800,4.351936864,LRU,0.02,1.0,12.806537216,4.351901696,1.0922666666666666e-05,4.351721472,24.788504986201833,3,15.0,0.2,3.0,1.089196009180469,1.171254471125458
800,4.351936864,LRU,0.02,1.0,12.806537216,4.351901696,1.0922666666666666e-05,4.351721472,24.788504986201833,3,15.0,0.28,4.2,1.0891962827856867,1.171254471125458
800,4.351936864,LRU,0.02,1.0,12.806537216,4.351901696,1.0922666666666666e-05,4.351721472,24.788504986201833,3,15.0,0.5,7.5,1.089196583751585,1.171254471125458
800,4.351936864,LRU,0.02,1.0,12.806537216,4.351901696,1.0922666666666666e-05,4.351721472,24.788504986201833,3,15.0,0.75,11.25,1.0891967114341372,1.171254471125458
800,4.351936864,LRU,0.02,1.0,12.806537216,4.351901696,1.0922666666666666e-05,4.351721472,24.788504986201833,3,15.0,1.0,15.0,1.0891967752754248,1.171254471125458
800,4.351936864,LRU,0.02,1.0,12.806537216,4.351901696,1.0922666666666666e-05,4.351721472,24.788504986201833,3,17.7,0.05,0.885,1.1009596886622581,1.171254471125458
800,4.351936864,LRU,0.02,1.0,12.806537216,4.351901696,1.0922666666666666e-05,4.351721472,24.788504986201833,3,17.7,0.1,1.77,1.1009613469951132,1.171254471125458
800,4.351936864,LRU,0.02,1.0,12.806537216,4.351901696,1.0922666666666666e-05,4.351721472,24.788504986201833,3,17.7,0.2,3.54,1.1009621761634143,1.171254471125458
800,4.351936864,LRU,0.02,1.0,12.806537216,4.351901696,1.0922666666666666e-05,4.351721472,24.788504986201833,3,17.7,0.28,4.956,1.1009624130688727,1.171254471125458
800,4.351936864,LRU,0.02,1.0,12.806537216,4.351901696,1.0922666666666666e-05,4.351721472,24.788504986201833,3,17.7,0.5,8.85,1.1009626736649942,1.171254471125458
800,4.351936864,LRU,0.02,1.0,12.806537216,4.351901696,1.0922666666666666e-05,4.351721472,24.788504986201833,3,17.7,0.75,13.274999999999999,1.100962784220962,1.171254471125458
800,4.351936864,LRU,0.02,1.0,12.806537216,4.351901696,1.0922666666666666e-05,4.351721472,24.788504986201833,3,17.7,1.0,17.7,1.1009628394989543,1.171254471125458
800,4.351936864,LRU,0.02,1.0,12.806537216,4.351901696,1.0922666666666666e-05,4.351721472,24.788504986201833,3,19.0,0.05,0.9500000000000001,1.1054993144927647,1.171254471125458
800,4.351936864,LRU,0.02,1.0,12.806537216,4.351901696,1.0922666666666666e-05,4.351721472,24.788504986201833,3,19.0,0.1,1.9000000000000001,1.1055008721268715,1.171254471125458
800,4.351936864,LRU,0.02,1.0,12.806537216,4.351901696,1.0922666666666666e-05,4.351721472,24.788504986201833,3,19.0,0.2,3.8000000000000003,1.105501650945571,1.171254471125458
800,4.351936864,LRU,0.02,1.0,12.806537216,4.351901696,1.0922666666666666e-05,4.351721472,24.788504986201833,3,19.0,0.28,5.32,1.1055018734654007,1.171254471125458
800,4.351936864,LRU,0.02,1.0,12.806537216,4.351901696,1.0922666666666666e-05,4.351721472,24.788504986201833,3,19.0,0.5,9.5,1.1055021182373173,1.171254471125458
800,4.351936864,LRU,0.02,1.0,12.806537216,4.351901696,1.0922666666666666e-05,4.351721472,24.788504986201833,3,19.0,0.75,14.25,1.1055022220799813,1.171254471125458
800,4.351936864,LRU,0.02,1.0,12.806537216,4.351901696,1.0922666666666666e-05,4.351721472,24.788504986201833,3,19.0,1.0,19.0,1.1055022740013205,1.171254471125458
800,4.351936864,LRU,0.05,1.0,12.806520832,4.35191808,1.0922666666666666e-05,4.351721472,24.788601207773166,3,15.0,0.05,0.75,1.08919352237185,1.1712552497275734
800,4.351936864,LRU,0.05,1.0,12.806520832,4.35191808,1.0922666666666666e-05,4.351721472,24.788601207773166,3,15.0,0.1,1.5,1.0891954376025135,1.1712552497275734
800,4.351936864,LRU,0.05,1.0,12.806520832,4.35191808,1.0922666666666666e-05,4.351721472,24.788601207773166,3,15.0,0.2,3.0,1.0891963952203707,1.1712552497275734
800,4.351936864,LRU,0.05,1.0,12.806520832,4.35191808,1.0922666666666666e-05,4.351721472,24.788601207773166,3,15.0,0.28,4.2,1.0891966688257821,1.1712552497275734
800,4.351936864,LRU,0.05,1.0,12.806520832,4.35191808,1.0922666666666666e-05,4.351721472,24.788601207773166,3,15.0,0.5,7.5,1.0891969697918935,1.1712552497275734
800,4.351936864,LRU,0.05,1.0,12.806520832,4.35191808,1.0922666666666666e-05,4.351721472,24.788601207773166,3,15.0,0.75,11.25,1.0891970974745366,1.1712552497275734
800,4.351936864,LRU,0.05,1.0,12.806520832,4.35191808,1.0922666666666666e-05,4.351721472,24.788601207773166,3,15.0,1.0,15.0,1.089197161315869,1.1712552497275734
800,4.351936864,LRU,0.05,1.0,12.806520832,4.35191808,1.0922666666666666e-05,4.351721472,24.788601207773166,3,17.7,0.05,0.885,1.100960127860864,1.1712552497275734
800,4.351936864,LRU,0.05,1.0,12.806520832,4.35191808,1.0922666666666666e-05,4.351721472,24.788601207773166,3,17.7,0.1,1.77,1.1009617861950423,1.1712552497275734
800,4.351936864,LRU,0.05,1.0,12.806520832,4.35191808,1.0922666666666666e-05,4.351721472,24.788601207773166,3,17.7,0.2,3.54,1.1009626153640049,1.1712552497275734
800,4.351936864,LRU,0.05,1.0,12.806520832,4.35191808,1.0922666666666666e-05,4.351721472,24.788601207773166,3,17.7,0.28,4.956,1.100962852269652,1.1712552497275734
800,4.351936864,LRU,0.05,1.0,12.806520832,4.35191808,1.0922666666666666e-05,4.351721472,24.788601207773166,3,17.7,0.5,8.85,1.100963112865982,1.1712552497275734
800,4.351936864,LRU,0.05,1.0,12.806520832,4.35191808,1.0922666666666666e-05,4.351721472,24.788601207773166,3,17.7,0.75,13.274999999999999,1.100963223422038,1.1712552497275734
800,4.351936864,LRU,0.05,1.0,12.806520832,4.35191808,1.0922666666666666e-05,4.351721472,24.788601207773166,3,17.7,1.0,17.7,1.100963278700074,1.1712552497275734
800,4.351936864,LRU,0.05,1.0,12.806520832,4.35191808,1.0922666666666666e-05,4.351721472,24.788601207773166,3,19.0,0.05,0.9500000000000001,1.1054997744811301,1.1712552497275734
800,4.351936864,LRU,0.05,1.0,12.806520832,4.35191808,1.0922666666666666e-05,4.351721472,24.788601207773166,3,19.0,0.1,1.9000000000000001,1.1055013321165332,1.1712552497275734
800,4.351936864,LRU,0.05,1.0,12.806520832,4.35191808,1.0922666666666666e-05,4.351721472,24.788601207773166,3,19.0,0.2,3.8000000000000003,1.1055021109358807,1.1712552497275734
800,4.351936864,LRU,0.05,1.0,12.806520832,4.35191808,1.0922666666666666e-05,4.351721472,24.788601207773166,3,19.0,0.28,5.32,1.1055023334558958,1.1712552497275734
800,4.351936864,LRU,0.05,1.0,12.806520832,4.35191808,1.0922666666666666e-05,4.351721472,24.788601207773166,3,19.0,0.5,9.5,1.105502578228016,1.1712552497275734
800,4.351936864,LRU,0.05,1.0,12.806520832,4.35191808,1.0922666666666666e-05,4.351721472,24.788601207773166,3,19.0,0.75,14.25,1.1055026820707665,1.1712552497275734
800,4.351936864,LRU,0.05,1.0,12.806520832,4.35191808,1.0922666666666666e-05,4.351721472,24.788601207773166,3,19.0,1.0,19.0,1.1055027339921488,1.1712552497275734
800,4.351936864,LRU,0.1,1.0,12.806542677333335,4.351896234666667,3.822933333333334e-05,4.351721472,24.788472912344705,3,15.0,0.05,0.75,1.0891834316115225,1.1712542115916496
800,4.351936864,LRU,0.1,1.0,12.806542677333335,4.351896234666667,3.822933333333334e-05,4.351721472,24.788472912344705,3,15.0,0.1,1.5,1.0891901348241069,1.1712542115916496
800,4.351936864,LRU,0.1,1.0,12.806542677333335,4.351896234666667,3.822933333333334e-05,4.351721472,24.788472912344705,3,15.0,0.2,3.0,1.0891934864613393,1.1712542115916496
800,4.351936864,LRU,0.1,1.0,12.806542677333335,4.351896234666667,3.822933333333334e-05,4.351721472,24.788472912344705,3,15.0,0.28,4.2,1.089194444075766,1.1712542115916496
800,4.351936864,LRU,0.1,1.0,12.806542677333335,4.351896234666667,3.822933333333334e-05,4.351721472,24.788472912344705,3,15.0,0.5,7.5,1.08919549745358,1.1712542115916496
800,4.351936864,LRU,0.1,1.0,12.806542677333335,4.351896234666667,3.822933333333334e-05,4.351721472,24.788472912344705,3,15.0,0.75,11.25,1.0891959443417532,1.1712542115916496
800,4.351936864,LRU,0.1,1.0,12.806542677333335,4.351896234666667,3.822933333333334e-05,4.351721472,24.788472912344705,3,15.0,1.0,15.0,1.089196167785977,1.1712542115916496
800,4.351936864,LRU,0.1,1.0,12.806542677333335,4.351896234666667,3.822933333333334e-05,4.351721472,24.788472912344705,3,17.7,0.05,0.885,1.1009512506756656,1.1712542115916496
800,4.351936864,LRU,0.1,1.0,12.806542677333335,4.351896234666667,3.822933333333334e-05,4.351721472,24.788472912344705,3,17.7,0.1,1.77,1.1009570547735463,1.1712542115916496
800,4.351936864,LRU,0.1,1.0,12.806542677333335,4.351896234666667,3.822933333333334e-05,4.351721472,24.788472912344705,3,17.7,0.2,3.54,1.1009599568454358,1.1712542115916496
800,4.351936864,LRU,0.1,1.0,12.806542677333335,4.351896234666667,3.822933333333334e-05,4.351721472,24.788472912344705,3,17.7,0.28,4.956,1.100960786011643,1.1712542115916496
800,4.351936864,LRU,0.1,1.0,12.806542677333335,4.351896234666667,3.822933333333334e-05,4.351721472,24.788472912344705,3,17.7,0.5,8.85,1.1009616980959134,1.1712542115916496
800,4.351936864,LRU,0.1,1.0,12.806542677333335,4.351896234666667,3.822933333333334e-05,4.351721472,24.788472912344705,3,17.7,0.75,13.274999999999999,1.1009620850412116,1.1712542115916496
800,4.351936864,LRU,0.1,1.0,12.806542677333335,4.351896234666667,3.822933333333334e-05,4.351721472,24.788472912344705,3,17.7,1.0,17.7,1.1009622785139632,1.1712542115916496
800,4.351936864,LRU,0.1,1.0,12.806542677333335,4.351896234666667,3.822933333333334e-05,4.351721472,24.788472912344705,3,19.0,0.05,0.9500000000000001,1.1054913730608609,1.1712542115916496
800,4.351936864,LRU,0.1,1.0,12.806542677333335,4.351896234666667,3.822933333333334e-05,4.351721472,24.788472912344705,3,19.0,0.1,1.9000000000000001,1.1054968247211125,1.1712542115916496
800,4.351936864,LRU,0.1,1.0,12.806542677333335,4.351896234666667,3.822933333333334e-05,4.351721472,24.788472912344705,3,19.0,0.2,3.8000000000000003,1.1054995505714016,1.1712542115916496
800,4.351936864,LRU,0.1,1.0,12.806542677333335,4.351896234666667,3.822933333333334e-05,4.351721472,24.788472912344705,3,19.0,0.28,5.32,1.1055003293882388,1.1712542115916496
800,4.351936864,LRU,0.1,1.0,12.806542677333335,4.351896234666667,3.822933333333334e-05,4.351721472,24.788472912344705,3,19.0,0.5,9.5,1.1055011860880277,1.1712542115916496
800,4.351936864,LRU,0.1,1.0,12.806542677333335,4.351896234666667,3.822933333333334e-05,4.351721472,24.788472912344705,3,19.0,0.75,14.25,1.1055015495368237,1.1712542115916496
800,4.351936864,LRU,0.1,1.0,12.806542677333335,4.351896234666667,3.822933333333334e-05,4.351721472,24.788472912344705,3,19.0,1.0,19.0,1.1055017312613116,1.1712542115916496
800,4.351936864,LRU,0.2,1.0,12.806548138666667,4.351890773333333,7.099733333333333e-05,4.351721472,24.788440838487602,3,15.0,0.05,0.75,1.089171811907684,1.1712539520579563
800,4.351936864,LRU,0.2,1.0,12.806548138666667,4.351890773333333,7.099733333333333e-05,4.351721472,24.788440838487602,3,15.0,0.1,1.5,1.0891842605311082,1.1712539520579563
800,4.351936864,LRU,0.2,1.0,12.806548138666667,4.351890773333333,7.099733333333333e-05,4.351721472,24.788440838487602,3,15.0,0.2,3.0,1.0891904849495315,1.1712539520579563
800,4.351936864,LRU,0.2,1.0,12.806548138666667,4.351890773333333,7.099733333333333e-05,4.351721472,24.788440838487602,3,15.0,0.28,4.2,1.0891922633678621,1.1712539520579563
800,4.351936864,LRU,0.2,1.0,12.806548138666667,4.351890773333333,7.099733333333333e-05,4.351721472,24.788440838487602,3,15.0,0.5,7.5,1.0891942196347337,1.1712539520579563
800,4.351936864,LRU,0.2,1.0,12.806548138666667,4.351890773333333,7.099733333333333e-05,4.351721472,24.788440838487602,3,15.0,0.75,11.25,1.0891950495682567,1.1712539520579563
800,4.351936864,LRU,0.2,1.0,12.806548138666667,4.351890773333333,7.099733333333333e-05,4.351721472,24.788440838487602,3,15.0,1.0,15.0,1.0891954645354927,1.1712539520579563
800,4.351936864,LRU,0.2,1.0,12.806548138666667,4.351890773333333,7.099733333333333e-05,4.351721472,24.788440838487602,3,17.7,0.05,0.885,1.1009411545413919,1.1712539520579563
800,4.351936864,LRU,0.2,1.0,12.806548138666667,4.351890773333333,7.099733333333333e-05,4.351721472,24.788440838487602,3,17.7,0.1,1.77,1.1009519334313251,1.1712539520579563
800,4.351936864,LRU,0.2,1.0,12.806548138666667,4.351890773333333,7.099733333333333e-05,4.351721472,24.788440838487602,3,17.7,0.2,3.54,1.1009573229554412,1.1712539520579563
800,4.351936864,LRU,0.2,1.0,12.806548138666667,4.351890773333333,7.099733333333333e-05,4.351721472,24.788440838487602,3,17.7,0.28,4.956,1.1009588628291664,1.1712539520579563
800,4.351936864,LRU,0.2,1.0,12.806548138666667,4.351890773333333,7.099733333333333e-05,4.351721472,24.788440838487602,3,17.7,0.5,8.85,1.100960556695239,1.1712539520579563
800,4.351936864,LRU,0.2,1.0,12.806548138666667,4.351890773333333,7.099733333333333e-05,4.351721472,24.788440838487602,3,17.7,0.75,13.274999999999999,1.1009612753066627,1.1712539520579563
800,4.351936864,LRU,0.2,1.0,12.806548138666667,4.351890773333333,7.099733333333333e-05,4.351721472,24.788440838487602,3,17.7,1.0,17.7,1.1009616346127262,1.1712539520579563
800,4.351936864,LRU,0.2,1.0,12.806548138666667,4.351890773333333,7.099733333333333e-05,4.351721472,24.788440838487602,3,19.0,0.05,0.9500000000000001,1.1054818741580916,1.1712539520579563
800,4.351936864,LRU,0.2,1.0,12.806548138666667,4.351890773333333,7.099733333333333e-05,4.351721472,24.788440838487602,3,19.0,0.1,1.9000000000000001,1.1054919985387934,1.1712539520579563
800,4.351936864,LRU,0.2,1.0,12.806548138666667,4.351890773333333,7.099733333333333e-05,4.351721472,24.788440838487602,3,19.0,0.2,3.8000000000000003,1.1054970607986863,1.1712539520579563
800,4.351936864,LRU,0.2,1.0,12.806548138666667,4.351890773333333,7.099733333333333e-05,4.351721472,24.788440838487602,3,19.0,0.28,5.32,1.1054985071671712,1.1712539520579563
800,4.351936864,LRU,0.2,1.0,12.806548138666667,4.351890773333333,7.099733333333333e-05,4.351721472,24.788440838487602,3,19.0,0.5,9.5,1.105500098176876,1.1712539520579563
800,4.351936864,LRU,0.2,1.0,12.806548138666667,4.351890773333333,7.099733333333333e-05,4.351721472,24.788440838487602,3,19.0,0.75,14.25,1.1055007731520738,1.1712539520579563
800,4.351936864,LRU,0.2,1.0,12.806548138666667,4.351890773333333,7.099733333333333e-05,4.351721472,24.788440838487602,3,19.0,1.0,19.0,1.1055011106399817,1.1712539520579563
800,4.351936864,LRU,0.35,1.0,12.806597290666666,4.351841621333333,0.00013653333333333334,4.351721472,24.788152173773593,3,15.0,0.05,0.75,1.0891476725635147,1.1712516162598918
800,4.351936864,LRU,0.35,1.0,12.806597290666666,4.351841621333333,0.00013653333333333334,4.351721472,24.788152173773593,3,15.0,0.1,1.5,1.0891716114153562,1.1712516162598918
800,4.351936864,LRU,0.35,1.0,12.806597290666666,4.351841621333333,0.00013653333333333334,4.351721472,24.788152173773593,3,15.0,0.2,3.0,1.0891835812359032,1.1712516162598918
800,4.351936864,LRU,0.35,1.0,12.806597290666666,4.351841621333333,0.00013653333333333334,4.351721472,24.788152173773593,3,15.0,0.28,4.2,1.0891870012329543,1.1712516162598918
800,4.351936864,LRU,0.35,1.0,12.806597290666666,4.351841621333333,0.00013653333333333334,4.351721472,24.788152173773593,3,15.0,0.5,7.5,1.089190763254517,1.1712516162598918
800,4.351936864,LRU,0.35,1.0,12.806597290666666,4.351841621333333,0.00013653333333333334,4.351721472,24.788152173773593,3,15.0,0.75,11.25,1.0891923592715158,1.1712516162598918
800,4.351936864,LRU,0.35,1.0,12.806597290666666,4.351841621333333,0.00013653333333333334,4.351721472,24.788152173773593,3,15.0,1.0,15.0,1.0891931572817695,1.1712516162598918
800,4.351936864,LRU,0.35,1.0,12.806597290666666,4.351841621333333,0.00013653333333333334,4.351721472,24.788152173773593,3,17.7,0.05,0.885,1.1009199381050545,1.1712516162598918
800,4.351936864,LRU,0.35,1.0,12.806597290666666,4.351841621333333,0.00013653333333333334,4.351721472,24.788152173773593,3,17.7,0.1,1.77,1.1009406661279404,1.1712516162598918
800,4.351936864,LRU,0.35,1.0,12.806597290666666,4.351841621333333,0.00013653333333333334,4.351721472,24.788152173773593,3,17.7,0.2,3.54,1.100951030432085,1.1712516162598918
800,4.351936864,LRU,0.35,1.0,12.806597290666666,4.351841621333333,0.00013653333333333334,4.351721472,24.788152173773593,3,17.7,0.28,4.956,1.100953991697683,1.1712516162598918
800,4.351936864,LRU,0.35,1.0,12.806597290666666,4.351841621333333,0.00013653333333333334,4.351721472,24.788152173773593,3,17.7,0.5,8.85,1.1009572491082398,1.1712516162598918
800,4.351936864,LRU,0.35,1.0,12.806597290666666,4.351841621333333,0.00013653333333333334,4.351721472,24.788152173773593,3,17.7,0.75,13.274999999999999,1.1009586310458146,1.1712516162598918
800,4.351936864,LRU,0.35,1.0,12.806597290666666,4.351841621333333,0.00013653333333333334,4.351721472,24.788152173773593,3,17.7,1.0,17.7,1.1009593220159029,1.1712516162598918
800,4.351936864,LRU,0.35,1.0,12.806597290666666,4.351841621333333,0.00013653333333333334,4.351721472,24.788152173773593,3,19.0,0.05,0.9500000000000001,1.1054618036083128,1.1712516162598918
800,4.351936864,LRU,0.35,1.0,12.806597290666666,4.351841621333333,0.00013653333333333334,4.351721472,24.788152173773593,3,19.0,0.1,1.9000000000000001,1.1054812730288195,1.1712516162598918
800,4.351936864,LRU,0.35,1.0,12.806597290666666,4.351841621333333,0.00013653333333333334,4.351721472,24.788152173773593,3,19.0,0.2,3.8000000000000003,1.1054910079962472,1.1712516162598918
800,4.351936864,LRU,0.35,1.0,12.806597290666666,4.351841621333333,0.00013653333333333334,4.351721472,24.788152173773593,3,19.0,0.28,5.32,1.1054937894470038,1.1712516162598918
800,4.351936864,LRU,0.35,1.0,12.806597290666666,4.351841621333333,0.00013653333333333334,4.351721472,24.788152173773593,3,19.0,0.5,9.5,1.1054968490590023,1.1712516162598918
800,4.351936864,LRU,0.35,1.0,12.806597290666666,4.351841621333333,0.00013653333333333334,4.351721472,24.788152173773593,3,19.0,0.75,14.25,1.10549814708133,1.1712516162598918
800,4.351936864,LRU,0.35,1.0,12.806597290666666,4.351841621333333,0.00013653333333333334,4.351721472,24.788152173773593,3,19.0,1.0,19.0,1.105498796093637,1.1712516162598918
800,4.351936864,LRU,0.5,1.0,12.806668288,4.351770624,0.00018568533333333334,4.351721472,24.787735213631134,3,15.0,0.05,0.75,1.089128764606764,1.1712482423458015
800,4.351936864,LRU,0.5,1.0,12.806668288,4.351770624,0.00018568533333333334,4.351721472,24.787735213631134,3,15.0,0.1,1.5,1.089161320572469,1.1712482423458015
800,4.351936864,LRU,0.5,1.0,12.806668288,4.351770624,0.00018568533333333334,4.351721472,24.787735213631134,3,15.0,0.2,3.0,1.0891775992851984,1.1712482423458015
800,4.351936864,LRU,0.5,1.0,12.806668288,4.351770624,0.00018568533333333334,4.351721472,24.787735213631134,3,15.0,0.28,4.2,1.0891822504353554,1.1712482423458015
800,4.351936864,LRU,0.5,1.0,12.806668288,4.351770624,0.00018568533333333334,4.351721472,24.787735213631134,3,15.0,0.5,7.5,1.0891873667464094,1.1712482423458015
800,4.351936864,LRU,0.5,1.0,12.806668288,4.351770624,0.00018568533333333334,4.351721472,24.787735213631134,3,15.0,0.75,11.25,1.0891895373171359,1.1712482423458015
800,4.351936864,LRU,0.5,1.0,12.806668288,4.351770624,0.00018568533333333334,4.351721472,24.787735213631134,3,15.0,1.0,15.0,1.089190622605743,1.1712482423458015
800,4.351936864,LRU,0.5,1.0,12.806668288,4.351770624,0.00018568533333333334,4.351721472,24.787735213631134,3,17.7,0.05,0.885,1.1009031114109782,1.1712482423458015
800,4.351936864,LRU,0.5,1.0,12.806668288,4.351770624,0.00018568533333333334,4.351721472,24.787735213631134,3,17.7,0.1,1.77,1.100931300851441,1.1712482423458015
800,4.351936864,LRU,0.5,1.0,12.806668288,4.351770624,0.00018568533333333334,4.351721472,24.787735213631134,3,17.7,0.2,3.54,1.1009453961130378,1.1712482423458015
800,4.351936864,LRU,0.5,1.0,12.806668288,4.351770624,0.00018568533333333334,4.351721472,24.787735213631134,3,17.7,0.28,4.956,1.1009494233969295,1.1712482423458015
800,4.351936864,LRU,0.5,1.0,12.806668288,4.351770624,0.00018568533333333334,4.351721472,24.787735213631134,3,17.7,0.5,8.85,1.1009538534432408,1.1712482423458015
800,4.351936864,LRU,0.5,1.0,12.806668288,4.351770624,0.00018568533333333334,4.351721472,24.787735213631134,3,17.7,0.75,13.274999999999999,1.1009557328675983,1.1712482423458015
800,4.351936864,LRU,0.5,1.0,12.806668288,4.351770624,0.00018568533333333334,4.351721472,24.787735213631134,3,17.7,1.0,17.7,1.1009566725821835,1.1712482423458015
800,4.351936864,LRU,0.5,1.0,12.806668288,4.351770624,0.00018568533333333334,4.351721472,24.787735213631134,3,19.0,0.05,0.9500000000000001,1.1054457929574966,1.1712482423458015
800,4.351936864,LRU,0.5,1.0,12.806668288,4.351770624,0.00018568533333333334,4.351721472,24.787735213631134,3,19.0,0.1,1.9000000000000001,1.1054722707702749,1.1712482423458015
800,4.351936864,LRU,0.5,1.0,12.806668288,4.351770624,0.00018568533333333334,4.351721472,24.787735213631134,3,19.0,0.2,3.8000000000000003,1.1054855101523202,1.1712482423458015
800,4.351936864,LRU,0.5,1.0,12.806668288,4.351770624,0.00018568533333333334,4.351721472,24.787735213631134,3,19.0,0.28,5.32,1.1054892928911506,1.1712482423458015
800,4.351936864,LRU,0.5,1.0,12.806668288,4.351770624,0.00018568533333333334,4.351721472,24.787735213631134,3,19.0,0.5,9.5,1.1054934539337642,1.1712482423458015
800,4.351936864,LRU,0.5,1.0,12.806668288,4.351770624,0.00018568533333333334,4.351721472,24.787735213631134,3,19.0,0.75,14.25,1.105495219234033,1.1712482423458015
800,4.351936864,LRU,0.5,1.0,12.806668288,4.351770624,0.00018568533333333334,4.351721472,24.787735213631134,3,19.0,1.0,19.0,1.1054961018862821,1.1712482423458015
800,4.351936864,LRU,0.75,1.0,12.80671744,4.351721472,0.0003003733333333333,4.351721472,24.787446548917124,3,15.0,0.05,0.75,1.089087393211216,1.17124590657051
800,4.351936864,LRU,0.75,1.0,12.80671744,4.351721472,0.0003003733333333333,4.351721472,24.787446548917124,3,15.0,0.1,1.5,1.089140054244652,1.17124590657051
800,4.351936864,LRU,0.75,1.0,12.80671744,4.351721472,0.0003003733333333333,4.351721472,24.787446548917124,3,15.0,0.2,3.0,1.08916638667117,1.17124590657051
800,4.351936864,LRU,0.75,1.0,12.80671744,4.351721472,0.0003003733333333333,4.351721472,24.787446548917124,3,15.0,0.28,4.2,1.089173910455475,1.17124590657051
800,4.351936864,LRU,0.75,1.0,12.80671744,4.351721472,0.0003003733333333333,4.351721472,24.787446548917124,3,15.0,0.5,7.5,1.0891821867382696,1.17124590657051
800,4.351936864,LRU,0.75,1.0,12.80671744,4.351721472,0.0003003733333333333,4.351721472,24.787446548917124,3,15.0,0.75,11.25,1.089185697926545,1.17124590657051
800,4.351936864,LRU,0.75,1.0,12.80671744,4.351721472,0.0003003733333333333,4.351721472,24.787446548917124,3,15.0,1.0,15.0,1.0891874535291721,1.17124590657051
800,4.351936864,LRU,0.75,1.0,12.80671744,4.351721472,0.0003003733333333333,4.351721472,24.787446548917124,3,17.7,0.05,0.885,1.1008669737790193,1.17124590657051
800,4.351936864,LRU,0.75,1.0,12.80671744,4.351721472,0.0003003733333333333,4.351721472,24.787446548917124,3,17.7,0.1,1.77,1.1009125720718942,1.17124590657051
800,4.351936864,LRU,0.75,1.0,12.80671744,4.351721472,0.0003003733333333333,4.351721472,24.787446548917124,3,17.7,0.2,3.54,1.1009353726348838,1.17124590657051
800,4.351936864,LRU,0.75,1.0,12.80671744,4.351721472,0.0003003733333333333,4.351721472,24.787446548917124,3,17.7,0.28,4.956,1.1009418872549195,1.17124590657051
800,4.351936864,LRU,0.75,1.0,12.80671744,4.351721472,0.0003003733333333333,4.351721472,24.787446548917124,3,17.7,0.5,8.85,1.100949053426008,1.17124590657051
800,4.351936864,LRU,0.75,1.0,12.80671744,4.351721472,0.0003003733333333333,4.351721472,24.787446548917124,3,17.7,0.75,13.274999999999999,1.1009520936479877,1.17124590657051
800,4.351936864,LRU,0.75,1.0,12.80671744,4.351721472,0.0003003733333333333,4.351721472,24.787446548917124,3,17.7,1.0,17.7,1.1009536137652742,1.17124590657051
800,4.351936864,LRU,0.75,1.0,12.80671744,4.351721472,0.0003003733333333333,4.351721472,24.787446548917124,3,19.0,0.05,0.9500000000000001,1.1054117070746765,1.17124590657051
800,4.351936864,LRU,0.75,1.0,12.80671744,4.351721472,0.0003003733333333333,4.351721472,24.787446548917124,3,19.0,0.1,1.9000000000000001,1.1054545368228608,1.17124590657051
800,4.351936864,LRU,0.75,1.0,12.80671744,4.351721472,0.0003003733333333333,4.351721472,24.787446548917124,3,19.0,0.2,3.8000000000000003,1.1054759529415725,1.17124590657051
800,4.351936864,LRU,0.75,1.0,12.80671744,4.351721472,0.0003003733333333333,4.351721472,24.787446548917124,3,19.0,0.28,5.32,1.1054820719850451,1.17124590657051
800,4.351936864,LRU,0.75,1.0,12.80671744,4.351721472,0.0003003733333333333,4.351721472,24.787446548917124,3,19.0,0.5,9.5,1.1054888030111056,1.17124590657051
800,4.351936864,LRU,0.75,1.0,12.80671744,4.351721472,0.0003003733333333333,4.351721472,24.787446548917124,3,19.0,0.75,14.25,1.1054916586226826,1.17124590657051
800,4.351936864,LRU,0.75,1.0,12.80671744,4.351721472,0.0003003733333333333,4.351721472,24.787446548917124,3,19.0,1.0,19.0,1.1054930864340031,1.17124590657051
800,4.351936864,LRU,1.0,1.0,12.80671744,4.351721472,0.000458752,4.351721472,24.787446548917124,3,15.0,0.05,0.75,1.089031865274151,1.17124590657051
800,4.351936864,LRU,1.0,1.0,12.80671744,4.351721472,0.000458752,4.351721472,24.787446548917124,3,15.0,0.1,1.5,1.089112286883257,1.17124590657051
800,4.351936864,LRU,1.0,1.0,12.80671744,4.351721472,0.000458752,4.351721472,24.787446548917124,3,15.0,0.2,3.0,1.0891525021421384,1.17124590657051
800,4.351936864,LRU,1.0,1.0,12.80671744,4.351721472,0.000458752,4.351721472,24.787446548917124,3,15.0,0.28,4.2,1.0891639927615986,1.17124590657051
800,4.351936864,LRU,1.0,1.0,12.80671744,4.351721472,0.000458752,4.351721472,24.787446548917124,3,15.0,0.5,7.5,1.0891766327230417,1.17124590657051
800,4.351936864,LRU,1.0,1.0,12.80671744,4.351721472,0.000458752,4.351721472,24.787446548917124,3,15.0,0.75,11.25,1.08918199521956,1.17124590657051
800,4.351936864,LRU,1.0,1.0,12.80671744,4.351721472,0.000458752,4.351721472,24.787446548917124,3,15.0,1.0,15.0,1.089184676487621,1.17124590657051
800,4.351936864,LRU,1.0,1.0,12.80671744,4.351721472,0.000458752,4.351721472,24.787446548917124,3,17.7,0.05,0.885,1.1008188923982576,1.17124590657051
800,4.351936864,LRU,1.0,1.0,12.80671744,4.351721472,0.000458752,4.351721472,24.787446548917124,3,17.7,0.1,1.77,1.1008885288648917,1.17124590657051
800,4.351936864,LRU,1.0,1.0,12.80671744,4.351721472,0.000458752,4.351721472,24.787446548917124,3,17.7,0.2,3.54,1.100923350402152,1.17124590657051
800,4.351936864,LRU,1.0,1.0,12.80671744,4.351721472,0.000458752,4.351721472,24.787446548917124,3,17.7,0.28,4.956,1.1009332998174044,1.17124590657051
800,4.351936864,LRU,1.0,1.0,12.80671744,4.351721472,0.000458752,4.351721472,24.787446548917124,3,17.7,0.5,8.85,1.1009442443818904,1.17124590657051
800,4.351936864,LRU,1.0,1.0,12.80671744,4.351721472,0.000458752,4.351721472,24.787446548917124,3,17.7,0.75,13.274999999999999,1.1009488875962012,1.17124590657051
800,4.351936864,LRU,1.0,1.0,12.80671744,4.351721472,0.000458752,4.351721472,24.787446548917124,3,17.7,1.0,17.7,1.1009512092180436,1.17124590657051
800,4.351936864,LRU,1.0,1.0,12.80671744,4.351721472,0.000458752,4.351721472,24.787446548917124,3,19.0,0.05,0.9500000000000001,1.1053665447535304,1.17124590657051
800,4.351936864,LRU,1.0,1.0,12.80671744,4.351721472,0.000458752,4.351721472,24.787446548917124,3,19.0,0.1,1.9000000000000001,1.1054319534511048,1.17124590657051
800,4.351936864,LRU,1.0,1.0,12.80671744,4.351721472,0.000458752,4.351721472,24.787446548917124,3,19.0,0.2,3.8000000000000003,1.105464660702837,1.17124590657051
800,4.351936864,LRU,1.0,1.0,12.80671744,4.351721472,0.000458752,4.351721472,24.787446548917124,3,19.0,0.28,5.32,1.1054740059874004,1.17124590657051
800,4.351936864,LRU,1.0,1.0,12.80671744,4.351721472,0.000458752,4.351721472,24.787446548917124,3,19.0,0.5,9.5,1.1054842859829177,1.17124590657051
800,4.351936864,LRU,1.0,1.0,12.80671744,4.351721472,0.000458752,4.351721472,24.787446548917124,3,19.0,0.75,14.25,1.1054886472508985,1.17124590657051
800,4.351936864,LRU,1.0,1.0,12.80671744,4.351721472,0.000458752,4.351721472,24.787446548917124,3,19.0,1.0,19.0,1.1054908278977933,1.17124590657051
